npf,nome,nome_sessao,quarto_jg,vel_max,dist_total,sprints,zv1,zv2,zv3,zv4,zv5,dcel1,dcel2,dcel3,dcel4,acel1,acel2,acel3,acel4,fc1,fc2,fc3,fc4,fc5,trimp,temp
692169,Alexandre Paranhos,25.10.18_Corinthians,1,26.1,497,1,170,212,69,11,10,22,48,15,4,26,47,16,0,0,0,0,4,1,21,25/26
713851,Danilo Fuzaro,25.10.18_Corinthians,1,23.8,526,0,130,228,104,40,0,36,38,11,2,38,29,18,0,5,3,1,3,2,36,25/26
723563,Darrell Davis,25.10.18_Corinthians,1,26.3,717,2,142,299,164,76,16,25,50,20,4,29,39,24,0,6,0,0,0,5,32,25/26
723898,Erik McCree,25.10.18_Corinthians,1,18.9,956,0,302,468,137,11,0,61,77,18,5,43,99,17,0,1,2,2,6,2,48,25/26
713017,Fernando Fernandes,25.10.18_Corinthians,1,6.0,52,0,39,0,0,0,0,1,30,0,0,3,28,0,0,2,0,0,0,0,2,25/26
719433,Juan Arengo,25.10.18_Corinthians,1,26.3,740,1,185,271,176,71,18,36,50,20,4,30,50,21,0,0,7,1,1,5,46,25/26
712072,Lucas Rodriguez,25.10.18_Corinthians,1,26.1,781,4,194,280,176,85,21,29,55,25,9,25,61,28,1,3,1,1,3,4,39,25/26
723475,Rafael Rachel,25.10.18_Corinthians,1,17.8,332,0,125,140,51,0,0,21,31,7,2,21,34,5,0,3,8,2,1,0,29,25/26
723467,Ricardo Fischer,25.10.18_Corinthians,1,26.1,865,1,251,327,210,47,6,40,48,23,5,37,55,21,0,4,1,1,1,7,49,25/26
703342,Vinci Oliveira,25.10.18_Corinthians,1,6.6,26,0,17,2,0,0,0,1,15,1,0,1,16,1,0,2,0,0,0,0,2,25/26
703343,Winicius Braga,25.10.18_Corinthians,1,20.1,791,0,226,441,94,9,0,37,52,21,5,35,71,13,0,4,1,2,3,5,46,25/26
709501,Yuri Neptune,25.10.18_Corinthians,1,26.4,936,1,241,370,234,47,14,37,64,24,4,32,71,27,0,0,3,1,1,8,56,25/26
692169,Alexandre Paranhos,25.10.18_Corinthians,2,18.0,842,0,399,315,85,0,0,43,80,20,4,49,82,19,0,6,3,2,3,4,51,25/26
713851,Danilo Fuzaro,25.10.18_Corinthians,2,6.4,64,0,34,1,0,0,0,21,17,0,0,21,18,0,0,18,11,0,0,0,40,25/26
723563,Darrell Davis,25.10.18_Corinthians,2,26.2,584,2,232,177,65,51,19,33,51,16,3,38,46,12,0,9,12,2,3,3,66,25/26
723898,Erik McCree,25.10.18_Corinthians,2,26.0,1315,2,546,544,99,47,13,74,109,28,4,64,125,27,0,4,7,11,6,1,79,25/26
713017,Fernando Fernandes,25.10.18_Corinthians,2,27.0,1125,6,337,361,203,122,59,44,77,29,7,47,82,28,0,9,2,1,7,2,53,25/26
719433,Juan Arengo,25.10.18_Corinthians,2,26.0,897,1,372,306,121,37,8,45,88,22,4,62,86,14,0,1,12,7,6,3,82,25/26
712072,Lucas Rodriguez,25.10.18_Corinthians,2,23.2,376,0,133,126,61,27,0,30,38,5,4,27,46,5,0,21,2,1,1,2,42,25/26
723475,Rafael Rachel,25.10.18_Corinthians,2,19.2,339,0,116,119,75,4,0,19,47,6,3,25,44,8,0,19,6,2,1,0,42,25/26
723467,Ricardo Fischer,25.10.18_Corinthians,2,22.2,1047,0,399,380,188,25,0,70,78,19,3,61,72,29,0,10,4,3,6,5,76,25/26
703342,Vinci Oliveira,25.10.18_Corinthians,2,7.4,50,0,36,3,0,0,0,4,24,1,0,2,27,0,0,1,0,0,0,0,2,25/26
703343,Winicius Braga,25.10.18_Corinthians,2,18.8,649,0,252,309,58,5,0,47,53,11,2,25,68,11,0,15,4,2,4,1,54,25/26
709501,Yuri Neptune,25.10.18_Corinthians,2,26.4,1510,2,499,574,332,33,10,69,119,36,10,62,114,40,2,0,4,6,10,8,108,25/26
692169,Alexandre Paranhos,25.10.18_Corinthians,3,21.4,573,0,183,209,136,19,0,28,42,13,6,24,41,18,0,2,1,1,4,1,27,25/26
713851,Danilo Fuzaro,25.10.18_Corinthians,3,26.9,832,4,220,290,151,85,41,50,57,20,5,51,54,18,1,4,3,2,5,2,47,25/26
723563,Darrell Davis,25.10.18_Corinthians,3,26.1,681,1,174,234,168,80,5,31,42,19,7,33,36,20,1,8,1,1,1,5,41,25/26
723898,Erik McCree,25.10.18_Corinthians,3,23.6,618,0,162,290,87,59,0,35,49,12,2,29,41,16,1,8,2,2,4,1,39,25/26
713017,Fernando Fernandes,25.10.18_Corinthians,3,26.1,995,5,309,331,187,98,33,41,69,23,6,42,81,18,1,2,1,2,4,4,46,25/26
719433,Juan Arengo,25.10.18_Corinthians,3,25.5,593,1,184,205,130,46,4,26,33,16,5,23,49,13,0,4,6,1,1,5,47,25/26
712072,Lucas Rodriguez,25.10.18_Corinthians,3,4.6,22,0,15,0,0,0,0,4,9,0,0,4,9,0,0,5,0,0,0,0,6,25/26
723475,Rafael Rachel,25.10.18_Corinthians,3,25.3,760,1,241,285,134,65,5,42,52,22,6,37,71,20,0,6,1,2,5,2,44,25/26
723467,Ricardo Fischer,25.10.18_Corinthians,3,20.8,845,0,235,376,179,24,0,60,54,14,5,42,56,18,0,6,2,1,2,7,53,25/26
703342,Vinci Oliveira,25.10.18_Corinthians,3,6.5,30,0,21,2,0,0,0,2,17,2,0,1,21,0,0,1,1,1,1,1,14,25/26
703343,Winicius Braga,25.10.18_Corinthians,3,18.0,774,0,215,424,106,0,0,42,60,23,1,43,74,15,0,6,1,1,3,5,50,25/26
709501,Yuri Neptune,25.10.18_Corinthians,3,23.7,712,0,183,322,135,45,0,36,69,16,1,28,66,16,0,5,3,2,2,4,47,25/26
692169,Alexandre Paranhos,25.10.18_Corinthians,4,26.1,864,3,292,360,108,40,23,69,76,16,5,40,87,24,0,5,3,1,2,6,55,25/26
713851,Danilo Fuzaro,25.10.18_Corinthians,4,26.4,519,1,176,155,99,36,13,26,59,17,3,30,64,13,0,12,13,2,2,3,66,25/26
723563,Darrell Davis,25.10.18_Corinthians,4,24.2,1312,2,458,481,203,111,4,58,111,25,11,60,105,36,0,5,8,6,4,9,102,25/26
723898,Erik McCree,25.10.18_Corinthians,4,27.5,1240,1,584,458,93,22,20,70,112,19,5,65,118,15,1,10,10,7,4,1,70,25/26
713017,Fernando Fernandes,25.10.18_Corinthians,4,16.8,265,0,122,78,14,0,0,20,75,5,1,31,72,2,0,21,4,0,0,0,30,25/26
719433,Juan Arengo,25.10.18_Corinthians,4,25.9,1538,2,605,533,226,76,25,94,115,32,7,92,114,28,0,0,5,11,7,9,115,25/26
712072,Lucas Rodriguez,25.10.18_Corinthians,4,11.0,169,0,99,33,0,0,0,23,41,4,1,28,41,0,0,9,1,1,0,0,13,25/26
723475,Rafael Rachel,25.10.18_Corinthians,4,26.1,513,1,190,164,84,24,20,32,59,7,2,36,60,7,0,17,10,1,4,1,58,25/26
723467,Ricardo Fischer,25.10.18_Corinthians,4,22.8,1584,0,695,565,198,41,0,98,136,32,1,104,117,25,0,1,8,6,8,8,106,25/26
703342,Vinci Oliveira,25.10.18_Corinthians,4,9.6,131,0,68,39,0,0,0,13,46,5,0,14,49,1,0,3,4,3,7,6,79,25/26
703343,Winicius Braga,25.10.18_Corinthians,4,22.1,979,0,513,331,70,12,0,49,104,18,8,59,105,24,0,12,5,5,5,2,66,25/26
709501,Yuri Neptune,25.10.18_Corinthians,4,22.0,929,0,450,297,105,23,0,50,85,15,6,43,96,16,1,15,4,5,7,1,70,25/26
692169,Alexandre Paranhos,25.10.20_São José,1,25.9,886,1,293,397,120,36,6,42,66,24,4,43,73,18,0,2,2,2,6,1,42,25/26
713851,Danilo Fuzaro,25.10.20_São José,1,26.1,811,1,294,216,178,64,11,42,58,23,6,41,75,19,0,7,5,3,4,4,58,25/26
723563,Darrell Davis,25.10.20_São José,1,26.1,619,2,149,271,112,51,11,31,49,11,6,34,44,15,1,7,3,1,2,4,44,25/26
723898,Erik McCree,25.10.20_São José,1,22.7,938,0,331,446,97,26,0,47,77,20,7,43,78,22,0,7,3,4,5,2,56,25/26
713017,Fernando Fernandes,25.10.20_São José,1,5.4,59,0,49,0,0,0,0,2,24,0,0,2,24,0,0,1,0,0,0,0,1,25/26
719433,Juan Arengo,25.10.20_São José,1,26.0,1174,4,348,425,225,108,26,50,84,31,6,48,81,33,0,2,7,3,5,5,68,25/26
712072,Lucas Rodriguez,25.10.20_São José,1,25.9,630,2,188,190,125,85,10,30,47,22,8,33,52,21,0,6,2,2,2,4,41,25/26
723475,Rafael Rachel,25.10.20_São José,1,24.9,656,1,230,230,101,64,3,36,63,12,3,31,68,6,1,10,2,2,4,2,46,25/26
723467,Ricardo Fischer,25.10.20_São José,1,22.7,724,0,227,259,180,21,0,53,62,11,2,36,59,18,0,10,2,1,2,5,49,25/26
703343,Winicius Braga,25.10.20_São José,1,17.9,636,0,180,333,98,0,0,36,58,16,2,27,71,13,0,10,1,1,5,1,43,25/26
709501,Yuri Neptune,25.10.20_São José,1,22.4,1163,0,369,442,248,60,0,65,82,22,5,46,90,28,0,5,4,2,5,5,64,25/26
692169,Alexandre Paranhos,25.10.20_São José,2,25.7,612,2,173,250,116,26,21,26,50,17,4,24,59,17,0,3,2,1,3,3,35,25/26
713851,Danilo Fuzaro,25.10.20_São José,2,26.5,1039,4,324,355,203,76,27,49,94,35,5,49,93,30,2,0,6,6,5,6,79,25/26
723563,Darrell Davis,25.10.20_São José,2,5.8,55,0,38,0,0,0,0,4,31,0,0,9,26,0,0,14,0,0,0,0,14,25/26
723898,Erik McCree,25.10.20_São José,2,26.2,834,5,310,339,76,42,34,45,63,29,3,41,89,10,2,11,3,3,4,0,46,25/26
713017,Fernando Fernandes,25.10.20_São José,2,5.1,66,0,45,0,0,0,0,7,31,0,0,12,26,0,0,0,0,0,0,0,0,25/26
719433,Juan Arengo,25.10.20_São José,2,26.0,1440,3,472,540,265,98,13,59,95,37,6,60,97,39,0,0,4,4,4,11,89,25/26
712072,Lucas Rodriguez,25.10.20_São José,2,27.1,304,1,85,104,56,19,23,11,29,7,4,14,31,5,1,8,12,1,0,2,45,25/26
723475,Rafael Rachel,25.10.20_São José,2,25.7,906,1,304,349,168,39,6,46,83,17,5,37,81,25,0,6,4,3,5,4,64,25/26
723467,Ricardo Fischer,25.10.20_São José,2,25.2,1438,1,546,497,276,62,3,67,99,28,4,68,94,25,1,2,4,3,7,6,78,25/26
703343,Winicius Braga,25.10.20_São José,2,26.2,965,2,349,417,128,17,16,50,73,29,7,43,98,21,0,4,3,3,5,3,53,25/26
709501,Yuri Neptune,25.10.20_São José,2,23.6,871,0,274,291,202,60,0,46,75,18,4,49,71,25,0,9,2,2,2,8,66,25/26
692169,Alexandre Paranhos,25.10.20_São José,3,23.9,1200,0,317,562,217,57,0,56,106,24,11,68,97,35,0,3,1,1,8,6,69,25/26
713851,Danilo Fuzaro,25.10.20_São José,3,22.5,418,0,167,153,54,21,0,26,41,13,1,18,47,9,1,8,4,1,5,0,39,25/26
723563,Darrell Davis,25.10.20_São José,3,26.5,726,2,193,304,141,45,15,36,62,16,8,28,60,29,0,3,1,1,1,6,38,25/26
723898,Erik McCree,25.10.20_São José,3,26.6,1067,3,343,418,157,90,19,50,94,17,3,51,84,22,1,4,3,5,5,1,52,25/26
713017,Fernando Fernandes,25.10.20_São José,3,5.1,40,0,26,0,0,0,0,4,24,0,0,5,24,0,0,0,0,0,0,0,0,25/26
719433,Juan Arengo,25.10.20_São José,3,25.6,660,1,164,240,159,70,10,28,46,11,2,20,36,20,1,1,12,1,1,3,49,25/26
712072,Lucas Rodriguez,25.10.20_São José,3,26.1,1098,2,268,442,262,73,19,53,72,25,12,43,78,30,3,5,2,2,3,7,63,25/26
723475,Rafael Rachel,25.10.20_São José,3,19.6,530,0,200,203,80,16,0,32,72,7,1,30,66,10,0,10,3,1,4,0,38,25/26
723467,Ricardo Fischer,25.10.20_São José,3,22.4,823,0,282,285,196,26,0,40,54,15,5,42,48,20,0,5,3,1,1,2,28,25/26
703343,Winicius Braga,25.10.20_São José,3,20.1,250,0,92,99,38,5,0,12,33,8,0,16,36,3,0,4,1,1,1,0,13,25/26
709501,Yuri Neptune,25.10.20_São José,3,24.9,1042,1,279,410,274,43,5,38,84,27,1,29,79,30,0,3,2,2,5,6,64,25/26
692169,Alexandre Paranhos,25.10.20_São José,4,26.0,1454,2,441,605,230,83,15,88,121,40,8,80,152,29,0,6,5,4,8,5,86,25/26
713851,Danilo Fuzaro,25.10.20_São José,4,19.0,166,0,120,10,9,3,0,13,25,1,1,11,32,1,0,25,5,1,0,0,37,25/26
723563,Darrell Davis,25.10.20_São José,4,27.1,951,1,351,339,156,49,14,51,74,29,6,45,89,27,1,8,8,4,3,3,60,25/26
723898,Erik McCree,25.10.20_São José,4,26.2,1179,2,517,424,114,39,23,65,112,23,10,64,119,25,0,9,6,7,6,1,68,25/26
713017,Fernando Fernandes,25.10.20_São José,4,11.0,153,0,92,28,0,0,0,12,44,2,0,27,38,0,0,1,0,0,0,0,1,25/26
719433,Juan Arengo,25.10.20_São José,4,26.1,1284,2,514,439,177,64,18,66,107,27,9,70,103,29,1,0,10,6,10,6,106,25/26
712072,Lucas Rodriguez,25.10.20_São José,4,21.4,311,0,87,92,91,15,0,27,31,8,1,30,35,5,0,25,3,1,2,1,45,25/26
723475,Rafael Rachel,25.10.20_São José,4,23.2,725,0,266,270,90,60,0,53,67,17,3,43,74,16,0,18,5,2,6,1,60,25/26
723467,Ricardo Fischer,25.10.20_São José,4,25.5,1290,1,642,364,146,55,6,88,105,27,7,82,106,27,0,6,7,5,5,6,83,25/26
703343,Winicius Braga,25.10.20_São José,4,4.8,42,0,28,0,0,0,0,6,23,0,0,7,23,0,0,1,0,0,0,0,1,25/26
709501,Yuri Neptune,25.10.20_São José,4,24.5,1718,1,572,695,309,72,2,101,121,32,6,91,124,35,0,3,7,7,9,8,108,25/26
692169,Alexandre Paranhos,25.10.23_Mogi,1,26.0,922,2,213,407,174,80,16,51,76,18,5,40,73,30,0,6,1,2,6,5,61,25/26
713851,Danilo Fuzaro,25.10.23_Mogi,1,25.0,498,1,187,164,84,21,3,37,52,19,0,31,59,13,0,9,5,2,5,1,48,25/26
723563,Darrell Davis,25.10.23_Mogi,1,26.1,1112,3,299,412,241,111,17,34,76,26,6,34,71,34,0,0,6,3,2,10,76,25/26
723898,Erik McCree,25.10.23_Mogi,1,24.8,903,1,241,400,187,33,3,54,69,21,7,40,66,29,1,6,3,2,6,5,64,25/26
713017,Fernando Fernandes,25.10.23_Mogi,1,7.6,48,0,35,3,0,0,0,0,23,0,0,3,22,0,0,1,0,0,0,0,1,25/26
719433,Juan Arengo,25.10.23_Mogi,1,26.7,996,1,336,372,175,65,10,43,67,28,5,47,72,25,1,0,8,3,4,7,73,25/26
712072,Lucas Rodriguez,25.10.23_Mogi,1,26.0,378,2,120,133,76,25,7,16,24,11,5,25,26,12,1,5,1,1,3,0,24,25/26
723475,Rafael Rachel,25.10.23_Mogi,1,26.0,603,1,241,223,65,36,8,36,70,12,1,28,76,10,1,4,6,4,5,0,47,25/26
723467,Ricardo Fischer,25.10.23_Mogi,1,22.8,570,0,221,204,73,45,0,28,56,7,5,31,50,12,1,4,2,2,3,2,36,25/26
703342,Vinci Oliveira,25.10.23_Mogi,1,0.0,0,0,0,0,0,0,0,0,0,0,0,0,0,0,0,0,0,0,0,0,0,25/26
703343,Winicius Braga,25.10.23_Mogi,1,24.0,521,0,196,237,56,13,0,21,43,14,3,28,43,12,0,2,1,2,4,0,28,25/26
709501,Yuri Neptune,25.10.23_Mogi,1,26.3,1183,2,327,421,286,83,17,43,103,26,9,35,100,37,0,0,4,3,6,8,80,25/26
692169,Alexandre Paranhos,25.10.23_Mogi,2,21.4,367,0,156,126,47,14,0,22,43,7,1,25,40,8,0,4,1,1,2,0,20,25/26
713851,Danilo Fuzaro,25.10.23_Mogi,2,28.8,593,1,216,202,106,27,14,29,57,14,3,28,53,17,1,5,10,1,3,3,56,25/26
723563,Darrell Davis,25.10.23_Mogi,2,22.7,872,0,257,363,178,40,0,35,76,17,5,46,59,25,0,7,5,1,1,7,63,25/26
723898,Erik McCree,25.10.23_Mogi,2,27.7,1235,3,381,544,159,82,24,59,95,22,5,58,92,24,1,3,6,3,6,4,69,25/26
713017,Fernando Fernandes,25.10.23_Mogi,2,7.5,76,0,53,3,0,0,0,9,25,1,0,8,27,0,0,1,0,0,0,0,1,25/26
719433,Juan Arengo,25.10.23_Mogi,2,26.0,1183,2,393,487,187,47,17,66,92,30,7,66,92,36,0,0,3,6,5,8,85,25/26
712072,Lucas Rodriguez,25.10.23_Mogi,2,5.7,22,0,12,0,0,0,0,6,14,0,0,5,15,0,0,12,0,0,0,0,12,25/26
723475,Rafael Rachel,25.10.23_Mogi,2,22.0,719,0,199,331,147,14,0,41,61,12,3,33,68,15,1,7,5,3,5,3,58,25/26
723467,Ricardo Fischer,25.10.23_Mogi,2,23.8,759,0,258,276,150,43,0,36,56,20,4,38,52,22,0,10,3,2,2,6,59,25/26
703342,Vinci Oliveira,25.10.23_Mogi,2,0.0,0,0,0,0,0,0,0,0,0,0,0,0,0,0,0,0,0,0,0,0,0,25/26
703343,Winicius Braga,25.10.23_Mogi,2,21.0,1129,0,407,523,138,23,0,55,84,25,2,60,99,17,0,6,4,2,6,4,64,25/26
709501,Yuri Neptune,25.10.23_Mogi,2,26.0,862,3,242,309,197,52,22,41,73,18,3,37,78,18,1,7,4,3,6,2,59,25/26
692169,Alexandre Paranhos,25.10.23_Mogi,3,21.6,988,0,287,473,160,27,0,55,79,26,2,42,87,23,1,2,1,2,4,7,61,25/26
713851,Danilo Fuzaro,25.10.23_Mogi,3,27.6,775,2,230,278,157,48,20,34,67,27,6,37,64,24,1,4,3,2,3,5,53,25/26
723563,Darrell Davis,25.10.23_Mogi,3,25.3,895,1,197,354,224,84,3,42,67,29,6,44,68,26,0,0,4,2,2,9,66,25/26
723898,Erik McCree,25.10.23_Mogi,3,23.9,833,0,281,369,119,24,0,44,61,26,3,53,69,22,0,4,1,6,5,1,51,25/26
713017,Fernando Fernandes,25.10.23_Mogi,3,7.3,37,0,22,3,0,0,0,5,19,2,0,6,21,0,0,0,0,0,0,0,0,25/26
719433,Juan Arengo,25.10.23_Mogi,3,18.7,598,0,202,250,105,5,0,34,63,20,0,40,62,17,0,4,5,1,1,6,47,25/26
712072,Lucas Rodriguez,25.10.23_Mogi,3,26.2,247,1,100,56,31,25,19,9,26,6,2,12,24,7,1,3,1,1,1,0,13,25/26
723475,Rafael Rachel,25.10.23_Mogi,3,23.3,481,0,156,195,70,42,0,23,38,17,0,29,36,15,0,9,3,1,4,0,34,25/26
723467,Ricardo Fischer,25.10.23_Mogi,3,24.9,584,1,207,223,94,30,8,27,46,14,5,29,48,17,0,8,1,0,2,4,39,25/26
703342,Vinci Oliveira,25.10.23_Mogi,3,6.5,29,0,19,1,0,0,0,3,17,1,0,1,20,0,0,1,0,0,0,0,1,25/26
703343,Winicius Braga,25.10.23_Mogi,3,25.9,352,1,116,156,47,14,6,24,25,11,0,20,29,10,0,1,0,1,2,0,15,25/26
709501,Yuri Neptune,25.10.23_Mogi,3,27.6,1208,3,340,421,301,61,33,45,93,44,6,44,109,33,0,0,2,2,6,7,69,25/26
692169,Alexandre Paranhos,25.10.23_Mogi,4,21.8,1135,0,472,445,127,31,0,67,113,27,5,57,129,28,0,7,4,1,5,6,71,25/26
713851,Danilo Fuzaro,25.10.23_Mogi,4,22.5,203,0,124,30,8,11,0,11,34,4,2,17,33,2,1,24,6,1,0,0,40,25/26
723563,Darrell Davis,25.10.23_Mogi,4,21.1,942,0,430,326,116,14,0,50,92,21,2,76,78,21,0,1,16,5,2,8,93,25/26
723898,Erik McCree,25.10.23_Mogi,4,25.8,1202,1,540,449,95,49,4,67,116,21,9,71,112,23,1,10,8,9,4,0,67,25/26
713017,Fernando Fernandes,25.10.23_Mogi,4,6.4,77,0,53,1,0,0,0,10,32,0,0,13,30,1,0,0,0,0,0,0,1,25/26
719433,Juan Arengo,25.10.23_Mogi,4,26.1,1817,3,766,635,234,59,24,110,145,33,7,104,141,32,1,0,6,7,5,13,120,25/26
712072,Lucas Rodriguez,25.10.23_Mogi,4,25.9,476,1,154,153,94,33,13,28,45,10,2,25,46,10,0,12,1,1,2,1,33,25/26
723475,Rafael Rachel,25.10.23_Mogi,4,18.8,660,0,225,264,124,10,0,42,71,12,0,40,69,10,0,18,7,3,2,1,51,25/26
723467,Ricardo Fischer,25.10.23_Mogi,4,21.3,1159,0,545,328,183,39,0,73,96,28,7,84,90,29,0,9,8,3,4,8,88,25/26
703342,Vinci Oliveira,25.10.23_Mogi,4,6.7,57,0,36,3,0,0,0,7,31,0,0,7,31,0,0,1,0,0,0,0,1,25/26
703343,Winicius Braga,25.10.23_Mogi,4,19.8,420,0,139,207,44,4,0,22,49,9,2,28,45,8,0,10,1,2,2,1,31,25/26
709501,Yuri Neptune,25.10.23_Mogi,4,26.1,936,3,351,307,138,65,23,43,83,25,4,43,83,26,0,13,4,3,7,1,65,25/26
692169,Alexandre Paranhos,25.10.27_Pato,1,24.0,808,0,210,374,147,43,0,36,59,18,6,40,61,23,0,1,2,1,6,3,46,25/26
713851,Danilo Fuzaro,25.10.27_Pato,1,27.9,904,7,258,308,167,90,46,46,66,23,7,33,68,23,1,1,7,2,2,8,69,25/26
723563,Darrell Davis,25.10.27_Pato,1,26.0,824,3,214,277,152,131,22,32,74,14,4,40,53,23,0,0,8,3,1,8,69,25/26
723898,Erik McCree,25.10.27_Pato,1,22.1,494,0,222,201,34,7,0,31,52,16,2,33,56,12,0,4,3,3,2,1,32,25/26
723896,Jordan Williams,25.10.27_Pato,1,20.4,455,0,213,178,36,11,0,24,30,13,1,19,40,8,0,2,1,1,4,0,23,25/26
719433,Juan Arengo,25.10.27_Pato,1,25.8,823,2,255,318,144,62,11,44,52,22,7,55,65,17,0,7,0,1,3,5,48,25/26
712072,Lucas Rodriguez,25.10.27_Pato,1,5.1,20,0,12,0,0,0,0,2,13,0,0,5,10,0,0,6,0,0,0,0,6,25/26
723475,Rafael Rachel,25.10.27_Pato,1,26.2,1115,2,302,430,251,74,23,49,97,21,4,43,90,29,0,4,4,2,7,4,64,25/26
723467,Ricardo Fischer,25.10.27_Pato,1,22.6,828,0,343,278,130,31,0,47,68,16,4,58,63,22,0,2,2,2,3,3,43,25/26
703343,Winicius Braga,25.10.27_Pato,1,24.8,699,1,245,299,107,14,4,33,63,16,7,34,66,17,0,0,1,2,5,1,33,25/26
709501,Yuri Neptune,25.10.27_Pato,1,26.0,1139,2,320,420,259,67,31,61,79,25,7,46,96,23,0,3,2,3,7,6,70,25/26
692169,Alexandre Paranhos,25.10.27_Pato,2,24.1,1258,1,525,437,154,73,2,60,115,35,3,74,133,23,0,4,3,5,8,3,70,25/26
713851,Danilo Fuzaro,25.10.27_Pato,2,27.6,905,2,400,243,145,39,12,44,95,23,5,52,90,22,1,2,12,3,6,3,75,25/26
723563,Darrell Davis,25.10.27_Pato,2,26.7,1298,2,462,380,242,114,36,55,100,35,9,82,90,32,1,1,7,4,5,10,96,25/26
723898,Erik McCree,25.10.27_Pato,2,25.9,1200,1,534,432,131,36,6,66,111,29,3,69,119,26,0,6,6,8,6,1,67,25/26
723896,Jordan Williams,25.10.27_Pato,2,20.8,236,0,88,82,33,21,0,12,20,7,2,11,22,6,0,6,2,1,2,1,25,25/26
719433,Juan Arengo,25.10.27_Pato,2,26.5,974,1,388,294,179,37,18,67,77,29,8,58,94,28,0,6,6,3,6,5,76,25/26
712072,Lucas Rodriguez,25.10.27_Pato,2,6.5,18,0,7,1,0,0,0,7,8,0,0,5,11,0,0,2,0,0,0,0,2,25/26
723475,Rafael Rachel,25.10.27_Pato,2,23.8,416,0,197,105,64,17,0,21,56,7,0,25,49,9,0,7,13,3,2,0,55,25/26
723467,Ricardo Fischer,25.10.27_Pato,2,26.0,624,4,199,197,114,72,17,23,34,12,4,28,34,18,0,17,1,1,2,4,49,25/26
703343,Winicius Braga,25.10.27_Pato,2,19.7,286,0,81,134,50,11,0,23,21,5,4,16,25,8,0,12,1,1,2,1,28,25/26
709501,Yuri Neptune,25.10.27_Pato,2,23.3,1218,0,455,399,259,48,0,59,104,23,4,46,110,24,0,6,4,5,9,3,77,25/26
692169,Alexandre Paranhos,25.10.27_Pato,3,25.5,1030,1,409,412,132,29,5,47,85,26,4,43,90,27,0,3,1,1,4,8,63,25/26
713851,Danilo Fuzaro,25.10.27_Pato,3,25.6,682,1,227,256,126,36,5,36,51,20,6,37,55,18,0,11,2,1,2,6,60,25/26
723563,Darrell Davis,25.10.27_Pato,3,24.8,755,1,232,303,121,71,3,43,50,20,2,38,55,21,0,6,6,1,1,8,67,25/26
723898,Erik McCree,25.10.27_Pato,3,26.0,1125,3,428,447,105,70,20,55,100,23,4,50,121,18,0,5,2,7,8,0,62,25/26
723896,Jordan Williams,25.10.27_Pato,3,19.1,790,0,359,288,88,5,0,48,72,19,4,39,73,19,0,2,2,5,5,0,43,25/26
719433,Juan Arengo,25.10.27_Pato,3,26.2,1022,2,365,372,184,48,13,51,80,25,11,43,72,37,0,3,7,0,5,8,76,25/26
712072,Lucas Rodriguez,25.10.27_Pato,3,8.4,10,0,5,2,0,0,0,4,3,1,0,3,5,0,0,3,0,0,0,0,3,25/26
723475,Rafael Rachel,25.10.27_Pato,3,24.9,452,1,141,212,64,11,2,28,48,11,0,26,52,10,0,11,6,1,5,0,47,25/26
723467,Ricardo Fischer,25.10.27_Pato,3,24.5,907,1,369,322,146,13,3,55,74,18,3,59,72,21,0,5,2,3,5,5,59,25/26
703343,Winicius Braga,25.10.27_Pato,3,25.3,651,1,210,265,112,27,7,30,62,8,6,31,62,16,0,1,1,2,5,1,38,25/26
709501,Yuri Neptune,25.10.27_Pato,3,25.9,748,2,262,202,155,70,19,35,66,19,7,31,63,27,0,8,1,1,4,4,49,25/26
692169,Alexandre Paranhos,25.10.27_Pato,4,21.3,1436,0,586,592,153,21,0,90,122,37,4,73,143,29,0,5,6,4,6,10,104,25/26
713851,Danilo Fuzaro,25.10.27_Pato,4,26.1,995,2,448,303,113,57,8,56,89,21,8,63,85,30,0,5,12,4,4,6,89,25/26
723563,Darrell Davis,25.10.27_Pato,4,27.3,825,3,244,268,164,71,33,43,68,25,4,52,52,26,0,12,10,1,0,8,76,25/26
723898,Erik McCree,25.10.27_Pato,4,22.2,571,0,300,197,24,5,0,33,67,9,1,42,69,3,0,16,5,3,1,0,40,25/26
723896,Jordan Williams,25.10.27_Pato,4,22.1,474,0,243,129,56,11,0,21,49,9,1,30,42,7,0,8,7,3,2,0,44,25/26
719433,Juan Arengo,25.10.27_Pato,4,25.1,1283,1,492,410,220,90,3,88,107,22,6,74,100,30,1,2,11,7,6,6,96,25/26
712072,Lucas Rodriguez,25.10.27_Pato,4,7.3,78,0,51,16,0,0,0,7,11,2,0,13,10,0,0,3,0,0,0,1,8,25/26
723475,Rafael Rachel,25.10.27_Pato,4,26.0,1236,2,415,437,229,77,24,60,101,27,7,60,103,34,0,2,13,3,6,6,95,25/26
723467,Ricardo Fischer,25.10.27_Pato,4,25.3,1245,2,480,407,237,49,5,73,96,18,6,70,95,24,0,3,10,5,5,4,83,25/26
703343,Winicius Braga,25.10.27_Pato,4,5.6,53,0,44,0,0,0,0,4,16,0,0,4,17,0,0,7,0,0,0,0,7,25/26
709501,Yuri Neptune,25.10.27_Pato,4,25.9,509,2,214,134,70,42,11,25,64,9,2,32,56,8,0,21,2,1,1,3,46,25/26
692169,Alexandre Paranhos,25.11.01_Cruzeiro,1,21.7,704,0,213,324,108,22,0,41,65,23,2,40,75,18,1,4,2,2,5,2,40,25/26
713851,Danilo Fuzaro,25.11.01_Cruzeiro,1,26.0,655,1,223,239,129,17,10,41,60,22,4,44,60,19,0,5,5,2,2,3,45,25/26
723563,Darrell Davis,25.11.01_Cruzeiro,1,24.9,948,2,227,371,189,119,7,42,70,30,5,37,67,38,0,0,7,2,2,10,79,25/26
723898,Erik McCree,25.11.01_Cruzeiro,1,22.4,1022,0,320,487,133,44,0,51,75,20,3,58,76,21,0,4,3,4,4,2,45,25/26
713017,Fernando Fernandes,25.11.01_Cruzeiro,1,6.0,42,0,28,0,0,0,0,5,25,0,0,7,23,0,0,2,0,0,0,0,2,25/26
723896,Jordan Williams,25.11.01_Cruzeiro,1,23.3,663,0,193,278,145,23,0,32,50,14,3,29,53,16,0,8,4,2,3,5,58,25/26
719433,Juan Arengo,25.11.01_Cruzeiro,1,26.3,1214,1,452,404,206,82,21,55,88,21,9,73,77,31,0,2,4,3,7,6,75,25/26
712072,Lucas Rodriguez,25.11.01_Cruzeiro,1,27.3,985,4,267,335,211,80,51,48,71,23,9,40,85,29,1,6,1,1,4,4,51,25/26
723475,Rafael Rachel,25.11.01_Cruzeiro,1,24.2,592,1,151,237,131,47,1,35,57,14,2,29,54,14,0,8,7,2,3,2,49,25/26
703342,Vinci Oliveira,25.11.01_Cruzeiro,1,7.0,48,0,35,2,0,0,0,1,24,1,0,5,22,1,0,3,0,0,0,0,3,25/26
703343,Winicius Braga,25.11.01_Cruzeiro,1,25.6,900,1,282,405,130,50,10,41,60,17,2,41,62,16,0,4,3,3,3,3,47,25/26
709501,Yuri Neptune,25.11.01_Cruzeiro,1,26.2,802,1,230,289,178,58,15,50,71,15,2,44,69,19,0,3,1,2,5,2,41,25/26
692169,Alexandre Paranhos,25.11.01_Cruzeiro,2,24.8,744,1,256,313,89,52,3,37,55,18,4,29,61,23,0,2,3,1,4,4,47,25/26
713851,Danilo Fuzaro,25.11.01_Cruzeiro,2,24.3,883,1,325,274,178,54,2,53,67,26,8,55,59,30,0,1,11,4,6,4,76,25/26
723563,Darrell Davis,25.11.01_Cruzeiro,2,25.9,793,2,269,282,134,63,13,28,68,17,6,34,57,23,0,2,10,4,2,7,77,25/26
723898,Erik McCree,25.11.01_Cruzeiro,2,22.6,1215,0,390,581,148,45,0,72,96,21,4,67,98,26,0,3,7,6,3,1,52,25/26
713017,Fernando Fernandes,25.11.01_Cruzeiro,2,5.3,88,0,66,0,0,0,0,8,34,0,0,7,36,0,0,0,0,0,0,0,0,25/26
723896,Jordan Williams,25.11.01_Cruzeiro,2,22.6,1270,0,452,528,196,43,0,54,82,33,5,47,89,28,1,3,3,4,8,7,87,25/26
719433,Juan Arengo,25.11.01_Cruzeiro,2,26.7,992,1,377,350,169,27,19,67,83,17,5,52,66,28,0,4,8,3,3,7,75,25/26
712072,Lucas Rodriguez,25.11.01_Cruzeiro,2,26.9,1212,5,319,484,257,68,43,53,73,31,15,57,83,27,3,3,7,4,4,7,81,25/26
723475,Rafael Rachel,25.11.01_Cruzeiro,2,25.1,577,1,184,194,133,37,10,19,45,17,2,23,44,14,0,1,16,3,4,1,64,25/26
703342,Vinci Oliveira,25.11.01_Cruzeiro,2,7.1,71,0,53,3,0,0,0,6,26,3,0,10,27,0,0,2,0,0,0,0,2,25/26
703343,Winicius Braga,25.11.01_Cruzeiro,2,23.4,790,0,316,327,94,19,0,49,75,12,2,34,84,11,0,9,5,3,5,2,57,25/26
709501,Yuri Neptune,25.11.01_Cruzeiro,2,20.8,453,0,192,163,62,7,0,24,55,10,1,30,51,7,0,16,3,2,2,1,40,25/26
692169,Alexandre Paranhos,25.11.01_Cruzeiro,3,26.2,989,2,370,384,101,68,18,53,85,25,4,59,90,22,0,2,3,2,5,6,66,25/26
713851,Danilo Fuzaro,25.11.01_Cruzeiro,3,26.0,736,1,304,249,100,19,7,43,85,14,5,55,77,16,0,2,10,4,5,4,71,25/26
723563,Darrell Davis,25.11.01_Cruzeiro,3,26.1,1728,1,497,696,319,139,16,78,109,44,7,80,115,44,0,0,0,1,4,19,114,25/26
723898,Erik McCree,25.11.01_Cruzeiro,3,26.4,1105,1,348,499,148,52,12,56,87,28,6,59,100,24,1,3,6,7,6,1,60,25/26
713017,Fernando Fernandes,25.11.01_Cruzeiro,3,5.3,45,0,25,0,0,0,0,9,23,0,0,14,19,0,0,0,0,0,0,0,0,25/26
723896,Jordan Williams,25.11.01_Cruzeiro,3,26.7,830,2,341,266,132,20,32,39,60,20,5,36,70,16,1,6,2,2,3,7,62,25/26
719433,Juan Arengo,25.11.01_Cruzeiro,3,26.0,1164,3,406,368,243,81,20,59,85,26,11,44,78,35,0,0,6,4,4,10,92,25/26
712072,Lucas Rodriguez,25.11.01_Cruzeiro,3,21.0,132,0,74,22,14,4,0,8,24,3,2,19,21,2,0,19,5,0,0,0,29,25/26
723475,Rafael Rachel,25.11.01_Cruzeiro,3,25.9,535,1,234,161,85,22,10,30,48,7,4,21,53,10,0,5,12,3,4,1,57,25/26
703342,Vinci Oliveira,25.11.01_Cruzeiro,3,6.5,42,0,30,2,0,0,0,4,19,1,0,5,20,0,0,0,0,0,0,0,0,25/26
703343,Winicius Braga,25.11.01_Cruzeiro,3,18.6,584,0,223,260,72,4,0,35,58,16,0,33,59,13,0,4,1,1,3,2,34,25/26
709501,Yuri Neptune,25.11.01_Cruzeiro,3,26.6,628,1,246,230,93,10,14,33,59,12,4,35,62,11,0,2,2,2,4,0,27,25/26
692169,Alexandre Paranhos,25.11.01_Cruzeiro,4,18.4,393,0,163,158,37,5,0,30,36,7,2,28,37,8,0,4,1,1,2,1,22,25/26
713851,Danilo Fuzaro,25.11.01_Cruzeiro,4,25.8,1162,1,580,333,134,35,6,57,109,30,1,65,106,22,0,4,13,7,8,2,94,25/26
723563,Darrell Davis,25.11.01_Cruzeiro,4,26.3,1580,4,666,529,215,72,27,79,123,43,9,73,129,39,1,0,6,6,7,16,138,25/26
723898,Erik McCree,25.11.01_Cruzeiro,4,27.6,1689,4,703,620,183,50,61,79,122,39,9,71,137,29,2,3,13,7,6,1,80,25/26
713017,Fernando Fernandes,25.11.01_Cruzeiro,4,7.0,71,0,42,4,0,0,0,15,28,0,0,18,27,0,0,0,0,0,0,0,0,25/26
723896,Jordan Williams,25.11.01_Cruzeiro,4,23.9,1126,0,512,384,115,50,0,58,95,17,10,65,93,26,0,10,6,5,3,4,71,25/26
719433,Juan Arengo,25.11.01_Cruzeiro,4,27.6,1170,3,429,394,206,60,23,63,81,29,6,60,76,32,0,6,11,6,3,9,101,25/26
712072,Lucas Rodriguez,25.11.01_Cruzeiro,4,25.2,279,1,104,86,44,18,3,22,37,10,1,23,42,3,1,22,4,1,2,0,43,25/26
723475,Rafael Rachel,25.11.01_Cruzeiro,4,25.2,262,1,147,76,9,5,2,14,44,3,2,19,43,4,0,19,13,1,1,0,55,25/26
703342,Vinci Oliveira,25.11.01_Cruzeiro,4,6.0,61,0,41,0,0,0,0,6,35,0,0,6,36,0,0,1,0,0,0,0,1,25/26
703343,Winicius Braga,25.11.01_Cruzeiro,4,22.5,1531,0,714,526,205,24,0,68,116,31,7,56,130,30,0,7,10,5,8,5,99,25/26
709501,Yuri Neptune,25.11.01_Cruzeiro,4,17.8,310,0,156,87,39,0,0,15,51,7,0,27,42,7,0,7,5,7,5,1,63,25/26
692169,Alexandre Paranhos,25.11.04_Franca,1,23.8,922,0,280,389,174,48,0,51,72,14,2,31,68,22,0,3,1,1,5,3,45,25/26
713851,Danilo Fuzaro,25.11.04_Franca,1,20.5,542,0,249,176,72,7,0,38,58,14,2,35,66,10,0,10,5,2,3,1,42,25/26
723563,Darrell Davis,25.11.04_Franca,1,23.5,1320,0,333,513,343,92,0,37,89,36,6,59,85,35,0,0,5,3,3,11,85,25/26
723898,Erik McCree,25.11.04_Franca,1,25.4,1138,3,388,486,152,52,10,56,87,24,8,50,93,29,1,4,3,5,9,0,63,25/26
713017,Fernando Fernandes,25.11.04_Franca,1,7.2,128,0,91,11,0,0,0,15,37,0,0,16,34,1,0,2,3,2,4,4,48,25/26
723896,Jordan Williams,25.11.04_Franca,1,18.7,912,0,344,403,104,12,0,54,85,18,3,52,83,23,0,6,3,3,4,4,60,25/26
719433,Juan Arengo,25.11.04_Franca,1,24.4,1116,1,290,472,245,56,7,65,80,26,5,64,80,24,0,6,4,1,4,7,67,25/26
712072,Lucas Rodriguez,25.11.04_Franca,1,8.8,111,0,83,5,0,0,0,3,42,2,0,7,43,0,0,13,2,0,0,0,17,25/26
723475,Rafael Rachel,25.11.04_Franca,1,24.9,480,2,158,168,93,31,5,28,49,11,1,20,51,12,0,12,4,1,4,1,41,25/26
723467,Ricardo Fischer,25.11.04_Franca,1,25.2,539,1,248,152,70,25,3,40,62,9,1,34,66,9,0,10,3,2,3,2,44,25/26
703343,Winicius Braga,25.11.04_Franca,1,18.8,693,0,279,295,81,4,0,34,74,18,1,35,83,13,0,4,0,2,5,2,38,25/26
709501,Yuri Neptune,25.11.04_Franca,1,21.7,563,0,242,192,76,21,0,30,64,12,1,30,68,7,0,4,2,2,2,2,28,25/26
692169,Alexandre Paranhos,25.11.04_Franca,2,26.2,1270,1,445,474,185,98,13,58,104,22,5,69,103,31,0,6,4,3,5,5,71,25/26
713851,Danilo Fuzaro,25.11.04_Franca,2,26.2,351,1,123,101,84,10,5,19,46,4,1,20,38,6,1,21,3,1,2,1,45,25/26
723563,Darrell Davis,25.11.04_Franca,2,20.0,312,0,110,121,54,7,0,13,32,9,1,16,34,8,0,16,9,2,2,0,51,25/26
723898,Erik McCree,25.11.04_Franca,2,26.3,1184,2,422,514,124,57,14,66,92,26,8,66,101,26,1,10,6,8,6,0,68,25/26
713017,Fernando Fernandes,25.11.04_Franca,2,5.8,49,0,31,0,0,0,0,11,22,0,0,12,21,0,0,2,1,1,1,0,8,25/26
723896,Jordan Williams,25.11.04_Franca,2,22.2,1035,0,423,419,127,13,0,60,93,25,5,44,100,23,0,7,6,4,8,3,76,25/26
719433,Juan Arengo,25.11.04_Franca,2,26.2,1499,2,510,605,218,82,20,101,105,30,5,100,101,29,0,1,7,8,6,9,107,25/26
712072,Lucas Rodriguez,25.11.04_Franca,2,27.8,673,3,241,210,98,46,41,37,69,8,4,50,65,10,1,10,4,2,2,1,39,25/26
723475,Rafael Rachel,25.11.04_Franca,2,26.0,618,1,215,193,107,56,18,25,50,13,4,28,58,11,0,11,14,1,3,1,62,25/26
723467,Ricardo Fischer,25.11.04_Franca,2,20.4,1224,0,466,388,290,19,0,61,96,16,1,73,77,23,0,9,7,3,3,9,88,25/26
703343,Winicius Braga,25.11.04_Franca,2,20.7,470,0,164,197,82,8,0,27,41,8,2,24,50,5,0,17,1,1,2,3,47,25/26
709501,Yuri Neptune,25.11.04_Franca,2,23.0,634,0,199,220,136,45,0,43,55,8,6,36,56,13,0,6,2,3,3,0,30,25/26
692169,Alexandre Paranhos,25.11.04_Franca,3,23.1,393,0,110,197,58,11,0,23,37,9,1,13,44,8,0,0,1,1,2,1,21,25/26
713851,Danilo Fuzaro,25.11.04_Franca,3,26.6,879,1,248,354,185,52,11,37,67,20,4,36,59,25,1,6,1,1,5,4,52,25/26
723563,Darrell Davis,25.11.04_Franca,3,22.0,655,0,129,269,174,65,0,28,45,20,3,30,45,16,0,4,5,1,2,4,48,25/26
723898,Erik McCree,25.11.04_Franca,3,26.0,1256,3,349,554,208,82,23,63,82,29,4,58,80,29,0,1,3,3,9,1,58,25/26
713017,Fernando Fernandes,25.11.04_Franca,3,12.7,80,0,41,21,4,0,0,10,22,0,0,8,22,0,0,0,0,0,0,0,0,25/26
723896,Jordan Williams,25.11.04_Franca,3,23.9,984,0,359,413,139,33,0,52,78,22,9,48,88,24,0,1,1,2,6,6,65,25/26
719433,Juan Arengo,25.11.04_Franca,3,22.3,1076,0,341,483,180,36,0,74,76,20,4,53,70,23,0,1,5,1,2,8,63,25/26
712072,Lucas Rodriguez,25.11.04_Franca,3,26.6,223,1,92,60,18,8,23,15,40,6,1,17,40,2,1,9,3,0,0,0,17,25/26
723475,Rafael Rachel,25.11.04_Franca,3,20.7,274,0,112,96,41,11,0,13,30,7,0,9,31,7,0,12,2,1,2,0,27,25/26
723467,Ricardo Fischer,25.11.04_Franca,3,23.3,420,0,143,148,84,21,0,24,32,11,3,32,30,8,0,7,4,1,2,2,38,25/26
703343,Winicius Braga,25.11.04_Franca,3,21.5,1066,0,410,453,156,14,0,50,80,22,6,38,82,29,0,1,0,1,4,6,55,25/26
709501,Yuri Neptune,25.11.04_Franca,3,22.4,371,0,144,105,78,23,0,19,39,6,0,17,39,6,0,3,1,2,2,0,17,25/26
692169,Alexandre Paranhos,25.11.04_Franca,4,16.4,444,0,202,187,29,0,0,33,41,8,0,27,52,5,0,1,1,2,3,0,20,25/26
713851,Danilo Fuzaro,25.11.04_Franca,4,26.2,501,2,199,173,62,18,21,38,35,10,3,36,40,9,0,6,11,3,2,3,60,25/26
723563,Darrell Davis,25.11.04_Franca,4,6.0,45,0,33,0,0,0,0,4,16,0,0,7,14,0,0,20,0,0,0,0,21,25/26
723898,Erik McCree,25.11.04_Franca,4,25.8,1235,2,505,519,119,31,8,68,107,24,4,70,94,25,0,8,6,6,5,0,59,25/26
713017,Fernando Fernandes,25.11.04_Franca,4,5.3,62,0,45,0,0,0,0,11,21,0,0,10,22,0,0,1,0,0,0,0,1,25/26
723896,Jordan Williams,25.11.04_Franca,4,21.4,1122,0,530,437,88,9,0,72,107,18,5,68,112,17,0,5,4,5,7,3,73,25/26
719433,Juan Arengo,25.11.04_Franca,4,23.0,692,0,285,244,90,27,0,45,64,19,6,36,72,17,0,5,10,2,2,6,69,25/26
712072,Lucas Rodriguez,25.11.04_Franca,4,26.8,1158,3,368,440,192,65,41,65,99,28,4,69,97,24,1,9,4,3,4,5,69,25/26
723475,Rafael Rachel,25.11.04_Franca,4,25.4,596,1,194,232,111,25,5,32,61,13,1,37,56,10,0,14,4,2,4,1,50,25/26
723467,Ricardo Fischer,25.11.04_Franca,4,16.8,334,0,151,119,44,0,0,30,20,4,1,29,24,1,0,15,6,1,1,2,44,25/26
703343,Winicius Braga,25.11.04_Franca,4,24.7,1048,1,443,432,109,10,3,63,94,24,6,65,112,16,0,2,4,5,5,5,71,25/26
709501,Yuri Neptune,25.11.04_Franca,4,24.3,1251,1,504,436,203,51,3,67,106,21,5,66,95,30,0,6,3,2,7,6,80,25/26
692169,Alexandre Paranhos,25.11.08_Rioclaro,1,26.0,998,1,316,412,172,54,12,44,77,23,5,53,67,30,0,2,2,2,6,4,56,25/26
713851,Danilo Fuzaro,25.11.08_Rioclaro,1,25.9,387,1,158,140,47,6,4,35,43,7,3,26,39,14,0,10,3,1,0,0,20,25/26
723563,Darrell Davis,25.11.08_Rioclaro,1,26.0,1147,5,288,471,217,105,24,65,70,28,14,53,85,31,0,0,1,4,3,8,67,25/26
723898,Erik McCree,25.11.08_Rioclaro,1,25.5,1245,2,410,604,149,28,11,76,95,16,7,56,97,27,0,1,1,4,6,3,54,25/26
723896,Jordan Williams,25.11.08_Rioclaro,1,25.4,983,1,339,400,134,56,11,64,66,27,4,52,80,23,0,2,2,4,5,3,52,25/26
719433,Juan Arengo,25.11.08_Rioclaro,1,26.1,1380,2,424,485,289,117,18,52,99,36,5,42,93,38,0,0,1,2,4,10,74,25/26
712072,Lucas Rodriguez,25.11.08_Rioclaro,1,5.2,29,0,19,0,0,0,0,7,13,0,0,5,15,0,0,3,0,0,0,0,4,25/26
723475,Rafael Rachel,25.11.08_Rioclaro,1,23.3,151,0,67,40,23,9,0,8,17,3,3,10,19,3,0,10,6,1,1,0,26,25/26
723467,Ricardo Fischer,25.11.08_Rioclaro,1,19.0,374,0,188,117,36,4,0,30,30,6,2,27,32,7,0,4,2,2,3,2,34,25/26
703343,Winicius Braga,25.11.08_Rioclaro,1,22.3,347,0,122,160,45,8,0,20,29,2,2,15,25,9,0,1,1,1,2,0,14,25/26
709501,Yuri Neptune,25.11.08_Rioclaro,1,16.0,167,0,92,43,12,0,0,9,36,1,0,10,38,1,0,4,1,0,0,0,7,25/26
692169,Alexandre Paranhos,25.11.08_Rioclaro,2,24.1,630,1,250,237,85,22,1,44,53,15,3,38,66,10,1,5,1,3,4,1,35,25/26
713851,Danilo Fuzaro,25.11.08_Rioclaro,2,23.2,1105,0,391,387,234,30,0,74,98,25,7,70,95,30,0,7,7,4,5,4,74,25/26
723563,Darrell Davis,25.11.08_Rioclaro,2,25.7,791,1,274,264,172,34,6,34,70,18,7,48,75,20,0,2,16,4,3,3,71,25/26
723898,Erik McCree,25.11.08_Rioclaro,2,22.7,768,0,305,340,66,7,0,47,85,17,3,58,84,13,0,12,5,7,2,1,56,25/26
723896,Jordan Williams,25.11.08_Rioclaro,2,19.0,610,0,248,217,99,7,0,37,60,15,4,36,63,14,0,3,4,5,6,5,76,25/26
719433,Juan Arengo,25.11.08_Rioclaro,2,23.2,557,0,180,208,101,37,0,28,58,15,3,40,54,14,0,17,6,2,3,1,53,25/26
712072,Lucas Rodriguez,25.11.08_Rioclaro,2,26.9,954,4,295,293,180,93,38,62,72,20,12,51,82,28,0,10,3,4,5,2,57,25/26
723475,Rafael Rachel,25.11.08_Rioclaro,2,25.9,1104,3,359,362,201,108,22,56,83,30,6,47,90,27,0,7,7,4,9,3,82,25/26
723467,Ricardo Fischer,25.11.08_Rioclaro,2,21.8,649,0,271,210,119,15,0,49,41,12,2,47,40,12,0,10,2,1,3,2,42,25/26
703343,Winicius Braga,25.11.08_Rioclaro,2,21.1,1053,0,429,407,142,13,0,55,99,28,3,52,100,27,0,10,5,5,7,3,77,25/26
709501,Yuri Neptune,25.11.08_Rioclaro,2,22.7,1138,0,426,343,257,46,0,67,112,27,4,55,97,35,0,10,3,2,9,3,75,25/26
692169,Alexandre Paranhos,25.11.08_Rioclaro,3,3.6,2,0,1,0,0,0,0,0,2,0,0,0,2,0,0,0,0,0,0,0,0,25/26
713851,Danilo Fuzaro,25.11.08_Rioclaro,3,25.9,429,1,158,142,92,15,7,27,33,6,1,18,26,12,0,0,0,1,1,3,24,25/26
723563,Darrell Davis,25.11.08_Rioclaro,3,3.2,2,0,0,0,0,0,0,1,1,0,0,1,1,0,0,0,3,2,1,0,14,25/26
723898,Erik McCree,25.11.08_Rioclaro,3,5.8,10,0,8,0,0,0,0,1,2,0,0,1,3,0,0,1,0,0,0,0,1,25/26
723896,Jordan Williams,25.11.08_Rioclaro,3,4.8,2,0,1,0,0,0,0,0,2,0,0,0,2,0,0,1,1,1,1,1,10,25/26
719433,Juan Arengo,25.11.08_Rioclaro,3,4.2,8,0,5,0,0,0,0,2,1,0,0,1,2,0,0,5,0,0,0,0,6,25/26
712072,Lucas Rodriguez,25.11.08_Rioclaro,3,3.7,5,0,2,0,0,0,0,2,2,0,0,3,1,0,0,4,0,0,0,0,4,25/26
723475,Rafael Rachel,25.11.08_Rioclaro,3,21.2,453,0,129,163,126,21,0,27,24,7,2,23,25,10,0,0,0,2,3,1,21,25/26
723467,Ricardo Fischer,25.11.08_Rioclaro,3,26.2,385,1,141,121,86,10,9,19,23,10,2,14,23,12,0,0,1,1,2,1,20,25/26
703343,Winicius Braga,25.11.08_Rioclaro,3,21.2,407,0,134,169,81,14,0,18,32,10,0,18,25,11,0,0,0,1,2,2,22,25/26
709501,Yuri Neptune,25.11.08_Rioclaro,3,23.3,351,0,98,123,96,21,0,22,22,7,1,19,19,10,0,0,1,2,2,0,17,25/26
692169,Alexandre Paranhos,25.11.08_Rioclaro,4,17.7,612,0,192,309,86,0,0,43,47,14,2,30,49,15,0,1,1,1,2,2,24,25/26
713851,Danilo Fuzaro,25.11.08_Rioclaro,4,25.8,734,1,289,248,126,23,6,44,59,18,4,47,56,19,0,2,3,2,5,6,65,25/26
723563,Darrell Davis,25.11.08_Rioclaro,4,26.0,733,1,185,301,158,56,12,32,48,19,3,36,46,18,0,5,4,2,2,1,33,25/26
723898,Erik McCree,25.11.08_Rioclaro,4,7.3,36,0,22,6,0,0,0,4,12,0,0,5,12,0,0,2,0,0,0,0,5,25/26
723896,Jordan Williams,25.11.08_Rioclaro,4,6.1,39,0,30,2,0,0,0,4,8,0,0,5,7,0,0,3,1,1,1,1,17,25/26
719433,Juan Arengo,25.11.08_Rioclaro,4,5.0,25,0,17,0,0,0,0,6,4,0,0,5,5,0,0,11,0,0,0,0,11,25/26
712072,Lucas Rodriguez,25.11.08_Rioclaro,4,23.4,960,0,245,341,269,77,0,41,58,26,10,42,62,27,0,8,2,1,2,1,29,25/26
723475,Rafael Rachel,25.11.08_Rioclaro,4,23.6,1366,0,438,545,303,27,0,77,96,26,13,63,106,35,0,0,2,4,12,2,69,25/26
723467,Ricardo Fischer,25.11.08_Rioclaro,4,18.7,446,0,202,163,51,2,0,23,40,10,0,27,35,8,0,1,2,2,2,2,26,25/26
703343,Winicius Braga,25.11.08_Rioclaro,4,18.7,829,0,270,391,133,3,0,57,77,19,1,45,77,15,0,4,3,3,4,5,59,25/26
709501,Yuri Neptune,25.11.08_Rioclaro,4,21.8,1459,0,446,553,332,74,0,75,104,29,2,53,96,38,0,0,2,3,3,11,79,25/26
692169,Alexandre Paranhos,25.11.10_Brasília,1,25.3,811,3,242,320,132,62,21,50,71,14,4,39,68,20,0,5,1,1,6,2,46,25/26
713851,Danilo Fuzaro,25.11.10_Brasília,1,25.3,536,1,190,184,106,18,4,29,58,8,3,26,58,12,0,3,6,5,3,2,50,25/26
723563,Darrell Davis,25.11.10_Brasília,1,26.0,724,3,170,254,172,83,12,24,59,22,5,31,51,25,0,1,11,3,1,6,69,25/26
723898,Erik McCree,25.11.10_Brasília,1,26.1,1010,1,302,482,151,26,9,54,75,13,6,63,67,17,0,2,1,4,6,4,59,25/26
723896,Jordan Williams,25.11.10_Brasília,1,19.6,902,0,349,363,139,9,0,48,72,21,6,48,78,21,0,5,1,3,5,7,70,25/26
719433,Juan Arengo,25.11.10_Brasília,1,27.1,1379,7,392,473,258,141,58,77,82,33,10,69,78,39,1,1,5,3,5,7,75,25/26
712072,Lucas Rodriguez,25.11.10_Brasília,1,5.5,52,0,34,0,0,0,0,4,33,0,0,6,31,0,0,9,1,0,0,0,11,25/26
723475,Rafael Rachel,25.11.10_Brasília,1,20.3,601,0,211,232,122,12,0,31,46,16,4,19,55,16,0,7,7,1,5,1,51,25/26
723467,Ricardo Fischer,25.11.10_Brasília,1,24.8,1127,1,412,369,208,88,4,49,72,22,5,40,72,29,0,6,2,2,4,8,70,25/26
703343,Winicius Braga,25.11.10_Brasília,1,25.8,856,1,272,397,136,16,5,35,64,15,6,39,66,20,1,4,3,2,4,1,37,25/26
709501,Yuri Neptune,25.11.10_Brasília,1,22.0,450,0,191,136,93,10,0,25,39,7,3,16,43,9,0,3,3,1,1,0,19,25/26
692169,Alexandre Paranhos,25.11.10_Brasília,2,22.0,752,0,316,288,90,22,0,35,73,12,5,34,76,17,0,5,3,1,4,4,49,25/26
713851,Danilo Fuzaro,25.11.10_Brasília,2,26.0,551,2,199,160,97,48,11,29,46,15,5,29,50,16,0,10,11,2,1,1,48,25/26
723563,Darrell Davis,25.11.10_Brasília,2,26.0,665,2,214,228,103,70,22,41,46,12,5,35,59,12,0,10,7,3,4,3,63,25/26
723898,Erik McCree,25.11.10_Brasília,2,23.9,1061,0,462,380,111,59,0,53,87,15,4,59,95,14,0,1,5,6,4,3,55,25/26
723896,Jordan Williams,25.11.10_Brasília,2,22.5,1155,0,404,455,188,47,0,70,94,23,5,57,87,28,1,4,5,5,7,5,84,25/26
719433,Juan Arengo,25.11.10_Brasília,2,26.4,1342,2,445,415,253,157,23,76,81,23,10,70,77,36,0,0,7,7,6,6,91,25/26
712072,Lucas Rodriguez,25.11.10_Brasília,2,26.2,641,5,180,218,110,73,32,26,51,22,8,39,58,21,1,10,4,1,2,4,48,25/26
723475,Rafael Rachel,25.11.10_Brasília,2,23.9,1166,0,448,386,213,74,0,56,84,34,4,59,81,28,1,3,8,6,7,2,70,25/26
723467,Ricardo Fischer,25.11.10_Brasília,2,21.3,672,0,276,214,113,27,0,32,65,11,2,39,54,12,0,13,5,1,1,7,63,25/26
703343,Winicius Braga,25.11.10_Brasília,2,22.7,457,0,150,217,60,12,0,18,40,14,4,17,47,13,0,17,4,1,2,4,53,25/26
709501,Yuri Neptune,25.11.10_Brasília,2,25.1,652,2,193,222,144,54,10,38,57,16,4,26,61,21,0,13,2,2,3,1,43,25/26
692169,Alexandre Paranhos,25.11.10_Brasília,3,17.1,427,0,154,186,64,0,0,26,51,5,3,18,45,12,0,2,0,1,2,2,19,25/26
713851,Danilo Fuzaro,25.11.10_Brasília,3,25.5,559,2,174,175,128,44,11,28,45,11,5,26,40,15,0,5,3,2,2,1,28,25/26
723563,Darrell Davis,25.11.10_Brasília,3,26.1,975,1,274,365,209,81,12,41,83,22,7,53,78,25,0,1,6,1,3,9,75,25/26
723898,Erik McCree,25.11.10_Brasília,3,25.7,966,3,372,413,63,46,11,58,86,23,7,49,98,24,0,5,5,4,2,1,43,25/26
723896,Jordan Williams,25.11.10_Brasília,3,19.7,800,0,302,334,121,5,0,50,62,23,2,35,70,16,0,3,5,2,4,5,59,25/26
719433,Juan Arengo,25.11.10_Brasília,3,0.0,0,0,0,0,0,0,0,0,0,0,0,0,0,0,0,2,2,5,6,4,62,25/26
712072,Lucas Rodriguez,25.11.10_Brasília,3,6.0,56,0,44,0,0,0,0,4,20,0,0,4,19,1,0,16,2,0,0,0,19,25/26
723475,Rafael Rachel,25.11.10_Brasília,3,21.7,596,0,216,223,103,28,0,39,49,18,0,36,52,11,0,3,3,4,3,3,48,25/26
723467,Ricardo Fischer,25.11.10_Brasília,3,22.5,714,0,245,236,165,32,0,35,51,13,5,34,54,18,0,9,4,2,2,4,52,25/26
703343,Winicius Braga,25.11.10_Brasília,3,20.7,1041,0,346,494,151,11,0,54,87,30,4,52,88,28,0,4,2,3,4,7,70,25/26
709501,Yuri Neptune,25.11.10_Brasília,3,25.3,446,1,134,132,128,24,7,19,46,9,2,24,32,14,0,3,0,1,2,0,16,25/26
692169,Alexandre Paranhos,25.11.10_Brasília,4,20.7,1605,0,616,694,196,21,0,95,145,35,7,109,145,37,0,2,7,6,10,8,113,25/26
713851,Danilo Fuzaro,25.11.10_Brasília,4,26.0,1284,3,462,431,220,76,17,77,108,35,9,71,120,34,0,4,12,4,7,5,91,25/26
723563,Darrell Davis,25.11.10_Brasília,4,21.2,426,0,164,172,48,6,0,30,67,9,1,33,72,3,0,17,9,3,2,1,61,25/26
723898,Erik McCree,25.11.10_Brasília,4,24.4,1273,1,592,467,107,37,2,60,103,25,5,62,125,15,0,8,10,6,3,0,61,25/26
723896,Jordan Williams,25.11.10_Brasília,4,24.3,966,1,450,329,81,48,2,46,84,19,5,64,72,21,0,6,9,5,5,1,68,25/26
719433,Juan Arengo,25.11.10_Brasília,4,26.1,960,4,393,290,140,52,20,55,79,31,6,61,81,27,0,2,11,10,8,3,98,25/26
712072,Lucas Rodriguez,25.11.10_Brasília,4,5.8,96,0,67,0,0,0,0,13,40,0,0,14,41,0,0,16,1,0,0,0,17,25/26
723475,Rafael Rachel,25.11.10_Brasília,4,25.9,789,2,292,275,134,32,8,40,88,19,1,41,88,15,1,11,12,5,4,1,70,25/26
723467,Ricardo Fischer,25.11.10_Brasília,4,24.7,1245,1,569,389,181,37,3,65,103,12,8,68,77,28,0,4,9,7,5,9,106,25/26
703343,Winicius Braga,25.11.10_Brasília,4,6.5,25,0,12,1,0,0,0,5,15,1,0,4,18,0,0,23,0,0,0,0,24,25/26
709501,Yuri Neptune,25.11.10_Brasília,4,26.3,778,3,278,276,134,40,17,32,79,13,5,42,73,16,0,13,2,2,5,4,61,25/26
692169,Alexandre Paranhos,25.11.15_Osasco,1,21.7,583,0,171,290,90,8,0,28,53,13,1,36,46,12,0,1,1,2,4,1,29,25/26
713851,Danilo Fuzaro,25.11.15_Osasco,1,23.6,805,0,297,289,131,45,0,53,62,25,4,52,54,24,1,1,6,1,5,5,64,25/26
723563,Darrell Davis,25.11.15_Osasco,1,24.4,994,1,209,442,246,67,3,44,60,30,4,39,73,25,0,3,6,1,1,8,63,25/26
723898,Erik McCree,25.11.15_Osasco,1,22.2,1047,0,364,523,100,18,0,53,86,19,4,54,90,15,0,4,3,5,7,0,54,25/26
713017,Fernando Fernandes,25.11.15_Osasco,1,5.4,28,0,18,0,0,0,0,5,11,0,0,4,13,0,0,1,1,1,0,0,7,25/26
723896,Jordan Williams,25.11.15_Osasco,1,23.9,856,0,288,394,110,35,0,48,54,16,5,40,66,15,0,5,2,3,5,3,53,25/26
719433,Juan Arengo,25.11.15_Osasco,1,26.1,790,2,240,273,196,46,10,37,51,18,6,27,56,26,0,11,1,1,3,4,45,25/26
712072,Lucas Rodriguez,25.11.15_Osasco,1,7.6,27,0,15,3,0,0,0,3,11,1,0,5,12,0,0,6,0,0,0,0,7,25/26
723475,Rafael Rachel,25.11.15_Osasco,1,25.0,477,1,170,184,81,21,3,25,35,7,4,28,38,12,0,8,5,2,4,0,41,25/26
723467,Ricardo Fischer,25.11.15_Osasco,1,23.8,736,0,234,256,180,38,0,40,52,14,7,37,46,23,0,4,1,1,4,4,43,25/26
703343,Winicius Braga,25.11.15_Osasco,1,22.1,905,0,312,396,151,14,0,55,60,26,5,41,68,25,1,3,2,3,8,2,60,25/26
709501,Yuri Neptune,25.11.15_Osasco,1,21.9,667,0,203,236,180,18,0,20,56,22,2,21,60,19,0,3,2,3,5,1,38,25/26
692169,Alexandre Paranhos,25.11.15_Osasco,2,25.2,1074,1,370,485,126,43,5,64,80,32,5,42,95,31,0,4,2,3,7,4,60,25/26
713851,Danilo Fuzaro,25.11.15_Osasco,2,25.6,514,1,188,184,82,24,6,30,47,8,4,27,47,13,0,2,14,2,2,4,65,25/26
723563,Darrell Davis,25.11.15_Osasco,2,25.8,905,3,274,337,153,100,10,49,62,14,6,53,56,17,1,11,4,3,2,5,60,25/26
723898,Erik McCree,25.11.15_Osasco,2,24.1,837,1,292,377,95,25,2,40,78,20,2,36,84,15,0,9,3,6,4,1,54,25/26
713017,Fernando Fernandes,25.11.15_Osasco,2,5.3,68,0,54,0,0,0,0,7,21,0,0,10,19,0,0,0,0,0,0,0,0,25/26
723896,Jordan Williams,25.11.15_Osasco,2,26.1,963,2,355,402,118,20,26,49,67,22,8,53,81,22,1,7,4,3,6,4,67,25/26
719433,Juan Arengo,25.11.15_Osasco,2,26.6,1444,5,410,510,303,129,31,84,92,25,13,64,85,39,2,4,5,4,8,5,77,25/26
712072,Lucas Rodriguez,25.11.15_Osasco,2,25.8,686,2,203,244,137,61,11,34,52,17,6,40,48,22,0,10,4,2,2,2,43,25/26
723475,Rafael Rachel,25.11.15_Osasco,2,26.0,806,1,281,272,158,48,16,35,54,23,1,35,59,25,0,9,5,4,4,2,58,25/26
723467,Ricardo Fischer,25.11.15_Osasco,2,22.7,380,0,139,144,70,10,0,22,29,5,1,24,27,4,0,17,2,1,2,2,41,25/26
703343,Winicius Braga,25.11.15_Osasco,2,16.0,468,0,201,217,27,0,0,24,56,7,0,25,51,5,0,14,3,2,3,0,38,25/26
709501,Yuri Neptune,25.11.15_Osasco,2,23.8,544,0,183,213,78,44,0,30,54,14,1,27,56,13,0,16,2,1,4,1,38,25/26
692169,Alexandre Paranhos,25.11.15_Osasco,3,22.1,866,0,261,357,191,27,0,42,76,19,3,41,62,24,0,2,1,1,3,6,50,25/26
713851,Danilo Fuzaro,25.11.15_Osasco,3,27.9,292,1,108,73,62,22,13,13,27,9,1,11,30,7,1,5,9,1,2,1,38,25/26
723563,Darrell Davis,25.11.15_Osasco,3,26.1,994,5,202,449,201,94,22,38,64,24,7,44,61,23,1,1,4,2,2,9,68,25/26
723898,Erik McCree,25.11.15_Osasco,3,26.0,1139,2,339,520,184,34,18,43,92,23,3,54,83,30,0,2,2,3,10,1,59,25/26
713017,Fernando Fernandes,25.11.15_Osasco,3,5.2,42,0,30,0,0,0,0,5,14,0,0,9,11,0,0,0,0,0,0,0,0,25/26
723896,Jordan Williams,25.11.15_Osasco,3,22.8,1063,0,358,465,149,46,0,46,87,15,8,61,69,28,0,2,2,2,5,7,65,25/26
719433,Juan Arengo,25.11.15_Osasco,3,26.0,950,1,296,371,186,54,11,39,77,20,1,38,64,26,1,6,1,2,6,3,52,25/26
712072,Lucas Rodriguez,25.11.15_Osasco,3,6.1,36,0,25,0,0,0,0,7,13,0,0,12,9,2,0,7,0,0,0,0,7,25/26
723475,Rafael Rachel,25.11.15_Osasco,3,26.1,299,1,111,76,55,27,11,16,30,6,4,14,37,8,0,8,6,1,3,0,35,25/26
723467,Ricardo Fischer,25.11.15_Osasco,3,25.0,640,1,218,216,135,41,7,39,38,11,2,25,37,16,0,4,1,1,2,3,34,25/26
703343,Winicius Braga,25.11.15_Osasco,3,20.2,572,0,193,262,77,14,0,35,48,17,2,28,63,11,0,2,1,1,5,1,30,25/26
709501,Yuri Neptune,25.11.15_Osasco,3,24.1,610,1,205,193,125,59,1,28,49,12,5,29,43,17,0,8,1,1,5,1,37,25/26
692169,Alexandre Paranhos,25.11.15_Osasco,4,26.2,790,2,269,261,131,57,29,45,68,19,4,37,75,19,0,3,3,2,4,2,39,25/26
713851,Danilo Fuzaro,25.11.15_Osasco,4,25.9,1061,3,252,421,245,88,19,51,75,27,7,54,70,32,1,0,10,2,3,9,83,25/26
723563,Darrell Davis,25.11.15_Osasco,4,5.8,62,0,46,0,0,0,0,8,29,0,0,14,23,0,0,19,4,0,0,0,28,25/26
723898,Erik McCree,25.11.15_Osasco,4,24.0,826,0,359,251,136,35,0,32,75,14,5,34,79,16,0,10,5,6,3,0,50,25/26
713017,Fernando Fernandes,25.11.15_Osasco,4,9.0,125,0,81,18,0,0,0,13,38,1,0,16,36,0,0,1,0,0,0,0,1,25/26
723896,Jordan Williams,25.11.15_Osasco,4,20.1,605,0,272,200,83,15,0,27,61,16,2,31,55,16,0,10,5,3,3,2,51,25/26
719433,Juan Arengo,25.11.15_Osasco,4,26.7,1360,4,346,466,276,160,53,57,102,38,13,53,100,42,1,5,3,2,6,7,78,25/26
712072,Lucas Rodriguez,25.11.15_Osasco,4,11.9,113,0,68,15,0,0,0,21,36,0,0,20,38,0,0,7,0,0,0,0,7,25/26
723475,Rafael Rachel,25.11.15_Osasco,4,25.9,857,2,263,298,185,67,7,51,75,20,4,44,75,23,0,4,9,2,3,5,67,25/26
723467,Ricardo Fischer,25.11.15_Osasco,4,26.1,1570,3,545,522,337,82,23,73,105,30,8,81,90,39,1,1,4,3,4,12,94,25/26
703343,Winicius Braga,25.11.15_Osasco,4,17.4,701,0,248,327,94,0,0,39,61,18,3,32,71,13,0,11,1,1,3,4,51,25/26
709501,Yuri Neptune,25.11.15_Osasco,4,20.0,520,0,179,170,128,14,0,29,45,12,2,23,54,8,0,15,2,1,2,3,44,25/26
692169,Alexandre Paranhos,25.11.18_Paulistano,1,24.7,842,1,226,334,175,71,3,35,59,33,6,30,74,30,0,3,1,1,4,4,46,25/26
713851,Danilo Fuzaro,25.11.18_Paulistano,1,27.5,701,3,227,228,115,59,27,37,59,14,7,44,57,16,2,9,2,1,6,2,46,25/26
723563,Darrell Davis,25.11.18_Paulistano,1,24.9,657,4,196,235,93,97,11,29,52,10,8,26,54,20,0,3,0,2,2,4,35,25/26
723898,Erik McCree,25.11.18_Paulistano,1,26.0,716,2,246,287,84,45,20,39,53,13,4,41,54,15,0,8,2,1,5,3,50,25/26
713017,Fernando Fernandes,25.11.18_Paulistano,1,5.3,41,0,28,0,0,0,0,5,13,0,0,8,13,0,0,0,0,0,0,0,0,25/26
723896,Jordan Williams,25.11.18_Paulistano,1,23.5,979,0,314,419,133,77,0,50,64,20,3,46,72,24,0,6,1,2,3,7,59,25/26
719433,Juan Arengo,25.11.18_Paulistano,1,26.2,808,3,213,312,171,58,28,28,53,15,7,38,52,18,2,6,3,1,1,5,44,25/26
712072,Lucas Rodriguez,25.11.18_Paulistano,1,7.6,61,0,44,4,0,0,0,7,22,1,0,8,23,0,0,10,1,0,0,0,11,25/26
723475,Rafael Rachel,25.11.18_Paulistano,1,24.0,622,0,237,224,100,40,0,30,51,16,3,29,46,20,0,8,2,3,3,0,34,25/26
723467,Ricardo Fischer,25.11.18_Paulistano,1,24.9,1014,1,271,409,228,68,3,53,67,16,7,58,67,24,0,6,3,1,2,9,64,25/26
703343,Winicius Braga,25.11.18_Paulistano,1,23.7,658,0,254,240,113,29,0,26,47,18,0,30,61,11,0,2,2,2,3,2,31,25/26
709501,Yuri Neptune,25.11.18_Paulistano,1,26.0,640,2,254,161,144,34,14,35,54,11,3,33,58,12,0,11,2,1,1,3,39,25/26
692169,Alexandre Paranhos,25.11.18_Paulistano,2,26.1,1074,3,335,442,189,43,20,54,79,26,9,45,89,35,0,4,2,3,5,4,57,25/26
713851,Danilo Fuzaro,25.11.18_Paulistano,2,27.5,506,3,191,142,78,39,22,26,41,15,4,23,57,10,1,13,4,1,2,4,48,25/26
723563,Darrell Davis,25.11.18_Paulistano,2,26.1,725,4,215,269,111,67,33,35,63,13,3,39,55,19,0,5,8,2,2,6,67,25/26
723898,Erik McCree,25.11.18_Paulistano,2,19.3,593,0,259,264,34,3,0,32,62,12,3,30,69,10,0,10,6,2,4,0,47,25/26
713017,Fernando Fernandes,25.11.18_Paulistano,2,7.7,107,0,78,7,0,0,0,9,30,0,0,11,30,0,0,0,0,0,0,0,0,25/26
723896,Jordan Williams,25.11.18_Paulistano,2,21.8,1130,0,428,491,137,28,0,57,89,31,5,47,102,20,0,4,5,4,4,5,69,25/26
719433,Juan Arengo,25.11.18_Paulistano,2,22.4,1185,0,413,467,216,47,0,62,81,26,4,44,92,22,0,1,6,4,6,5,77,25/26
712072,Lucas Rodriguez,25.11.18_Paulistano,2,6.8,74,0,52,1,0,0,0,12,29,1,0,13,30,1,0,7,0,0,0,0,7,25/26
723475,Rafael Rachel,25.11.18_Paulistano,2,23.2,1071,0,324,469,164,74,0,72,77,21,9,57,86,27,0,4,6,4,4,4,65,25/26
723467,Ricardo Fischer,25.11.18_Paulistano,2,19.7,983,0,370,387,166,24,0,55,65,22,4,53,66,26,0,7,3,3,4,6,67,25/26
703343,Winicius Braga,25.11.18_Paulistano,2,17.2,395,0,131,218,30,0,0,30,34,13,0,38,40,6,0,10,1,2,2,2,34,25/26
709501,Yuri Neptune,25.11.18_Paulistano,2,26.1,453,1,176,151,69,17,7,30,56,6,4,31,59,8,0,14,3,1,1,3,43,25/26
692169,Alexandre Paranhos,25.11.18_Paulistano,3,26.0,1179,2,383,511,150,71,15,54,96,28,5,60,101,31,0,3,2,3,7,5,68,25/26
713851,Danilo Fuzaro,25.11.18_Paulistano,3,26.9,792,3,282,260,143,29,43,58,57,8,6,34,52,19,1,10,2,2,3,4,54,25/26
723563,Darrell Davis,25.11.18_Paulistano,3,25.9,606,2,187,245,85,47,15,38,48,8,4,34,50,13,0,15,0,1,2,4,46,25/26
723898,Erik McCree,25.11.18_Paulistano,3,25.5,1044,2,387,425,144,39,7,60,80,17,10,46,87,23,0,3,3,5,8,0,56,25/26
713017,Fernando Fernandes,25.11.18_Paulistano,3,6.9,45,0,30,3,0,0,0,8,16,1,0,10,16,0,0,0,0,0,0,0,0,25/26
723896,Jordan Williams,25.11.18_Paulistano,3,23.6,1085,0,401,476,130,39,0,65,71,25,3,64,82,14,1,5,3,3,6,4,63,25/26
719433,Juan Arengo,25.11.18_Paulistano,3,27.3,867,2,264,349,168,42,18,36,55,19,7,38,46,22,0,9,2,2,2,1,31,25/26
712072,Lucas Rodriguez,25.11.18_Paulistano,3,5.2,47,0,34,0,0,0,0,3,20,0,0,7,18,0,0,4,0,0,0,0,4,25/26
723475,Rafael Rachel,25.11.18_Paulistano,3,23.2,393,0,167,140,48,11,0,18,45,15,3,14,57,10,0,12,2,3,2,0,34,25/26
723467,Ricardo Fischer,25.11.18_Paulistano,3,22.7,990,0,371,378,161,38,0,60,67,14,8,62,56,23,0,7,2,2,3,7,62,25/26
703343,Winicius Braga,25.11.18_Paulistano,3,16.6,281,0,124,124,16,0,0,13,37,8,1,16,40,6,0,1,1,1,1,0,11,25/26
709501,Yuri Neptune,25.11.18_Paulistano,3,24.9,371,1,183,122,26,4,3,21,50,9,2,33,52,6,0,7,1,2,1,0,20,25/26
692169,Alexandre Paranhos,25.11.18_Paulistano,4,5.7,21,0,12,0,0,0,0,1,16,0,0,2,16,0,0,0,0,0,0,0,0,25/26
713851,Danilo Fuzaro,25.11.18_Paulistano,4,26.1,1416,3,533,484,221,93,13,75,115,27,9,66,112,35,0,0,0,3,8,9,87,25/26
723563,Darrell Davis,25.11.18_Paulistano,4,22.9,781,0,256,331,132,33,0,45,61,17,4,39,66,14,0,7,1,1,2,8,59,25/26
723898,Erik McCree,25.11.18_Paulistano,4,7.4,48,0,32,5,0,0,0,7,21,0,0,4,22,0,0,1,0,0,0,0,3,25/26
713017,Fernando Fernandes,25.11.18_Paulistano,4,26.4,975,2,347,344,179,44,20,40,82,17,5,48,78,19,1,0,2,4,5,0,39,25/26
723896,Jordan Williams,25.11.18_Paulistano,4,5.4,12,0,7,0,0,0,0,4,7,0,0,3,8,0,0,2,0,0,0,0,2,25/26
719433,Juan Arengo,25.11.18_Paulistano,4,4.9,14,0,7,0,0,0,0,4,5,0,0,8,3,0,0,12,0,0,0,0,12,25/26
712072,Lucas Rodriguez,25.11.18_Paulistano,4,25.9,883,4,219,334,199,88,17,43,48,23,8,42,56,27,0,3,0,1,3,6,46,25/26
723475,Rafael Rachel,25.11.18_Paulistano,4,25.6,698,2,271,211,120,56,8,34,54,18,5,27,63,16,0,10,3,2,2,0,31,25/26
723467,Ricardo Fischer,25.11.18_Paulistano,4,6.3,10,0,6,1,0,0,0,2,3,0,0,3,4,0,0,5,0,0,0,0,5,25/26
703343,Winicius Braga,25.11.18_Paulistano,4,25.9,1365,1,602,547,126,24,6,75,115,25,9,65,127,28,0,0,4,4,7,4,66,25/26
709501,Yuri Neptune,25.11.18_Paulistano,4,23.1,1423,0,469,557,290,51,0,63,124,35,4,54,118,41,0,0,1,4,8,7,83,25/26
692169,Alexandre Paranhos,25.11.21_Pinheiros,1,23.2,1050,0,317,496,164,31,0,53,86,24,5,53,85,33,0,5,1,3,6,5,66,25/26
713851,Danilo Fuzaro,25.11.21_Pinheiros,1,22.6,679,0,216,236,132,50,0,44,73,11,7,46,63,19,0,10,3,1,4,3,48,25/26
723563,Darrell Davis,25.11.21_Pinheiros,1,25.8,738,3,221,291,109,65,19,26,56,24,7,32,68,19,1,8,1,2,1,5,48,25/26
723898,Erik McCree,25.11.21_Pinheiros,1,26.2,1050,3,359,408,159,56,28,50,65,25,3,48,69,20,1,5,4,4,4,4,65,25/26
713017,Fernando Fernandes,25.11.21_Pinheiros,1,5.4,68,0,48,0,0,0,0,5,32,0,0,5,33,0,0,1,0,0,0,0,1,25/26
723896,Jordan Williams,25.11.21_Pinheiros,1,24.5,1014,1,373,419,116,56,3,48,83,18,2,55,77,19,1,4,4,3,5,7,71,25/26
719433,Juan Arengo,25.11.21_Pinheiros,1,26.1,975,4,322,365,169,59,22,45,79,13,8,39,69,28,0,6,5,1,5,5,65,25/26
712072,Lucas Rodriguez,25.11.21_Pinheiros,1,4.9,41,0,24,0,0,0,0,4,27,0,0,5,27,0,0,5,2,1,0,0,12,25/26
723475,Rafael Rachel,25.11.21_Pinheiros,1,22.0,557,0,204,240,50,36,0,32,48,11,3,29,47,13,0,13,2,2,4,1,41,25/26
723467,Ricardo Fischer,25.11.21_Pinheiros,1,23.1,961,0,342,387,178,20,0,64,58,19,2,50,56,20,0,8,2,2,3,8,66,25/26
703343,Winicius Braga,25.11.21_Pinheiros,1,18.1,474,0,171,218,61,2,0,27,46,14,0,27,48,11,0,4,1,2,3,0,23,25/26
709501,Yuri Neptune,25.11.21_Pinheiros,1,26.0,465,1,211,136,69,11,10,17,51,13,0,25,50,10,0,3,1,1,2,0,18,25/26
692169,Alexandre Paranhos,25.11.21_Pinheiros,2,22.5,1309,0,469,537,187,53,0,82,120,32,1,69,116,36,0,3,4,4,11,4,91,25/26
713851,Danilo Fuzaro,25.11.21_Pinheiros,2,26.5,250,1,121,53,20,11,18,20,28,7,2,23,32,6,0,20,6,1,2,1,46,25/26
723563,Darrell Davis,25.11.21_Pinheiros,2,24.0,798,0,266,342,128,20,0,48,64,22,5,49,68,18,1,6,11,1,5,6,82,25/26
723898,Erik McCree,25.11.21_Pinheiros,2,26.4,1278,1,493,539,143,32,14,66,106,23,4,55,118,20,0,6,7,6,8,2,80,25/26
713017,Fernando Fernandes,25.11.21_Pinheiros,2,11.3,122,0,80,17,0,0,0,11,40,0,0,16,37,0,0,1,0,0,0,0,1,25/26
723896,Jordan Williams,25.11.21_Pinheiros,2,26.0,1037,1,446,410,111,14,7,58,81,21,2,51,80,25,0,7,5,5,6,4,76,25/26
719433,Juan Arengo,25.11.21_Pinheiros,2,23.6,1177,0,397,442,219,67,0,57,81,33,7,64,99,29,0,11,4,3,5,7,80,25/26
712072,Lucas Rodriguez,25.11.21_Pinheiros,2,5.7,57,0,36,0,0,0,0,10,28,0,0,18,23,0,0,4,0,0,0,0,4,25/26
723475,Rafael Rachel,25.11.21_Pinheiros,2,26.0,541,1,244,173,69,14,9,24,62,9,1,34,50,10,0,14,8,2,5,0,58,25/26
723467,Ricardo Fischer,25.11.21_Pinheiros,2,21.3,1096,0,455,386,161,43,0,59,83,23,2,71,82,19,0,7,5,2,5,7,78,25/26
703343,Winicius Braga,25.11.21_Pinheiros,2,17.3,234,0,96,93,32,0,0,11,31,3,0,13,28,5,0,4,1,1,2,0,17,25/26
709501,Yuri Neptune,25.11.21_Pinheiros,2,25.7,1029,3,375,366,180,45,12,51,89,23,11,41,101,28,0,7,4,4,6,2,61,25/26
692169,Alexandre Paranhos,25.11.21_Pinheiros,3,26.0,1053,3,358,408,137,99,15,56,68,24,8,30,93,27,1,1,3,3,4,7,63,25/26
713851,Danilo Fuzaro,25.11.21_Pinheiros,3,25.8,536,3,151,203,91,53,12,32,41,14,2,32,40,12,0,11,2,1,3,3,42,25/26
723563,Darrell Davis,25.11.21_Pinheiros,3,23.7,729,0,167,306,159,72,0,40,46,21,3,31,57,15,0,10,2,1,1,4,40,25/26
723898,Erik McCree,25.11.21_Pinheiros,3,26.2,1151,4,315,486,190,83,38,35,75,29,7,52,71,23,1,3,2,4,6,4,63,25/26
713017,Fernando Fernandes,25.11.21_Pinheiros,3,6.5,38,0,23,1,0,0,0,7,14,1,0,8,15,1,0,0,0,0,0,0,0,25/26
723896,Jordan Williams,25.11.21_Pinheiros,3,21.7,636,0,243,275,67,14,0,32,59,22,1,35,60,15,0,3,4,3,4,3,51,25/26
719433,Juan Arengo,25.11.21_Pinheiros,3,26.6,917,1,271,353,185,56,17,62,63,21,3,56,52,27,1,3,5,2,4,6,64,25/26
712072,Lucas Rodriguez,25.11.21_Pinheiros,3,6.1,21,0,14,0,0,0,0,5,10,0,0,6,9,0,0,1,0,0,0,0,1,25/26
723475,Rafael Rachel,25.11.21_Pinheiros,3,18.2,266,0,127,81,35,2,0,18,38,8,0,16,39,6,0,11,4,1,2,0,33,25/26
723467,Ricardo Fischer,25.11.21_Pinheiros,3,25.9,835,1,246,359,158,28,10,53,62,20,4,37,65,18,0,6,2,2,3,6,58,25/26
703343,Winicius Braga,25.11.21_Pinheiros,3,16.2,293,0,104,143,29,0,0,19,29,4,5,21,31,9,0,1,0,1,2,0,13,25/26
709501,Yuri Neptune,25.11.21_Pinheiros,3,23.9,602,0,166,231,153,25,0,38,56,9,1,30,52,15,0,5,1,1,3,0,22,25/26
692169,Alexandre Paranhos,25.11.21_Pinheiros,4,19.9,492,0,271,135,41,9,0,22,58,9,1,34,58,6,0,7,1,2,3,0,26,25/26
713851,Danilo Fuzaro,25.11.21_Pinheiros,4,26.8,1270,4,484,407,181,94,31,56,108,41,10,67,104,33,4,0,11,6,7,10,117,25/26
723563,Darrell Davis,25.11.21_Pinheiros,4,25.2,707,1,185,301,119,63,4,35,64,21,5,43,67,17,0,9,4,4,5,5,77,25/26
723898,Erik McCree,25.11.21_Pinheiros,4,25.5,1042,1,526,359,64,28,6,40,96,21,4,58,104,18,0,13,7,6,3,0,60,25/26
713017,Fernando Fernandes,25.11.21_Pinheiros,4,13.7,127,0,74,17,6,0,0,16,44,1,0,20,39,1,0,2,0,0,0,0,2,25/26
723896,Jordan Williams,25.11.21_Pinheiros,4,25.4,1028,1,482,381,81,21,3,52,94,15,8,57,93,15,0,11,8,6,7,1,75,25/26
719433,Juan Arengo,25.11.21_Pinheiros,4,25.9,760,1,267,249,138,53,5,53,59,19,4,51,58,22,0,5,17,5,5,2,83,25/26
712072,Lucas Rodriguez,25.11.21_Pinheiros,4,8.3,101,0,63,6,0,0,0,21,35,2,0,24,35,0,0,7,0,0,0,0,7,25/26
723475,Rafael Rachel,25.11.21_Pinheiros,4,22.0,666,0,237,235,131,34,0,32,59,19,5,28,68,16,0,18,6,2,4,2,65,25/26
723467,Ricardo Fischer,25.11.21_Pinheiros,4,25.1,1121,1,544,336,131,27,3,71,97,21,8,89,85,26,0,7,10,6,4,6,91,25/26
703343,Winicius Braga,25.11.21_Pinheiros,4,21.0,1001,0,343,518,99,14,0,49,87,19,3,44,85,22,0,16,4,1,4,7,76,25/26
709501,Yuri Neptune,25.11.21_Pinheiros,4,18.1,586,0,226,216,101,2,0,40,70,17,1,33,72,15,0,13,3,5,2,2,50,25/26
692169,Alexandre Paranhos,25.11.23_Bauru,1,23.2,733,0,193,305,155,60,0,32,46,23,5,20,54,25,0,1,1,1,4,2,33,25/26
713851,Danilo Fuzaro,25.11.23_Bauru,1,24.9,797,1,297,296,154,10,3,53,50,17,5,35,57,21,0,6,1,1,4,4,45,25/26
723563,Darrell Davis,25.11.23_Bauru,1,25.8,801,2,220,315,174,52,12,34,52,23,6,32,58,25,0,0,0,0,2,6,41,25/26
723898,Erik McCree,25.11.23_Bauru,1,23.7,815,0,251,431,93,13,0,42,50,17,5,38,61,14,0,6,1,1,6,2,47,25/26
713017,Fernando Fernandes,25.11.23_Bauru,1,4.4,14,0,8,0,0,0,0,1,9,0,0,3,8,0,0,0,0,0,0,0,0,25/26
723896,Jordan Williams,25.11.23_Bauru,1,25.9,897,1,317,358,136,42,9,58,59,16,7,40,68,21,0,2,1,3,6,2,46,25/26
719433,Juan Arengo,25.11.23_Bauru,1,26.0,725,2,187,243,187,71,15,35,50,18,5,21,54,20,0,8,2,1,3,3,44,25/26
712072,Lucas Rodriguez,25.11.23_Bauru,1,4.4,10,0,7,0,0,0,0,1,3,0,0,0,5,0,0,7,0,0,0,0,8,25/26
723475,Rafael Rachel,25.11.23_Bauru,1,18.7,609,0,195,253,135,3,0,25,54,17,3,38,56,14,0,9,1,1,4,0,33,25/26
723467,Ricardo Fischer,25.11.23_Bauru,1,22.0,827,0,261,328,182,25,0,46,57,13,5,48,62,17,0,5,2,1,2,6,50,25/26
703343,Winicius Braga,25.11.23_Bauru,1,19.0,808,0,303,353,115,7,0,42,73,18,0,36,79,14,0,1,2,3,3,1,33,25/26
709501,Yuri Neptune,25.11.23_Bauru,1,23.8,524,0,148,185,124,38,0,27,43,17,4,27,42,19,0,5,0,1,3,1,28,25/26
692169,Alexandre Paranhos,25.11.23_Bauru,2,23.6,693,0,227,260,118,49,0,42,56,19,4,31,70,20,0,3,2,3,5,0,38,25/26
713851,Danilo Fuzaro,25.11.23_Bauru,2,25.1,1020,1,347,314,212,99,5,49,77,29,7,44,66,37,0,5,9,3,4,5,75,25/26
723563,Darrell Davis,25.11.23_Bauru,2,26.0,917,3,238,345,200,85,18,45,63,21,6,47,65,23,0,6,8,2,2,8,78,25/26
723898,Erik McCree,25.11.23_Bauru,2,20.6,969,0,424,343,119,23,0,56,94,16,3,59,85,16,0,13,5,4,5,1,58,25/26
713017,Fernando Fernandes,25.11.23_Bauru,2,6.4,51,0,33,1,0,0,0,9,20,0,0,9,18,2,0,0,0,0,0,0,0,25/26
723896,Jordan Williams,25.11.23_Bauru,2,21.6,544,0,259,188,59,10,0,24,47,12,0,26,42,13,0,6,3,2,2,0,23,25/26
719433,Juan Arengo,25.11.23_Bauru,2,26.0,1024,2,379,356,161,77,7,41,89,25,3,44,74,28,1,10,7,2,4,4,66,25/26
712072,Lucas Rodriguez,25.11.23_Bauru,2,5.6,41,0,27,0,0,0,0,5,17,0,0,5,18,0,0,6,0,0,0,0,8,25/26
723475,Rafael Rachel,25.11.23_Bauru,2,25.9,857,1,263,310,162,85,6,46,65,19,1,49,71,13,0,13,5,3,3,2,53,25/26
723467,Ricardo Fischer,25.11.23_Bauru,2,24.5,927,1,428,280,112,51,2,54,75,11,7,60,71,16,0,9,5,4,4,5,67,25/26
703343,Winicius Braga,25.11.23_Bauru,2,17.6,981,0,364,453,131,0,0,41,73,24,4,48,72,20,0,10,3,4,5,3,63,25/26
709501,Yuri Neptune,25.11.23_Bauru,2,25.6,841,2,241,292,219,42,10,45,74,20,5,28,81,22,1,12,3,2,5,4,61,25/26
692169,Alexandre Paranhos,25.11.23_Bauru,3,24.5,672,1,225,322,76,20,3,31,53,19,1,30,53,18,0,1,2,3,3,1,33,25/26
713851,Danilo Fuzaro,25.11.23_Bauru,3,26.2,630,1,205,248,107,32,9,33,53,19,2,34,60,15,1,14,2,1,6,2,56,25/26
723563,Darrell Davis,25.11.23_Bauru,3,26.0,768,1,317,259,112,31,8,42,76,18,2,49,70,17,0,13,2,2,5,3,54,25/26
723898,Erik McCree,25.11.23_Bauru,3,23.8,1316,0,510,544,168,31,0,86,102,31,4,61,125,22,0,2,3,6,3,3,53,25/26
713017,Fernando Fernandes,25.11.23_Bauru,3,5.7,31,0,22,0,0,0,0,4,13,0,0,5,13,0,0,2,2,1,1,0,12,25/26
723896,Jordan Williams,25.11.23_Bauru,3,26.0,932,1,368,372,106,24,11,53,70,13,6,58,74,19,0,2,5,6,4,1,49,25/26
719433,Juan Arengo,25.11.23_Bauru,3,6.0,70,0,53,0,0,0,0,10,16,0,0,16,13,0,0,4,2,1,0,0,12,25/26
712072,Lucas Rodriguez,25.11.23_Bauru,3,5.3,24,0,15,0,0,0,0,5,11,0,0,6,11,0,0,5,1,0,0,0,9,25/26
723475,Rafael Rachel,25.11.23_Bauru,3,23.1,459,0,119,193,101,26,0,31,39,13,2,28,44,10,0,13,6,2,3,2,50,25/26
723467,Ricardo Fischer,25.11.23_Bauru,3,24.8,1025,1,389,347,189,45,3,61,74,14,6,65,64,18,0,4,3,3,6,4,63,25/26
703343,Winicius Braga,25.11.23_Bauru,3,20.4,1153,0,466,475,148,19,0,63,94,38,5,59,115,25,0,1,0,4,8,3,63,25/26
709501,Yuri Neptune,25.11.23_Bauru,3,26.2,771,2,248,249,180,49,12,39,67,17,7,31,62,25,0,2,1,3,5,1,37,25/26
692169,Alexandre Paranhos,25.11.23_Bauru,4,25.8,1727,2,561,754,273,57,9,91,143,39,13,85,144,57,0,3,6,6,10,6,102,25/26
713851,Danilo Fuzaro,25.11.23_Bauru,4,26.6,1218,4,487,370,193,79,29,56,92,32,7,62,93,23,4,8,6,6,9,1,82,25/26
723563,Darrell Davis,25.11.23_Bauru,4,26.1,594,1,243,177,77,48,14,31,53,9,8,49,47,13,0,19,2,2,2,4,58,25/26
723898,Erik McCree,25.11.23_Bauru,4,26.0,1272,2,515,487,138,72,11,64,85,28,10,64,99,30,0,3,2,3,3,8,70,25/26
713017,Fernando Fernandes,25.11.23_Bauru,4,5.2,59,0,40,0,0,0,0,12,23,0,0,16,20,0,0,2,2,2,2,1,27,25/26
723896,Jordan Williams,25.11.23_Bauru,4,21.3,758,0,377,232,91,16,0,41,59,22,3,46,55,20,0,8,4,4,4,0,43,25/26
719433,Juan Arengo,25.11.23_Bauru,4,23.7,783,0,346,275,83,20,0,54,71,19,6,72,70,17,0,5,6,4,2,2,44,25/26
712072,Lucas Rodriguez,25.11.23_Bauru,4,6.5,60,0,41,1,0,0,0,11,18,0,0,17,16,0,0,4,1,0,0,0,7,25/26
723475,Rafael Rachel,25.11.23_Bauru,4,21.6,591,0,260,189,86,19,0,30,71,15,0,28,79,12,0,16,5,3,3,2,58,25/26
723467,Ricardo Fischer,25.11.23_Bauru,4,20.9,1198,0,542,340,220,29,0,66,105,17,10,92,88,23,0,5,7,6,5,4,79,25/26
703343,Winicius Braga,25.11.23_Bauru,4,5.9,18,0,11,0,0,0,0,3,10,0,0,7,8,0,0,18,0,0,0,0,18,25/26
709501,Yuri Neptune,25.11.23_Bauru,4,26.1,591,1,195,172,144,41,6,32,49,13,8,30,45,20,1,12,1,1,5,3,50,25/26
692169,Alexandre Paranhos,25.12.03_Caxias,1,25.9,851,2,233,370,134,73,6,44,70,26,2,46,69,24,1,3,1,2,4,4,50,25/26
713851,Danilo Fuzaro,25.12.03_Caxias,1,24.4,805,1,243,359,147,24,3,53,60,15,4,46,53,22,0,8,5,1,4,4,55,25/26
723563,Darrell Davis,25.12.03_Caxias,1,26.0,811,3,258,301,141,46,25,42,78,18,5,52,69,23,0,4,5,3,2,2,41,25/26
723898,Erik McCree,25.12.03_Caxias,1,22.5,670,0,215,336,61,16,0,35,65,15,4,39,73,13,0,9,1,3,5,1,45,25/26
723896,Jordan Williams,25.12.03_Caxias,1,24.1,749,1,283,282,117,26,2,42,68,17,3,39,60,19,0,3,2,2,4,3,45,25/26
719433,Juan Arengo,25.12.03_Caxias,1,26.0,1266,3,372,418,303,110,11,59,80,36,11,77,75,36,0,4,1,3,8,5,74,25/26
712072,Lucas Rodriguez,25.12.03_Caxias,1,3.5,5,0,2,0,0,0,0,2,3,0,0,2,3,0,0,6,0,0,0,0,6,25/26
723475,Rafael Rachel,25.12.03_Caxias,1,24.0,786,1,234,320,150,53,1,41,59,14,8,34,60,21,0,7,3,5,4,2,54,25/26
723467,Ricardo Fischer,25.12.03_Caxias,1,26.0,910,2,288,356,177,40,11,43,74,15,6,62,41,28,0,7,1,2,3,6,56,25/26
703343,Winicius Braga,25.12.03_Caxias,1,18.7,686,0,229,327,101,2,0,30,61,17,5,35,60,16,0,3,1,2,4,0,31,25/26
709501,Yuri Neptune,25.12.03_Caxias,1,26.5,439,1,143,177,72,21,11,25,31,13,3,22,32,14,0,1,0,1,3,0,16,25/26
692169,Alexandre Paranhos,25.12.03_Caxias,2,25.8,1018,2,352,410,176,31,8,43,79,23,6,52,91,20,1,3,3,4,6,1,51,25/26
713851,Danilo Fuzaro,25.12.03_Caxias,2,26.2,1113,3,395,364,247,32,14,64,104,28,11,48,90,40,1,5,5,4,8,3,75,25/26
723563,Darrell Davis,25.12.03_Caxias,2,27.0,382,2,140,137,44,27,15,17,32,8,5,23,32,6,2,16,4,1,1,3,46,25/26
723898,Erik McCree,25.12.03_Caxias,2,21.7,1017,0,402,413,126,32,0,48,69,21,6,45,81,17,0,9,4,3,6,0,54,25/26
723896,Jordan Williams,25.12.03_Caxias,2,22.3,620,0,238,252,79,21,0,36,45,13,4,29,52,15,0,6,2,2,2,5,50,25/26
719433,Juan Arengo,25.12.03_Caxias,2,23.7,1162,0,388,402,238,88,0,48,83,30,6,52,88,31,0,7,4,5,5,4,72,25/26
712072,Lucas Rodriguez,25.12.03_Caxias,2,26.5,598,4,139,230,132,54,25,24,36,14,8,22,42,18,0,13,3,1,3,2,45,25/26
723475,Rafael Rachel,25.12.03_Caxias,2,24.2,849,2,283,371,97,55,4,49,71,18,5,49,75,18,0,7,7,3,6,1,62,25/26
723467,Ricardo Fischer,25.12.03_Caxias,2,25.5,987,1,381,338,158,62,7,48,62,22,3,47,56,23,0,8,4,3,5,3,59,25/26
703343,Winicius Braga,25.12.03_Caxias,2,20.4,631,0,220,295,75,10,0,41,58,13,5,28,69,14,0,7,1,1,4,2,40,25/26
709501,Yuri Neptune,25.12.03_Caxias,2,24.8,609,1,157,191,180,51,5,21,51,14,4,21,54,14,0,11,1,1,3,4,46,25/26
692169,Alexandre Paranhos,25.12.03_Caxias,3,25.1,713,2,175,338,122,32,11,37,55,26,0,34,69,17,1,1,1,1,3,4,39,25/26
713851,Danilo Fuzaro,25.12.03_Caxias,3,26.0,569,1,149,269,95,31,7,33,42,17,2,22,40,17,0,11,1,1,1,4,45,25/26
723563,Darrell Davis,25.12.03_Caxias,3,23.7,323,0,102,125,57,30,0,17,27,4,3,17,17,10,0,10,4,2,2,2,39,25/26
723898,Erik McCree,25.12.03_Caxias,3,21.8,849,0,331,365,89,25,0,49,71,15,6,46,75,19,0,6,3,5,3,1,43,25/26
723896,Jordan Williams,25.12.03_Caxias,3,19.9,765,0,340,286,89,7,0,41,76,14,2,45,74,11,0,6,3,3,5,2,53,25/26
719433,Juan Arengo,25.12.03_Caxias,3,26.1,970,3,272,356,210,62,32,56,67,17,7,47,60,25,0,7,1,2,2,8,63,25/26
712072,Lucas Rodriguez,25.12.03_Caxias,3,24.3,556,1,188,223,73,40,1,40,48,9,1,54,35,12,0,8,2,2,4,1,38,25/26
723475,Rafael Rachel,25.12.03_Caxias,3,25.6,640,1,235,236,110,30,4,32,53,11,5,35,48,17,0,10,4,2,4,2,46,25/26
723467,Ricardo Fischer,25.12.03_Caxias,3,23.7,668,0,215,268,121,36,0,46,42,15,4,31,49,16,0,11,1,1,1,6,48,25/26
703343,Winicius Braga,25.12.03_Caxias,3,22.6,719,0,289,292,79,32,0,32,64,16,4,30,60,20,0,2,2,3,5,1,36,25/26
709501,Yuri Neptune,25.12.03_Caxias,3,26.0,559,1,182,184,121,32,8,31,57,15,2,28,57,15,0,2,1,3,3,0,25,25/26
692169,Alexandre Paranhos,25.12.03_Caxias,4,19.3,576,0,159,304,87,3,0,32,45,17,2,27,49,14,0,2,2,0,2,2,25,25/26
713851,Danilo Fuzaro,25.12.03_Caxias,4,26.1,970,1,304,382,197,37,8,54,66,23,6,61,70,20,0,9,2,3,5,4,62,25/26
723563,Darrell Davis,25.12.03_Caxias,4,5.3,9,0,4,0,0,0,0,3,5,0,0,4,4,0,0,7,2,0,0,0,14,25/26
723898,Erik McCree,25.12.03_Caxias,4,26.4,851,1,265,374,134,29,12,52,67,13,7,52,62,20,0,2,2,3,5,1,44,25/26
723896,Jordan Williams,25.12.03_Caxias,4,20.4,542,0,250,175,67,16,0,31,44,12,4,38,49,10,0,6,2,2,2,2,36,25/26
719433,Juan Arengo,25.12.03_Caxias,4,5.2,65,0,43,0,0,0,0,6,30,0,0,15,23,0,0,17,0,0,0,0,18,25/26
712072,Lucas Rodriguez,25.12.03_Caxias,4,27.9,1212,6,389,397,221,92,60,73,89,25,13,62,97,34,1,3,5,3,5,7,77,25/26
723475,Rafael Rachel,25.12.03_Caxias,4,26.0,769,2,251,276,120,64,22,42,61,23,6,39,81,17,0,12,4,3,3,2,48,25/26
723467,Ricardo Fischer,25.12.03_Caxias,4,23.1,551,0,227,214,57,26,0,39,43,10,2,37,37,11,0,11,4,2,1,2,43,25/26
703343,Winicius Braga,25.12.03_Caxias,4,21.0,986,0,413,438,82,10,0,55,91,26,3,47,107,21,0,6,2,3,7,4,71,25/26
709501,Yuri Neptune,25.12.03_Caxias,4,28.8,1513,2,427,586,368,55,24,74,107,43,9,55,120,44,1,1,2,5,7,8,87,25/26
692169,Alexandre Paranhos,25.12.05_Unico,1,22.1,948,0,308,388,175,37,0,42,74,25,7,40,85,28,0,2,5,2,4,3,52,25/26
713851,Danilo Fuzaro,25.12.05_Unico,1,26.5,977,1,312,405,154,41,14,68,71,26,4,46,81,25,0,1,9,3,2,2,48,25/26
723563,Darrell Davis,25.12.05_Unico,1,27.2,542,2,171,176,85,65,21,25,45,14,4,24,42,16,0,2,2,1,2,2,29,25/26
723898,Erik McCree,25.12.05_Unico,1,23.4,1037,0,368,499,89,31,0,68,80,26,2,54,91,19,0,3,3,5,4,0,44,25/26
723896,Jordan Williams,25.12.05_Unico,1,21.5,915,0,359,394,110,13,0,61,66,13,7,39,73,19,0,1,4,1,5,8,72,25/26
719433,Juan Arengo,25.12.05_Unico,1,24.8,519,1,162,180,118,24,3,28,58,13,4,28,59,14,0,0,1,3,5,6,64,25/26
712072,Lucas Rodriguez,25.12.05_Unico,1,5.8,47,0,34,0,0,0,0,6,17,0,0,8,16,0,0,12,1,0,0,0,14,25/26
723475,Rafael Rachel,25.12.05_Unico,1,22.1,190,0,81,60,21,13,0,8,22,7,2,10,29,3,1,5,12,1,0,0,34,25/26
723467,Ricardo Fischer,25.12.05_Unico,1,22.3,1049,0,375,416,177,38,0,69,70,20,4,71,73,16,0,1,5,2,2,9,72,25/26
703343,Winicius Braga,25.12.05_Unico,1,19.0,513,0,201,220,71,4,0,26,44,13,2,21,42,13,0,2,1,2,4,0,25,25/26
709501,Yuri Neptune,25.12.05_Unico,1,25.7,447,2,140,121,101,56,11,12,39,13,2,14,33,14,0,2,2,1,2,0,21,25/26
692169,Alexandre Paranhos,25.12.05_Unico,2,22.3,781,0,273,341,105,22,0,40,77,18,3,40,82,16,0,11,2,1,3,4,47,25/26
713851,Danilo Fuzaro,25.12.05_Unico,2,26.3,1037,1,352,329,238,64,9,56,80,31,4,49,79,29,1,4,11,3,4,3,68,25/26
723563,Darrell Davis,25.12.05_Unico,2,26.0,331,2,108,117,49,29,6,16,29,8,5,27,31,6,1,14,2,0,1,2,30,25/26
723898,Erik McCree,25.12.05_Unico,2,21.6,561,0,277,216,35,4,0,26,59,10,1,32,57,11,0,13,4,3,2,1,39,25/26
723896,Jordan Williams,25.12.05_Unico,2,23.3,770,0,315,277,103,33,0,45,67,16,3,55,46,23,0,8,2,4,8,4,77,25/26
719433,Juan Arengo,25.12.05_Unico,2,25.6,966,1,379,319,151,63,5,61,91,18,7,52,84,27,0,3,6,5,6,4,71,25/26
712072,Lucas Rodriguez,25.12.05_Unico,2,26.0,943,4,345,305,161,72,20,43,75,17,6,47,75,19,0,7,7,3,5,3,66,25/26
723475,Rafael Rachel,25.12.05_Unico,2,25.9,1097,1,362,418,214,53,8,71,80,26,3,61,78,25,0,4,10,7,5,0,67,25/26
723467,Ricardo Fischer,25.12.05_Unico,2,26.1,965,1,338,276,250,51,6,42,63,18,4,45,59,22,0,4,12,3,2,5,75,25/26
703343,Winicius Braga,25.12.05_Unico,2,24.8,852,1,332,352,94,26,3,53,85,17,7,47,91,19,0,9,4,3,7,4,77,25/26
709501,Yuri Neptune,25.12.05_Unico,2,24.4,824,2,264,256,186,67,3,36,74,25,5,37,83,22,0,8,3,4,6,2,59,25/26
692169,Alexandre Paranhos,25.12.05_Unico,3,25.9,824,2,255,327,134,55,10,51,71,17,4,24,84,20,0,6,2,1,4,7,61,25/26
713851,Danilo Fuzaro,25.12.05_Unico,3,26.2,1074,4,388,327,183,84,33,54,91,23,5,53,92,25,2,1,5,1,6,7,72,25/26
723563,Darrell Davis,25.12.05_Unico,3,4.3,7,0,2,0,0,0,0,4,4,0,0,4,4,0,0,0,0,0,0,0,0,25/26
723898,Erik McCree,25.12.05_Unico,3,26.1,1026,5,299,399,162,85,45,52,78,18,5,54,74,15,1,5,5,3,4,1,44,25/26
723896,Jordan Williams,25.12.05_Unico,3,24.2,697,1,285,258,76,42,2,34,56,17,5,30,64,15,0,7,1,1,4,5,58,25/26
719433,Juan Arengo,25.12.05_Unico,3,26.0,882,2,372,247,136,55,14,54,77,16,5,65,60,21,0,4,4,2,3,6,58,25/26
712072,Lucas Rodriguez,25.12.05_Unico,3,26.1,763,4,176,294,177,67,21,43,57,12,8,43,49,22,1,9,2,1,3,2,43,25/26
723475,Rafael Rachel,25.12.05_Unico,3,26.0,667,2,206,253,94,71,18,34,55,15,3,23,53,18,1,9,5,3,2,1,38,25/26
723467,Ricardo Fischer,25.12.05_Unico,3,24.9,1077,1,324,439,221,58,3,50,72,19,5,47,58,25,0,5,3,1,3,9,69,25/26
703343,Winicius Braga,25.12.05_Unico,3,21.3,658,0,245,252,104,25,0,46,58,15,4,37,65,19,0,2,1,1,3,3,37,25/26
709501,Yuri Neptune,25.12.05_Unico,3,24.5,588,1,151,196,161,56,2,21,52,10,3,22,44,16,0,1,1,2,2,1,22,25/26
692169,Alexandre Paranhos,25.12.05_Unico,4,24.9,1318,1,558,541,118,18,6,75,124,22,7,83,128,23,0,3,6,5,6,6,83,25/26
713851,Danilo Fuzaro,25.12.05_Unico,4,16.6,219,0,160,19,8,0,0,14,39,3,1,23,31,4,0,4,9,2,2,4,57,25/26
723563,Darrell Davis,25.12.05_Unico,4,6.8,95,0,69,11,0,0,0,8,19,0,0,10,19,0,0,0,0,0,0,0,0,25/26
723898,Erik McCree,25.12.05_Unico,4,24.1,1229,1,558,478,85,36,1,78,119,30,3,83,131,19,0,5,9,7,4,1,65,25/26
723896,Jordan Williams,25.12.05_Unico,4,20.9,632,0,323,212,36,9,0,37,73,20,1,45,83,8,0,12,5,3,6,2,65,25/26
719433,Juan Arengo,25.12.05_Unico,4,24.1,1775,1,794,624,192,69,1,118,129,36,10,97,138,38,0,0,4,6,8,13,122,25/26
712072,Lucas Rodriguez,25.12.05_Unico,4,26.2,1689,4,633,556,263,99,30,94,163,41,13,105,160,36,2,1,5,5,8,9,103,25/26
723475,Rafael Rachel,25.12.05_Unico,4,25.1,715,1,339,260,58,9,5,39,82,13,2,40,83,11,0,13,10,4,2,2,64,25/26
723467,Ricardo Fischer,25.12.05_Unico,4,22.8,381,0,214,80,34,16,0,40,33,2,4,40,27,6,0,13,14,1,0,2,55,25/26
703343,Winicius Braga,25.12.05_Unico,4,18.5,301,0,144,117,16,2,0,20,38,6,0,16,42,5,0,21,1,1,2,1,38,25/26
709501,Yuri Neptune,25.12.05_Unico,4,20.3,1226,0,511,404,226,22,0,59,113,25,2,61,92,30,0,11,6,4,7,2,77,25/26
713851,Danilo Fuzaro,25.12.18_Botafogo,1,26.0,884,3,213,392,157,69,26,48,51,23,4,36,59,21,0,1,6,3,2,1,35,25/26
723563,Darrell Davis,25.12.18_Botafogo,1,24.3,466,1,130,177,115,21,4,20,33,14,3,17,35,11,0,9,1,1,2,2,30,25/26
723898,Erik McCree,25.12.18_Botafogo,1,23.0,784,0,248,395,101,11,0,45,71,15,1,34,70,19,0,4,2,3,3,1,35,25/26
713017,Fernando Fernandes,25.12.18_Botafogo,1,26.1,382,2,120,111,69,36,28,22,30,8,4,24,24,14,0,4,0,2,1,1,18,25/26
723896,Jordan Williams,25.12.18_Botafogo,1,20.7,888,0,262,450,133,7,0,48,61,19,6,43,65,21,0,3,0,2,7,3,49,25/26
712072,Lucas Rodriguez,25.12.18_Botafogo,1,26.9,1068,5,235,457,205,83,62,51,57,16,10,35,67,24,0,1,4,1,2,5,48,25/26
723475,Rafael Rachel,25.12.18_Botafogo,1,25.5,488,1,153,175,100,33,6,20,46,8,2,16,50,6,0,5,4,2,4,1,36,25/26
703342,Vinci Oliveira,25.12.18_Botafogo,1,18.9,332,0,111,149,55,4,0,16,33,9,2,14,40,7,0,4,2,2,1,1,22,25/26
703343,Winicius Braga,25.12.18_Botafogo,1,22.7,911,0,317,497,54,7,0,68,77,18,4,39,89,19,0,1,4,2,3,4,44,25/26
709501,Yuri Neptune,25.12.18_Botafogo,1,26.4,515,1,153,182,120,27,9,13,45,9,5,21,38,13,1,8,2,1,2,1,24,25/26
713851,Danilo Fuzaro,25.12.18_Botafogo,2,26.0,1291,4,516,380,219,110,13,58,90,31,14,46,102,35,2,1,5,6,6,5,82,25/26
723563,Darrell Davis,25.12.18_Botafogo,2,25.5,718,1,205,270,169,39,6,31,60,11,4,38,54,17,0,6,9,4,1,1,49,25/26
723898,Erik McCree,25.12.18_Botafogo,2,21.2,886,0,388,315,94,42,0,47,75,18,1,50,80,13,0,11,5,4,6,0,55,25/26
713017,Fernando Fernandes,25.12.18_Botafogo,2,29.4,614,5,205,161,94,52,71,27,42,11,9,31,34,17,2,15,3,1,3,3,48,25/26
723896,Jordan Williams,25.12.18_Botafogo,2,26.0,887,2,351,330,102,45,11,44,69,20,4,44,77,18,0,4,5,4,4,2,53,25/26
712072,Lucas Rodriguez,25.12.18_Botafogo,2,26.4,1207,4,398,401,248,76,37,56,81,23,6,57,90,19,1,1,9,5,5,3,71,25/26
723475,Rafael Rachel,25.12.18_Botafogo,2,23.0,755,0,199,310,137,84,0,31,68,12,4,33,57,20,0,11,5,2,5,3,59,25/26
703342,Vinci Oliveira,25.12.18_Botafogo,2,26.0,528,2,153,201,103,36,17,21,39,13,4,20,42,14,0,9,10,1,1,4,58,25/26
703343,Winicius Braga,25.12.18_Botafogo,2,22.6,1156,0,474,504,113,23,0,52,94,23,5,55,95,22,0,5,6,4,6,5,77,25/26
709501,Yuri Neptune,25.12.18_Botafogo,2,26.0,691,2,210,227,148,67,7,33,62,16,0,34,56,16,0,11,7,3,2,2,52,25/26
713851,Danilo Fuzaro,25.12.18_Botafogo,3,26.7,1032,1,439,326,173,36,7,49,91,18,8,62,82,22,0,3,3,4,6,3,59,25/26
723563,Darrell Davis,25.12.18_Botafogo,3,25.8,893,2,249,363,170,59,19,39,66,27,8,43,67,28,1,8,3,3,3,4,48,25/26
723898,Erik McCree,25.12.18_Botafogo,3,23.2,1107,0,450,431,140,34,0,63,80,29,6,58,94,21,0,4,5,6,6,1,61,25/26
713017,Fernando Fernandes,25.12.18_Botafogo,3,26.0,705,1,255,218,166,35,11,27,44,14,7,28,38,20,0,9,1,2,1,2,31,25/26
723896,Jordan Williams,25.12.18_Botafogo,3,22.5,721,0,260,330,82,12,0,56,52,18,3,45,53,20,0,3,4,3,5,1,43,25/26
712072,Lucas Rodriguez,25.12.18_Botafogo,3,26.7,870,4,308,233,188,67,42,31,70,17,8,29,63,24,1,3,6,5,2,2,48,25/26
723475,Rafael Rachel,25.12.18_Botafogo,3,19.2,509,0,201,207,65,8,0,39,49,5,4,32,59,6,0,13,2,2,5,0,42,25/26
703342,Vinci Oliveira,25.12.18_Botafogo,3,6.6,12,0,8,1,0,0,0,2,6,0,0,3,5,0,0,20,1,0,0,0,21,25/26
703343,Winicius Braga,25.12.18_Botafogo,3,20.8,742,0,297,295,104,11,0,33,62,22,1,34,78,13,0,0,5,2,4,1,37,25/26
709501,Yuri Neptune,25.12.18_Botafogo,3,23.0,764,0,258,216,195,58,0,28,68,19,2,28,73,16,1,11,4,3,2,2,44,25/26
713851,Danilo Fuzaro,25.12.18_Botafogo,4,20.1,177,0,86,44,20,7,0,18,16,4,1,25,11,4,0,16,5,1,1,1,40,25/26
723563,Darrell Davis,25.12.18_Botafogo,4,6.8,48,0,33,3,0,0,0,8,13,0,0,13,12,0,0,10,12,3,0,0,42,25/26
723898,Erik McCree,25.12.18_Botafogo,4,7.8,60,0,42,4,0,0,0,4,21,1,0,5,22,0,0,15,2,0,0,0,20,25/26
713017,Fernando Fernandes,25.12.18_Botafogo,4,17.8,171,0,99,15,28,0,0,19,30,1,0,24,33,1,0,11,4,0,0,1,26,25/26
723896,Jordan Williams,25.12.18_Botafogo,4,26.3,1109,1,448,397,156,45,15,51,87,18,11,46,90,26,0,3,5,7,5,3,72,25/26
712072,Lucas Rodriguez,25.12.18_Botafogo,4,26.6,1192,4,480,429,131,38,52,65,105,22,9,76,109,22,1,1,6,6,6,4,74,25/26
723475,Rafael Rachel,25.12.18_Botafogo,4,20.5,1027,0,421,355,152,44,0,59,96,24,2,51,110,13,1,1,10,7,7,0,70,25/26
703342,Vinci Oliveira,25.12.18_Botafogo,4,6.5,54,0,37,1,0,0,0,5,30,0,0,5,29,2,0,19,0,0,0,0,19,25/26
703343,Winicius Braga,25.12.18_Botafogo,4,21.5,1034,0,472,381,80,45,0,55,103,27,6,54,111,21,0,1,6,7,7,4,81,25/26
709501,Yuri Neptune,25.12.18_Botafogo,4,24.6,1196,1,416,448,211,59,2,64,95,23,8,57,96,31,0,1,4,8,7,4,81,25/26
692169,Alexandre Paranhos,25.12.21_Vasco,1,23.8,741,0,224,328,113,42,0,44,55,21,4,41,57,23,0,2,2,2,4,2,39,25/26
713851,Danilo Fuzaro,25.12.21_Vasco,1,23.1,700,0,200,297,147,30,0,40,47,18,5,30,49,17,1,7,2,2,3,3,42,25/26
723898,Erik McCree,25.12.21_Vasco,1,26.4,931,3,247,439,157,34,28,45,62,18,5,42,60,27,0,4,2,3,3,2,39,25/26
713017,Fernando Fernandes,25.12.21_Vasco,1,6.6,30,0,20,1,0,0,0,1,17,0,0,2,17,0,0,1,2,1,2,6,48,25/26
723896,Jordan Williams,25.12.21_Vasco,1,22.7,847,0,292,315,178,33,0,34,60,21,6,49,56,23,0,5,2,1,5,3,49,25/26
712072,Lucas Rodriguez,25.12.21_Vasco,1,26.6,904,4,170,353,212,107,44,34,49,26,5,28,54,20,1,5,3,1,2,6,50,25/26
723475,Rafael Rachel,25.12.21_Vasco,1,24.0,619,0,180,251,139,22,0,35,48,17,0,25,58,11,0,5,1,2,4,0,28,25/26
723467,Ricardo Fischer,25.12.21_Vasco,1,23.0,744,0,265,248,167,25,0,40,58,16,5,57,55,16,0,5,1,1,3,4,40,25/26
724919,Tim Frazier,25.12.21_Vasco,1,21.1,586,0,228,203,118,12,0,32,34,9,5,29,46,11,0,9,2,1,4,1,37,25/26
703342,Vinci Oliveira,25.12.21_Vasco,1,4.7,7,0,4,0,0,0,0,3,4,0,0,3,4,0,0,1,1,0,0,0,4,25/26
703343,Winicius Braga,25.12.21_Vasco,1,23.4,665,0,208,321,86,33,0,27,37,17,5,28,54,11,0,6,2,1,5,0,36,25/26
709501,Yuri Neptune,25.12.21_Vasco,1,23.5,744,0,223,269,196,27,0,39,59,21,1,38,55,22,0,3,3,3,3,1,36,25/26
692169,Alexandre Paranhos,25.12.21_Vasco,2,24.0,370,0,128,164,36,25,0,20,22,11,4,18,34,11,0,5,3,2,1,2,32,25/26
713851,Danilo Fuzaro,25.12.21_Vasco,2,22.0,1204,0,424,436,214,76,0,65,97,24,6,61,81,35,0,5,2,3,4,4,52,25/26
723898,Erik McCree,25.12.21_Vasco,2,25.8,1197,2,489,453,151,47,4,61,98,21,7,49,105,21,0,3,8,4,3,2,51,25/26
713017,Fernando Fernandes,25.12.21_Vasco,2,6.0,79,0,61,0,0,0,0,7,26,0,0,12,23,0,0,3,1,1,1,4,33,25/26
723896,Jordan Williams,25.12.21_Vasco,2,20.3,812,0,359,298,94,18,0,39,66,28,1,41,78,15,0,6,2,3,7,2,58,25/26
712072,Lucas Rodriguez,25.12.21_Vasco,2,26.0,1109,5,261,445,227,102,39,37,82,26,12,52,70,38,0,8,5,2,4,5,67,25/26
723475,Rafael Rachel,25.12.21_Vasco,2,22.1,1183,0,478,469,158,31,0,71,98,27,3,61,109,23,0,7,6,5,6,0,60,25/26
723467,Ricardo Fischer,25.12.21_Vasco,2,19.1,435,0,204,139,59,3,0,26,38,7,1,31,37,5,0,13,3,2,3,1,39,25/26
724919,Tim Frazier,25.12.21_Vasco,2,23.7,409,0,201,132,38,12,0,26,32,8,1,38,25,8,0,4,16,1,1,3,57,25/26
703342,Vinci Oliveira,25.12.21_Vasco,2,6.9,68,0,47,7,0,0,0,4,26,1,0,5,28,1,0,1,0,0,0,0,2,25/26
703343,Winicius Braga,25.12.21_Vasco,2,21.2,1250,0,450,579,146,24,0,63,102,30,5,71,98,31,0,5,4,5,8,2,69,25/26
709501,Yuri Neptune,25.12.21_Vasco,2,22.6,435,0,195,120,65,17,0,27,64,8,1,29,62,6,0,16,5,1,1,1,38,25/26
692169,Alexandre Paranhos,25.12.21_Vasco,3,20.3,647,0,241,257,88,21,0,37,57,16,3,46,69,13,0,2,2,3,2,1,27,25/26
713851,Danilo Fuzaro,25.12.21_Vasco,3,25.8,838,2,308,354,98,29,6,45,78,22,4,64,83,12,1,3,3,4,2,1,39,25/26
723898,Erik McCree,25.12.21_Vasco,3,20.8,964,0,374,473,56,16,0,63,71,21,2,51,75,19,0,3,4,6,2,0,35,25/26
713017,Fernando Fernandes,25.12.21_Vasco,3,5.4,49,0,36,0,0,0,0,4,20,0,0,3,22,0,0,2,2,1,2,1,21,25/26
723896,Jordan Williams,25.12.21_Vasco,3,20.7,778,0,273,358,84,26,0,44,69,18,3,44,72,15,0,5,3,4,5,0,43,25/26
712072,Lucas Rodriguez,25.12.21_Vasco,3,26.5,829,4,168,331,182,87,39,32,50,21,12,22,56,28,0,9,5,2,3,4,58,25/26
723475,Rafael Rachel,25.12.21_Vasco,3,23.4,561,0,230,197,83,19,0,43,52,4,4,41,54,5,0,7,1,4,2,0,31,25/26
723467,Ricardo Fischer,25.12.21_Vasco,3,22.3,549,0,245,163,75,37,0,37,45,6,4,35,44,11,0,9,2,2,3,2,41,25/26
724919,Tim Frazier,25.12.21_Vasco,3,26.2,1003,3,461,328,112,36,19,55,63,21,8,66,74,19,0,1,9,4,5,1,55,25/26
703342,Vinci Oliveira,25.12.21_Vasco,3,5.8,16,0,12,0,0,0,0,1,9,0,0,4,9,0,0,2,3,4,5,3,58,25/26
703343,Winicius Braga,25.12.21_Vasco,3,21.5,884,0,289,447,80,30,0,40,98,16,2,46,82,16,0,5,2,3,6,2,50,25/26
709501,Yuri Neptune,25.12.21_Vasco,3,26.0,732,2,282,249,116,41,8,36,72,12,3,33,65,21,0,7,2,2,4,0,33,25/26
692169,Alexandre Paranhos,25.12.21_Vasco,4,22.6,579,0,217,234,58,34,0,25,57,9,6,33,53,9,0,3,3,3,2,2,37,25/26
713851,Danilo Fuzaro,25.12.21_Vasco,4,26.0,923,2,344,294,153,54,18,70,93,25,3,64,83,24,0,3,7,4,4,2,55,25/26
723898,Erik McCree,25.12.21_Vasco,4,25.6,945,1,341,368,132,48,6,50,80,20,8,52,97,16,0,3,4,3,1,0,25,25/26
713017,Fernando Fernandes,25.12.21_Vasco,4,25.7,387,1,204,89,35,14,4,23,52,7,0,31,46,5,0,4,3,3,1,1,27,25/26
723896,Jordan Williams,25.12.21_Vasco,4,19.8,891,0,398,360,85,5,0,49,81,9,1,48,76,9,0,7,4,2,4,4,57,25/26
712072,Lucas Rodriguez,25.12.21_Vasco,4,24.8,1257,1,382,506,226,88,3,60,98,38,3,67,115,23,0,4,8,4,5,6,85,25/26
723475,Rafael Rachel,25.12.21_Vasco,4,25.9,580,1,224,213,73,37,5,36,52,7,1,34,54,5,1,14,1,3,3,0,38,25/26
723467,Ricardo Fischer,25.12.21_Vasco,4,22.9,553,0,235,185,70,26,0,38,47,14,1,44,46,10,0,12,1,2,3,3,44,25/26
724919,Tim Frazier,25.12.21_Vasco,4,21.2,492,0,200,148,94,18,0,44,26,16,3,38,31,9,0,10,11,1,0,0,36,25/26
703342,Vinci Oliveira,25.12.21_Vasco,4,19.5,321,0,180,72,32,9,0,14,51,9,0,17,56,5,0,2,5,5,3,2,52,25/26
703343,Winicius Braga,25.12.21_Vasco,4,18.4,862,0,332,394,94,1,0,43,83,21,2,34,103,11,0,7,4,2,3,1,35,25/26
709501,Yuri Neptune,25.12.21_Vasco,4,26.1,806,1,358,270,109,14,15,41,70,17,4,44,63,17,0,13,3,2,1,3,44,25/26
692169,Alexandre Paranhos,25.12.23_Flamengo,1,12.9,93,0,54,30,2,0,0,10,11,2,0,11,10,2,0,1,2,2,3,2,34,25/26
713851,Danilo Fuzaro,25.12.23_Flamengo,1,26.4,1105,4,312,437,193,106,23,60,73,23,8,62,70,26,1,0,0,1,3,9,60,25/26
723898,Erik McCree,25.12.23_Flamengo,1,20.5,1038,0,298,511,162,27,0,57,69,27,6,61,84,21,0,0,1,2,6,3,48,25/26
713017,Fernando Fernandes,25.12.23_Flamengo,1,12.8,60,0,35,11,3,0,0,2,20,3,0,6,24,0,0,1,2,1,1,0,14,25/26
723896,Jordan Williams,25.12.23_Flamengo,1,17.4,920,0,257,508,122,0,0,51,63,24,2,39,74,22,0,0,0,2,5,6,55,25/26
719433,Juan Arengo,25.12.23_Flamengo,1,16.1,91,0,41,30,7,0,0,8,15,3,1,8,19,1,0,5,6,2,0,0,22,25/26
712072,Lucas Rodriguez,25.12.23_Flamengo,1,27.6,1334,6,271,536,326,124,49,63,60,37,11,50,79,36,0,0,0,1,2,10,60,25/26
723475,Rafael Rachel,25.12.23_Flamengo,1,8.6,79,0,51,19,0,0,0,6,16,1,0,9,17,0,0,3,9,1,0,0,23,25/26
723467,Ricardo Fischer,25.12.23_Flamengo,1,4.1,8,0,5,0,0,0,0,2,1,0,0,3,0,0,0,11,0,0,0,0,12,25/26
724919,Tim Frazier,25.12.23_Flamengo,1,17.2,116,0,74,24,6,0,0,11,8,3,0,12,9,2,0,0,9,3,0,0,30,25/26
703343,Winicius Braga,25.12.23_Flamengo,1,19.8,992,0,308,514,123,10,0,55,82,26,2,65,86,21,0,0,1,2,2,8,55,25/26
709501,Yuri Neptune,25.12.23_Flamengo,1,7.5,31,0,19,5,0,0,0,3,11,0,0,3,13,0,0,3,0,0,0,0,3,25/26
692169,Alexandre Paranhos,25.12.23_Flamengo,2,26.2,805,1,246,353,109,40,11,57,82,24,1,43,100,18,1,2,5,3,4,6,70,25/26
713851,Danilo Fuzaro,25.12.23_Flamengo,2,27.0,811,1,326,226,130,60,19,52,68,15,5,44,65,17,1,0,11,8,6,3,87,25/26
723898,Erik McCree,25.12.23_Flamengo,2,24.9,800,1,368,325,50,9,4,47,69,20,3,47,86,14,0,14,6,6,3,0,53,25/26
713017,Fernando Fernandes,25.12.23_Flamengo,2,7.9,98,0,67,5,0,0,0,11,38,1,0,13,37,0,0,0,1,5,7,5,72,25/26
723896,Jordan Williams,25.12.23_Flamengo,2,19.1,438,0,152,208,47,3,0,29,47,5,1,31,34,9,0,21,3,1,2,2,48,25/26
719433,Juan Arengo,25.12.23_Flamengo,2,26.3,1694,3,574,661,315,61,20,82,114,35,12,76,105,45,0,1,3,6,7,12,111,25/26
712072,Lucas Rodriguez,25.12.23_Flamengo,2,25.9,768,2,240,296,142,44,11,52,59,11,5,43,64,15,0,4,16,3,3,3,70,25/26
723475,Rafael Rachel,25.12.23_Flamengo,2,21.0,1164,0,381,460,241,36,0,59,99,23,7,46,105,24,1,9,6,4,8,3,75,25/26
723467,Ricardo Fischer,25.12.23_Flamengo,2,15.3,102,0,70,10,5,0,0,11,9,1,0,18,6,0,0,9,1,0,0,0,10,25/26
724919,Tim Frazier,25.12.23_Flamengo,2,26.0,975,1,418,362,89,39,13,73,71,14,2,60,67,19,0,3,12,2,3,9,86,25/26
703343,Winicius Braga,25.12.23_Flamengo,2,26.3,754,1,336,274,101,4,9,26,69,16,4,30,61,23,0,15,5,3,4,1,57,25/26
709501,Yuri Neptune,25.12.23_Flamengo,2,27.0,807,3,283,238,153,56,32,43,87,18,4,40,71,25,1,7,2,3,5,1,44,25/26
692169,Alexandre Paranhos,25.12.23_Flamengo,3,22.0,565,0,205,234,77,19,0,30,52,16,4,33,60,14,0,2,5,4,2,3,46,25/26
713851,Danilo Fuzaro,25.12.23_Flamengo,3,25.9,947,1,345,347,182,18,4,61,95,18,5,46,91,18,0,0,5,3,6,7,79,25/26
723898,Erik McCree,25.12.23_Flamengo,3,22.3,1010,0,382,442,121,16,0,65,97,15,3,63,96,17,0,4,3,8,5,0,55,25/26
713017,Fernando Fernandes,25.12.23_Flamengo,3,6.5,69,0,47,3,0,0,0,8,32,1,0,11,33,0,0,1,1,1,1,0,8,25/26
723896,Jordan Williams,25.12.23_Flamengo,3,22.6,1251,0,409,585,147,48,0,71,114,31,11,71,116,34,0,0,3,3,6,9,85,25/26
719433,Juan Arengo,25.12.23_Flamengo,3,25.9,622,1,228,191,120,32,7,32,68,14,3,31,72,14,0,1,14,1,2,3,56,25/26
712072,Lucas Rodriguez,25.12.23_Flamengo,3,26.0,1059,1,326,341,258,91,5,56,70,28,5,48,73,23,0,1,7,3,4,6,72,25/26
723475,Rafael Rachel,25.12.23_Flamengo,3,24.0,465,0,150,142,86,66,0,25,38,11,1,21,48,8,0,14,3,1,2,2,37,25/26
723467,Ricardo Fischer,25.12.23_Flamengo,3,24.7,652,1,242,222,136,17,3,39,45,11,5,38,54,12,0,0,2,1,2,4,35,25/26
724919,Tim Frazier,25.12.23_Flamengo,3,4.6,26,0,20,0,0,0,0,5,7,0,0,6,7,0,0,2,19,0,0,0,41,25/26
703343,Winicius Braga,25.12.23_Flamengo,3,21.5,860,0,306,396,60,51,0,56,76,25,4,58,100,17,0,7,3,3,6,3,59,25/26
709501,Yuri Neptune,25.12.23_Flamengo,3,4.8,25,0,13,0,0,0,0,9,11,0,0,9,12,0,0,1,0,0,0,0,1,25/26
692169,Alexandre Paranhos,25.12.23_Flamengo,4,26.6,452,1,150,186,46,33,10,35,45,14,3,32,39,19,1,9,1,1,2,3,39,25/26
713851,Danilo Fuzaro,25.12.23_Flamengo,4,26.5,310,1,107,119,40,8,11,30,35,13,1,16,43,10,0,10,11,1,3,2,54,25/26
723898,Erik McCree,25.12.23_Flamengo,4,22.5,1222,0,495,520,143,9,0,68,111,27,4,67,131,17,0,3,8,8,4,0,59,25/26
713017,Fernando Fernandes,25.12.23_Flamengo,4,11.2,111,0,76,9,0,0,0,11,39,1,1,11,43,1,0,3,1,0,1,0,8,25/26
723896,Jordan Williams,25.12.23_Flamengo,4,24.3,1179,1,485,459,134,36,3,72,95,26,2,68,98,27,0,4,5,4,8,6,87,25/26
719433,Juan Arengo,25.12.23_Flamengo,4,27.2,1745,6,628,573,300,100,55,88,132,42,10,91,129,41,0,0,0,7,9,10,110,25/26
712072,Lucas Rodriguez,25.12.23_Flamengo,4,26.4,549,1,238,153,81,25,17,35,54,14,3,32,62,10,1,6,14,3,3,1,59,25/26
723475,Rafael Rachel,25.12.23_Flamengo,4,26.3,409,1,167,140,38,18,20,22,49,10,0,25,45,9,0,17,4,2,3,0,45,25/26
723467,Ricardo Fischer,25.12.23_Flamengo,4,21.0,546,0,208,169,104,29,0,37,34,14,6,28,40,17,0,16,4,0,1,6,57,25/26
724919,Tim Frazier,25.12.23_Flamengo,4,22.0,777,0,444,207,41,23,0,51,70,8,3,68,55,11,0,8,7,2,5,5,72,25/26
703343,Winicius Braga,25.12.23_Flamengo,4,25.9,1127,1,489,387,176,16,5,53,107,24,8,40,115,31,1,7,2,4,8,4,75,25/26
709501,Yuri Neptune,25.12.23_Flamengo,4,5.4,58,0,41,0,0,0,0,6,27,0,0,9,26,0,0,1,0,0,0,0,3,25/26
692169,Alexandre Paranhos,25.12.27_Fortaleza,1,24.1,946,1,345,400,131,26,2,47,74,20,5,44,82,20,0,1,5,4,6,1,52,25/26
713851,Danilo Fuzaro,25.12.27_Fortaleza,1,25.3,539,1,159,206,120,25,3,29,43,10,5,27,40,17,0,0,11,3,2,4,60,25/26
723898,Erik McCree,25.12.27_Fortaleza,1,21.8,550,0,204,238,70,15,0,31,47,7,0,25,50,7,0,9,2,1,1,2,30,25/26
723896,Jordan Williams,25.12.27_Fortaleza,1,18.2,362,0,162,137,46,3,0,22,25,6,1,24,16,8,0,7,1,1,2,1,28,25/26
719433,Juan Arengo,25.12.27_Fortaleza,1,24.7,945,1,345,305,167,79,2,51,84,21,7,52,81,23,0,2,5,4,4,1,44,25/26
712072,Lucas Rodriguez,25.12.27_Fortaleza,1,25.4,527,1,130,175,121,76,6,19,41,8,5,28,26,20,0,11,3,1,2,1,38,25/26
723475,Rafael Rachel,25.12.27_Fortaleza,1,18.1,851,0,310,361,141,1,0,49,74,20,2,42,72,21,0,5,5,4,6,0,53,25/26
723467,Ricardo Fischer,25.12.27_Fortaleza,1,18.7,872,0,346,324,146,8,0,56,78,12,2,58,58,20,0,3,5,2,3,1,39,25/26
703343,Winicius Braga,25.12.27_Fortaleza,1,18.0,289,0,117,123,39,0,0,12,25,7,1,15,25,7,0,5,4,2,2,1,34,25/26
709501,Yuri Neptune,25.12.27_Fortaleza,1,21.6,960,0,311,364,212,32,0,48,74,20,3,48,65,23,1,3,4,4,4,1,42,25/26
692169,Alexandre Paranhos,25.12.27_Fortaleza,2,20.7,841,0,345,306,124,21,0,44,74,21,6,44,86,23,0,7,5,3,7,3,71,25/26
713851,Danilo Fuzaro,25.12.27_Fortaleza,2,25.0,824,2,248,267,210,56,6,44,64,19,3,31,63,21,1,9,9,5,6,4,88,25/26
723898,Erik McCree,25.12.27_Fortaleza,2,25.5,1382,1,654,506,127,13,4,67,126,29,4,84,131,20,0,5,9,13,6,0,88,25/26
723896,Jordan Williams,25.12.27_Fortaleza,2,23.0,1107,0,467,395,145,38,0,69,82,27,4,62,98,21,1,4,9,6,5,2,67,25/26
719433,Juan Arengo,25.12.27_Fortaleza,2,26.7,1475,7,496,451,227,167,64,73,114,29,6,75,101,32,0,8,9,5,7,4,89,25/26
712072,Lucas Rodriguez,25.12.27_Fortaleza,2,27.4,1593,7,465,549,350,110,58,77,108,33,10,77,111,42,0,8,9,6,8,1,84,25/26
723475,Rafael Rachel,25.12.27_Fortaleza,2,24.2,390,1,140,127,61,35,3,21,43,3,2,25,40,6,0,22,7,1,3,0,52,25/26
723467,Ricardo Fischer,25.12.27_Fortaleza,2,23.6,576,0,256,161,84,32,0,30,64,7,1,40,45,13,0,18,3,2,3,1,50,25/26
703343,Winicius Braga,25.12.27_Fortaleza,2,23.8,746,0,316,268,98,31,0,36,59,18,4,35,67,15,0,16,3,3,4,0,48,25/26
709501,Yuri Neptune,25.12.27_Fortaleza,2,26.1,746,1,315,234,109,38,11,42,58,7,4,45,60,10,0,11,2,4,5,0,45,25/26
692169,Alexandre Paranhos,25.12.27_Fortaleza,3,20.4,805,0,281,354,98,16,0,51,84,16,1,55,84,15,0,8,3,1,4,9,79,25/26
713851,Danilo Fuzaro,25.12.27_Fortaleza,3,26.0,916,3,332,299,176,51,12,44,80,23,4,41,64,29,1,3,10,3,4,6,75,25/26
723898,Erik McCree,25.12.27_Fortaleza,3,24.1,884,1,285,428,81,49,1,49,69,18,3,52,72,14,0,10,3,5,6,0,55,25/26
723896,Jordan Williams,25.12.27_Fortaleza,3,20.5,1228,0,495,536,137,15,0,72,92,22,4,67,93,17,0,1,4,7,8,4,83,25/26
719433,Juan Arengo,25.12.27_Fortaleza,3,24.3,836,1,324,303,134,34,2,42,71,20,4,35,75,20,0,10,5,5,4,1,51,25/26
712072,Lucas Rodriguez,25.12.27_Fortaleza,3,26.0,1081,4,284,420,214,91,26,50,76,24,6,52,79,29,1,7,6,3,5,4,71,25/26
723475,Rafael Rachel,25.12.27_Fortaleza,3,25.8,865,1,300,349,130,51,5,43,76,17,3,46,75,18,0,10,3,5,6,1,61,25/26
723467,Ricardo Fischer,25.12.27_Fortaleza,3,20.4,755,0,303,270,112,29,0,47,61,13,1,46,57,12,0,4,3,3,3,2,38,25/26
703343,Winicius Braga,25.12.27_Fortaleza,3,20.8,654,0,212,324,74,22,0,32,63,9,1,27,66,9,0,4,3,2,4,1,35,25/26
709501,Yuri Neptune,25.12.27_Fortaleza,3,23.3,315,0,108,83,91,17,0,11,27,6,2,13,27,6,0,2,1,1,0,0,9,25/26
692169,Alexandre Paranhos,25.12.27_Fortaleza,4,7.6,51,0,40,3,0,0,0,2,11,1,0,10,8,0,0,4,0,0,0,0,4,25/26
713851,Danilo Fuzaro,25.12.27_Fortaleza,4,19.5,967,0,356,400,151,8,0,47,84,23,2,42,85,22,0,4,5,5,9,1,71,25/26
723898,Erik McCree,25.12.27_Fortaleza,4,6.7,13,0,11,1,0,0,0,1,3,1,0,1,4,0,0,7,0,0,0,0,7,25/26
723896,Jordan Williams,25.12.27_Fortaleza,4,17.5,797,0,367,330,61,0,0,54,60,11,1,43,73,6,0,9,3,4,4,2,53,25/26
719433,Juan Arengo,25.12.27_Fortaleza,4,21.9,1362,0,552,547,177,24,0,80,115,30,0,67,120,18,0,0,7,9,7,1,75,25/26
712072,Lucas Rodriguez,25.12.27_Fortaleza,4,5.4,54,0,47,0,0,0,0,7,3,0,0,4,5,0,0,21,4,0,0,0,29,25/26
723475,Rafael Rachel,25.12.27_Fortaleza,4,19.7,534,0,156,208,127,16,0,24,50,12,6,21,50,15,0,12,5,1,3,3,54,25/26
723467,Ricardo Fischer,25.12.27_Fortaleza,4,22.1,1551,0,721,550,182,8,0,102,127,24,3,90,134,16,0,0,3,6,8,7,94,25/26
703343,Winicius Braga,25.12.27_Fortaleza,4,23.2,1102,0,393,494,155,17,0,51,103,23,1,48,85,28,0,4,3,4,7,4,69,25/26
709501,Yuri Neptune,25.12.27_Fortaleza,4,25.7,1197,1,492,407,191,38,5,64,116,16,6,47,117,16,0,3,6,8,6,0,65,25/26
692169,Alexandre Paranhos,25.12.29_Unifacisa,1,25.9,1047,1,379,410,188,23,4,50,75,24,9,32,90,29,1,1,1,1,9,4,60,25/26
713851,Danilo Fuzaro,25.12.29_Unifacisa,1,25.8,445,1,115,192,89,26,5,34,28,10,4,21,33,10,0,12,3,1,1,4,43,25/26
723898,Erik McCree,25.12.29_Unifacisa,1,22.7,970,0,298,482,114,36,0,64,62,18,4,58,71,18,0,5,3,5,4,2,52,25/26
723896,Jordan Williams,25.12.29_Unifacisa,1,24.4,718,1,201,299,150,37,3,38,47,19,4,35,55,20,0,3,2,4,5,3,51,25/26
719433,Juan Arengo,25.12.29_Unifacisa,1,26.1,1261,5,381,456,223,117,25,63,86,33,8,60,94,34,0,1,1,2,8,5,66,25/26
712072,Lucas Rodriguez,25.12.29_Unifacisa,1,26.3,955,2,219,318,274,102,11,57,52,32,9,48,50,40,0,4,5,2,3,3,50,25/26
723475,Rafael Rachel,25.12.29_Unifacisa,1,18.7,457,0,153,197,79,10,0,33,40,9,3,30,43,8,0,1,12,4,4,0,51,25/26
723467,Ricardo Fischer,25.12.29_Unifacisa,1,23.9,759,0,309,249,117,41,0,46,62,14,6,41,66,17,0,4,1,2,3,6,53,25/26
703343,Winicius Braga,25.12.29_Unifacisa,1,22.4,491,0,130,249,75,19,0,21,41,12,2,25,40,13,0,3,3,3,4,2,41,25/26
709501,Yuri Neptune,25.12.29_Unifacisa,1,19.5,854,0,313,308,190,8,0,29,85,16,0,34,75,19,0,4,3,3,3,0,34,25/26
692169,Alexandre Paranhos,25.12.29_Unifacisa,2,25.9,1198,2,477,406,181,53,17,59,119,24,6,63,111,33,0,3,3,5,7,7,87,25/26
713851,Danilo Fuzaro,25.12.29_Unifacisa,2,5.2,54,0,34,0,0,0,0,11,20,0,0,13,18,0,0,21,3,0,0,0,28,25/26
723898,Erik McCree,25.12.29_Unifacisa,2,15.3,644,0,310,267,24,0,0,31,69,18,0,49,80,6,0,5,12,4,2,0,51,25/26
723896,Jordan Williams,25.12.29_Unifacisa,2,23.7,1173,0,435,486,152,39,0,61,105,29,4,69,103,24,0,2,4,5,8,5,81,25/26
719433,Juan Arengo,25.12.29_Unifacisa,2,26.2,897,1,379,259,137,67,11,43,72,22,9,46,77,21,1,5,9,2,4,6,71,25/26
712072,Lucas Rodriguez,25.12.29_Unifacisa,2,26.2,785,3,249,265,159,57,25,31,63,13,5,34,58,15,0,2,9,3,3,6,69,25/26
723475,Rafael Rachel,25.12.29_Unifacisa,2,26.6,1711,1,626,647,280,87,17,77,117,39,5,61,137,30,0,0,1,9,10,5,94,25/26
723467,Ricardo Fischer,25.12.29_Unifacisa,2,21.6,968,0,435,340,114,38,0,43,60,21,6,59,57,20,0,5,6,4,4,6,77,25/26
703343,Winicius Braga,25.12.29_Unifacisa,2,21.3,296,0,93,145,40,5,0,14,35,2,2,19,29,5,0,19,1,1,2,0,32,25/26
709501,Yuri Neptune,25.12.29_Unifacisa,2,22.2,354,0,161,93,51,25,0,18,42,8,0,25,42,4,0,14,2,1,1,0,25,25/26
692169,Alexandre Paranhos,25.12.29_Unifacisa,3,18.1,727,0,252,351,73,2,0,52,77,20,2,55,71,21,0,6,3,3,4,6,65,25/26
713851,Danilo Fuzaro,25.12.29_Unifacisa,3,26.5,973,4,395,289,152,51,33,38,88,22,7,53,82,19,1,7,2,3,5,7,72,25/26
723898,Erik McCree,25.12.29_Unifacisa,3,26.0,1069,1,409,492,91,19,6,63,86,20,6,52,96,20,0,7,5,8,4,0,57,25/26
723896,Jordan Williams,25.12.29_Unifacisa,3,24.9,880,1,375,350,87,23,2,65,55,19,6,59,65,17,0,6,5,3,4,4,64,25/26
719433,Juan Arengo,25.12.29_Unifacisa,3,23.2,819,0,336,267,141,40,0,40,63,21,4,43,62,17,0,13,3,1,4,4,55,25/26
712072,Lucas Rodriguez,25.12.29_Unifacisa,3,25.9,648,1,201,220,134,49,12,44,53,13,4,43,49,13,0,13,3,2,2,1,36,25/26
723475,Rafael Rachel,25.12.29_Unifacisa,3,27.1,972,3,322,343,176,62,27,66,74,22,4,56,87,13,1,2,10,5,4,3,70,25/26
723467,Ricardo Fischer,25.12.29_Unifacisa,3,25.9,973,2,311,376,199,31,6,56,61,27,7,59,78,21,0,8,3,3,3,7,70,25/26
703343,Winicius Braga,25.12.29_Unifacisa,3,19.9,665,0,261,294,68,10,0,41,71,16,4,35,72,19,0,4,1,3,4,0,31,25/26
709501,Yuri Neptune,25.12.29_Unifacisa,3,5.4,34,0,24,0,0,0,0,6,9,0,0,5,9,0,0,1,0,0,0,0,1,25/26
692169,Alexandre Paranhos,25.12.29_Unifacisa,4,8.9,38,0,22,4,0,0,0,10,11,1,0,12,11,0,0,5,0,0,0,0,5,25/26
713851,Danilo Fuzaro,25.12.29_Unifacisa,4,26.9,1692,5,543,527,384,113,32,84,126,47,9,92,123,42,3,0,0,8,11,14,137,25/26
723898,Erik McCree,25.12.29_Unifacisa,4,26.7,2077,5,802,859,217,76,44,99,154,34,18,111,147,47,2,0,6,10,14,3,111,25/26
723896,Jordan Williams,25.12.29_Unifacisa,4,21.3,744,0,361,239,87,21,0,29,68,15,0,36,66,12,0,12,4,3,4,3,59,25/26
719433,Juan Arengo,25.12.29_Unifacisa,4,26.0,1393,2,576,448,194,93,13,70,106,23,9,62,106,26,0,2,10,8,8,5,102,25/26
712072,Lucas Rodriguez,25.12.29_Unifacisa,4,24.1,1034,1,363,427,158,37,1,62,91,19,4,51,92,26,0,8,3,3,3,5,60,25/26
723475,Rafael Rachel,25.12.29_Unifacisa,4,7.5,80,0,54,6,0,0,0,7,30,0,0,12,27,0,0,20,13,0,0,0,45,25/26
723467,Ricardo Fischer,25.12.29_Unifacisa,4,23.9,808,0,345,266,108,43,0,46,57,16,5,49,58,14,0,9,13,3,3,5,80,25/26
703343,Winicius Braga,25.12.29_Unifacisa,4,20.6,1537,0,572,704,171,21,0,82,134,39,10,70,155,33,0,1,7,5,8,10,111,25/26
709501,Yuri Neptune,25.12.29_Unifacisa,4,9.5,69,0,48,8,0,0,0,10,14,1,0,9,16,0,0,1,0,0,0,0,1,25/26
692169,Alexandre Paranhos,26.01.08_Corinthians,1,22.7,634,0,220,262,88,36,0,25,55,26,2,32,53,22,0,1,1,2,4,1,27,25/26
713851,Danilo Fuzaro,26.01.08_Corinthians,1,26.2,1121,5,335,425,215,67,35,54,75,18,11,51,77,25,0,0,6,4,5,3,61,25/26
723898,Erik McCree,26.01.08_Corinthians,1,22.7,795,0,238,407,110,9,0,47,64,16,2,45,63,15,0,8,2,4,5,0,45,25/26
713017,Fernando Fernandes,26.01.08_Corinthians,1,0.0,0,0,0,0,0,0,0,0,0,0,0,0,0,0,0,0,0,0,0,0,0,25/26
723896,Jordan Williams,26.01.08_Corinthians,1,21.0,699,0,271,307,81,8,0,40,51,17,2,43,50,14,0,7,3,5,2,3,53,25/26
719433,Juan Arengo,26.01.08_Corinthians,1,24.9,696,2,213,264,145,42,6,42,54,15,6,31,57,18,0,4,3,3,3,2,40,25/26
712072,Lucas Rodriguez,26.01.08_Corinthians,1,26.0,1015,1,257,381,225,97,9,55,72,27,5,52,83,23,0,5,4,2,4,4,58,25/26
723475,Rafael Rachel,26.01.08_Corinthians,1,26.1,737,2,180,287,161,66,24,30,53,16,2,19,53,17,0,8,5,2,6,0,47,25/26
723467,Ricardo Fischer,26.01.08_Corinthians,1,21.5,607,0,250,198,89,38,0,40,48,12,3,45,36,15,0,6,1,2,2,3,37,25/26
703343,Winicius Braga,26.01.08_Corinthians,1,19.4,868,0,257,432,139,9,0,44,72,16,4,39,82,18,0,6,2,3,5,3,57,25/26
709501,Yuri Neptune,26.01.08_Corinthians,1,26.0,579,1,184,203,135,25,6,30,50,9,1,32,38,14,1,1,2,1,2,0,19,25/26
692169,Alexandre Paranhos,26.01.08_Corinthians,2,24.4,1012,1,371,430,100,60,5,54,81,28,3,53,91,17,0,7,3,3,4,3,56,25/26
713851,Danilo Fuzaro,26.01.08_Corinthians,2,6.3,57,0,40,1,0,0,0,9,17,0,0,7,20,0,0,10,17,1,0,0,45,25/26
723898,Erik McCree,26.01.08_Corinthians,2,26.9,1239,1,468,492,153,61,8,57,117,24,4,51,122,19,1,7,5,7,5,2,66,25/26
713017,Fernando Fernandes,26.01.08_Corinthians,2,0.0,0,0,0,0,0,0,0,0,0,0,0,0,0,0,0,0,0,0,0,0,0,25/26
723896,Jordan Williams,26.01.08_Corinthians,2,24.5,727,1,262,265,97,53,5,40,64,19,5,47,64,15,1,11,3,5,3,4,64,25/26
719433,Juan Arengo,26.01.08_Corinthians,2,26.0,1410,2,538,458,261,74,14,72,100,34,11,69,108,34,1,4,4,4,6,10,95,25/26
712072,Lucas Rodriguez,26.01.08_Corinthians,2,26.1,834,3,302,277,113,63,43,50,59,19,6,44,73,17,2,11,6,3,3,4,63,25/26
723475,Rafael Rachel,26.01.08_Corinthians,2,26.7,954,3,326,375,119,72,22,51,82,26,4,52,90,17,0,3,10,6,6,3,78,25/26
723467,Ricardo Fischer,26.01.08_Corinthians,2,22.2,1108,0,516,312,186,46,0,66,75,18,8,53,67,26,0,8,3,3,5,6,77,25/26
703343,Winicius Braga,26.01.08_Corinthians,2,19.4,678,0,273,307,66,4,0,34,60,19,1,34,63,14,0,12,4,3,5,2,61,25/26
709501,Yuri Neptune,26.01.08_Corinthians,2,24.4,846,1,315,305,143,35,2,55,88,11,4,48,84,16,0,8,3,3,2,4,46,25/26
692169,Alexandre Paranhos,26.01.08_Corinthians,3,24.7,804,1,245,318,152,51,6,51,61,22,4,40,66,26,0,6,1,1,4,5,55,25/26
713851,Danilo Fuzaro,26.01.08_Corinthians,3,26.0,579,1,169,184,133,44,10,36,59,16,1,31,57,18,0,3,11,1,2,5,61,25/26
723898,Erik McCree,26.01.08_Corinthians,3,26.4,1251,3,358,465,267,107,17,57,85,17,5,48,81,23,0,7,2,4,6,2,60,25/26
713017,Fernando Fernandes,26.01.08_Corinthians,3,6.5,61,0,41,2,0,0,0,5,30,0,0,12,27,0,0,1,0,0,0,0,1,25/26
723896,Jordan Williams,26.01.08_Corinthians,3,24.3,948,1,323,371,165,56,2,48,60,28,3,48,63,20,0,5,2,3,4,7,70,25/26
719433,Juan Arengo,26.01.08_Corinthians,3,27.1,1122,2,440,410,148,53,25,54,77,23,8,63,72,25,1,6,3,4,6,4,66,25/26
712072,Lucas Rodriguez,26.01.08_Corinthians,3,26.8,1043,4,251,393,210,111,47,52,68,25,7,37,81,27,1,3,6,1,2,5,53,25/26
723475,Rafael Rachel,26.01.08_Corinthians,3,24.7,679,1,192,298,104,46,14,35,53,15,4,42,56,15,0,8,6,2,5,2,53,25/26
723467,Ricardo Fischer,26.01.08_Corinthians,3,22.8,773,0,309,269,129,23,0,51,51,16,3,46,55,18,0,8,3,2,4,3,52,25/26
703343,Winicius Braga,26.01.08_Corinthians,3,19.6,692,0,250,349,58,4,0,39,67,12,1,40,65,14,0,6,3,3,2,1,30,25/26
709501,Yuri Neptune,26.01.08_Corinthians,3,20.6,645,0,209,253,129,21,0,27,54,15,0,30,46,16,0,2,1,3,2,2,31,25/26
692169,Alexandre Paranhos,26.01.08_Corinthians,4,20.7,542,0,202,237,54,15,0,30,54,13,3,23,60,14,0,3,2,1,3,1,30,25/26
713851,Danilo Fuzaro,26.01.08_Corinthians,4,24.1,612,2,205,215,112,37,3,40,54,18,1,36,56,17,0,1,7,2,2,4,51,25/26
723898,Erik McCree,26.01.08_Corinthians,4,21.1,417,0,152,200,40,10,0,22,33,7,3,18,40,7,0,9,0,3,1,0,23,25/26
713017,Fernando Fernandes,26.01.08_Corinthians,4,25.7,474,2,140,191,90,27,11,20,32,9,2,18,40,7,0,1,0,0,3,1,18,25/26
723896,Jordan Williams,26.01.08_Corinthians,4,21.3,354,0,115,173,36,15,0,26,30,1,2,17,28,7,0,5,1,1,2,1,23,25/26
719433,Juan Arengo,26.01.08_Corinthians,4,27.3,679,2,240,250,110,25,36,37,45,16,3,29,48,13,1,6,3,1,3,4,46,25/26
712072,Lucas Rodriguez,26.01.08_Corinthians,4,24.1,575,1,189,238,85,39,1,35,48,15,1,38,45,11,0,3,4,2,0,0,19,25/26
723475,Rafael Rachel,26.01.08_Corinthians,4,26.5,894,2,296,377,144,34,17,54,56,16,5,34,61,20,1,4,2,3,4,3,52,25/26
723467,Ricardo Fischer,26.01.08_Corinthians,4,20.3,816,0,361,305,107,9,0,49,55,18,4,44,62,14,0,2,4,1,4,6,58,25/26
703343,Winicius Braga,26.01.08_Corinthians,4,17.7,582,0,242,250,59,0,0,32,60,13,5,36,59,17,0,4,4,1,2,4,48,25/26
709501,Yuri Neptune,26.01.08_Corinthians,4,20.5,964,0,315,402,172,30,0,51,75,17,5,46,76,23,0,0,3,2,6,6,64,25/26
692169,Alexandre Paranhos,26.01.10_Mogi,1,23.1,898,0,364,336,107,51,0,38,65,16,7,51,60,24,0,3,3,5,5,1,51,25/26
713851,Danilo Fuzaro,26.01.10_Mogi,1,24.8,625,1,159,250,135,51,2,22,49,16,6,33,56,13,0,13,2,2,4,2,47,25/26
723898,Erik McCree,26.01.10_Mogi,1,9.9,82,0,54,16,0,0,0,9,10,0,0,12,8,0,0,2,1,1,2,1,20,25/26
713017,Fernando Fernandes,26.01.10_Mogi,1,5.4,38,0,28,0,0,0,0,6,18,0,0,7,19,0,0,0,0,0,0,0,0,25/26
723896,Jordan Williams,26.01.10_Mogi,1,26.1,803,2,283,308,122,40,18,31,55,22,9,30,66,23,0,11,2,2,3,3,48,25/26
719433,Juan Arengo,26.01.10_Mogi,1,26.1,1090,2,433,354,195,46,16,54,89,23,6,54,86,24,0,1,5,3,5,2,53,25/26
712072,Lucas Rodriguez,26.01.10_Mogi,1,24.6,671,2,152,284,132,81,5,32,35,16,10,24,44,20,0,6,10,1,3,4,59,25/26
723475,Rafael Rachel,26.01.10_Mogi,1,26.0,798,1,263,289,149,60,8,38,64,12,3,30,64,19,0,11,1,4,6,1,54,25/26
723467,Ricardo Fischer,26.01.10_Mogi,1,25.8,1095,1,452,345,170,62,7,60,86,14,9,62,77,23,1,2,2,4,6,5,63,25/26
703343,Winicius Braga,26.01.10_Mogi,1,19.8,758,0,251,319,148,12,0,42,58,17,6,39,60,23,0,8,5,1,4,4,52,25/26
709501,Yuri Neptune,26.01.10_Mogi,1,22.3,824,0,296,271,193,22,0,47,77,19,2,45,79,15,0,3,3,3,4,1,34,25/26
692169,Alexandre Paranhos,26.01.10_Mogi,2,6.2,35,0,23,1,0,0,0,6,10,0,0,9,9,0,0,7,3,2,1,1,30,25/26
713851,Danilo Fuzaro,26.01.10_Mogi,2,26.2,1584,3,624,546,226,85,15,84,144,30,9,94,134,39,0,1,5,7,8,9,107,25/26
723898,Erik McCree,26.01.10_Mogi,2,26.2,1295,2,564,487,136,40,12,71,98,24,7,60,110,22,0,4,6,6,3,2,59,25/26
713017,Fernando Fernandes,26.01.10_Mogi,2,22.7,157,0,99,23,4,5,0,15,37,0,1,17,35,1,0,1,0,0,0,0,2,25/26
723896,Jordan Williams,26.01.10_Mogi,2,26.3,1073,2,494,387,77,39,24,47,80,24,4,57,91,19,1,5,9,3,5,4,73,25/26
719433,Juan Arengo,26.01.10_Mogi,2,22.3,713,0,283,274,86,30,0,44,63,15,2,40,64,17,0,19,4,1,2,5,61,25/26
712072,Lucas Rodriguez,26.01.10_Mogi,2,27.1,1118,2,425,374,154,76,33,50,82,23,9,58,98,18,1,5,11,6,5,3,83,25/26
723475,Rafael Rachel,26.01.10_Mogi,2,26.0,1488,2,494,623,221,73,17,88,121,28,12,86,111,37,0,0,1,5,10,8,96,25/26
723467,Ricardo Fischer,26.01.10_Mogi,2,26.0,861,1,385,252,135,35,6,47,61,15,4,52,57,17,0,15,5,1,2,7,73,25/26
703343,Winicius Braga,26.01.10_Mogi,2,19.6,519,0,206,215,54,17,0,23,58,16,1,26,54,17,0,20,4,1,2,4,55,25/26
709501,Yuri Neptune,26.01.10_Mogi,2,19.8,268,0,152,59,25,5,0,16,46,4,1,22,45,3,0,10,3,1,1,0,24,25/26
692169,Alexandre Paranhos,26.01.10_Mogi,3,22.4,387,0,147,149,41,28,0,21,38,10,2,23,38,10,0,1,2,1,1,0,14,25/26
713851,Danilo Fuzaro,26.01.10_Mogi,3,26.0,637,1,228,211,134,19,7,37,55,20,3,33,50,24,0,5,5,3,3,2,45,25/26
723898,Erik McCree,26.01.10_Mogi,3,25.1,399,1,178,161,28,7,3,15,39,10,0,24,39,6,0,8,2,3,0,0,24,25/26
713017,Fernando Fernandes,26.01.10_Mogi,3,5.2,36,0,24,0,0,0,0,6,18,0,0,7,17,0,0,3,1,0,0,0,5,25/26
723896,Jordan Williams,26.01.10_Mogi,3,22.6,705,0,279,264,115,17,0,34,58,18,4,28,63,20,0,4,1,2,3,2,35,25/26
719433,Juan Arengo,26.01.10_Mogi,3,26.3,1211,1,440,465,201,56,10,61,84,27,3,52,86,24,0,1,4,2,4,8,71,25/26
712072,Lucas Rodriguez,26.01.10_Mogi,3,26.5,769,2,233,293,158,51,13,24,52,17,7,34,49,21,0,7,4,1,3,3,48,25/26
723475,Rafael Rachel,26.01.10_Mogi,3,24.6,1073,1,347,461,161,52,5,64,95,26,7,44,105,31,0,0,4,4,7,5,71,25/26
723467,Ricardo Fischer,26.01.10_Mogi,3,26.6,852,1,360,310,113,14,17,56,57,13,4,49,60,14,0,5,2,1,4,5,52,25/26
703343,Winicius Braga,26.01.10_Mogi,3,21.3,978,0,312,490,119,12,0,63,95,24,2,49,106,19,0,1,4,2,5,8,72,25/26
709501,Yuri Neptune,26.01.10_Mogi,3,20.3,422,0,163,156,58,13,0,24,54,12,1,25,56,5,0,4,1,1,4,0,27,25/26
692169,Alexandre Paranhos,26.01.10_Mogi,4,24.6,855,1,288,328,136,58,4,44,76,23,4,39,82,29,0,3,5,3,2,1,38,25/26
713851,Danilo Fuzaro,26.01.10_Mogi,4,21.3,405,0,200,135,35,6,0,28,41,8,0,24,32,9,0,14,4,3,3,0,41,25/26
723898,Erik McCree,26.01.10_Mogi,4,27.6,1043,3,297,443,165,60,37,51,86,26,5,40,92,19,2,1,2,6,4,1,44,25/26
713017,Fernando Fernandes,26.01.10_Mogi,4,27.3,336,3,63,98,77,42,42,17,32,5,3,15,26,10,1,3,1,1,0,0,12,25/26
723896,Jordan Williams,26.01.10_Mogi,4,16.2,190,0,94,58,28,0,0,8,15,7,1,15,9,8,0,10,2,1,1,2,27,25/26
719433,Juan Arengo,26.01.10_Mogi,4,26.1,1206,2,451,419,197,71,15,53,108,32,5,75,92,34,0,4,3,6,7,5,81,25/26
712072,Lucas Rodriguez,26.01.10_Mogi,4,21.7,349,0,106,144,59,22,0,23,26,8,1,23,24,10,0,17,1,1,3,1,37,25/26
723475,Rafael Rachel,26.01.10_Mogi,4,23.3,911,0,257,365,178,72,0,47,74,19,7,46,78,22,0,6,8,3,5,3,66,25/26
723467,Ricardo Fischer,26.01.10_Mogi,4,24.3,1258,1,542,436,155,52,2,67,104,25,5,69,93,29,0,1,3,5,6,9,94,25/26
703343,Winicius Braga,26.01.10_Mogi,4,19.5,638,0,261,281,53,10,0,43,58,16,2,40,65,11,0,10,4,2,5,5,64,25/26
709501,Yuri Neptune,26.01.10_Mogi,4,24.5,1087,1,394,401,201,39,3,44,101,28,3,54,96,22,0,6,4,2,7,5,76,25/26
692169,Alexandre Paranhos,26.01.19_SãoJosé,1,25.1,823,1,249,384,123,27,8,50,66,18,2,44,72,18,0,4,0,1,4,5,48,25/26
713851,Danilo Fuzaro,26.01.19_SãoJosé,1,25.6,792,1,223,350,150,28,6,42,58,19,6,40,60,21,0,2,10,1,2,3,46,25/26
723898,Erik McCree,26.01.19_SãoJosé,1,25.1,854,1,244,422,129,25,3,46,68,13,4,63,59,13,0,6,6,3,4,2,50,25/26
713017,Fernando Fernandes,26.01.19_SãoJosé,1,6.6,73,0,47,2,0,0,0,8,37,0,0,13,35,0,0,7,2,1,1,0,16,25/26
723896,Jordan Williams,26.01.19_SãoJosé,1,22.7,933,0,304,396,171,31,0,41,53,24,7,35,65,26,0,2,5,2,2,10,73,25/26
719433,Juan Arengo,26.01.19_SãoJosé,1,26.0,835,2,298,261,163,59,17,47,64,20,4,42,72,20,1,3,3,2,4,3,48,25/26
712072,Lucas Rodriguez,26.01.19_SãoJosé,1,26.6,986,1,229,330,256,108,30,44,56,29,12,52,61,36,0,3,9,2,2,2,46,25/26
723475,Rafael Rachel,26.01.19_SãoJosé,1,21.6,780,0,235,339,167,12,0,35,62,20,1,26,68,20,0,1,11,1,5,2,56,25/26
723467,Ricardo Fischer,26.01.19_SãoJosé,1,23.9,631,0,246,193,120,45,0,29,44,14,1,37,44,12,1,3,2,3,2,2,33,25/26
703343,Winicius Braga,26.01.19_SãoJosé,1,26.7,666,1,218,264,84,58,18,34,46,20,6,32,51,16,0,2,1,2,5,1,34,25/26
709501,Yuri Neptune,26.01.19_SãoJosé,1,20.6,510,0,172,183,116,5,0,32,67,6,2,28,65,9,0,4,2,2,2,2,31,25/26
692169,Alexandre Paranhos,26.01.19_SãoJosé,2,26.1,979,2,348,374,148,51,21,58,70,25,6,37,86,23,0,2,5,3,5,3,52,25/26
713851,Danilo Fuzaro,26.01.19_SãoJosé,2,26.8,514,1,193,176,66,32,15,29,43,13,2,24,52,9,0,10,5,3,2,2,46,25/26
723898,Erik McCree,26.01.19_SãoJosé,2,24.8,754,1,290,324,74,35,5,37,56,18,3,45,60,10,0,15,2,3,2,1,43,25/26
713017,Fernando Fernandes,26.01.19_SãoJosé,2,6.3,83,0,57,2,0,0,0,16,28,1,0,20,28,0,0,4,0,0,0,0,6,25/26
723896,Jordan Williams,26.01.19_SãoJosé,2,26.0,965,1,338,430,119,28,8,54,76,22,3,44,84,20,0,2,3,4,6,7,78,25/26
719433,Juan Arengo,26.01.19_SãoJosé,2,27.2,968,3,322,349,166,53,24,48,86,28,6,57,69,30,1,5,7,3,4,5,67,25/26
712072,Lucas Rodriguez,26.01.19_SãoJosé,2,24.6,861,2,227,363,179,58,6,50,62,30,3,42,61,28,0,3,9,3,5,3,62,25/26
723475,Rafael Rachel,26.01.19_SãoJosé,2,26.0,1122,1,312,429,258,65,19,62,92,20,8,42,95,30,0,1,5,4,6,6,80,25/26
723467,Ricardo Fischer,26.01.19_SãoJosé,2,24.6,1228,1,404,446,272,52,3,50,99,24,3,69,72,32,0,5,2,3,5,7,76,25/26
703343,Winicius Braga,26.01.19_SãoJosé,2,20.1,527,0,125,262,101,16,0,29,47,13,2,31,48,12,0,15,1,1,2,3,46,25/26
709501,Yuri Neptune,26.01.19_SãoJosé,2,6.2,44,0,27,1,0,0,0,4,23,0,0,5,25,0,0,15,0,0,0,0,16,25/26
692169,Alexandre Paranhos,26.01.19_SãoJosé,3,23.2,523,0,159,244,74,19,0,39,50,13,4,25,55,16,0,5,2,1,3,4,40,25/26
713851,Danilo Fuzaro,26.01.19_SãoJosé,3,25.4,583,1,197,198,122,26,4,37,50,18,3,31,49,19,0,11,7,2,2,1,41,25/26
723898,Erik McCree,26.01.19_SãoJosé,3,20.0,883,0,300,464,69,6,0,52,78,22,3,48,89,16,0,8,6,7,2,0,46,25/26
713017,Fernando Fernandes,26.01.19_SãoJosé,3,8.0,58,0,36,3,0,0,0,9,27,2,0,12,28,0,0,2,0,0,0,0,2,25/26
723896,Jordan Williams,26.01.19_SãoJosé,3,24.1,1172,1,421,453,182,57,1,64,87,32,8,58,88,31,0,3,2,3,8,8,93,25/26
719433,Juan Arengo,26.01.19_SãoJosé,3,23.8,1070,0,365,367,224,58,0,55,96,27,3,63,82,23,0,6,5,6,7,2,72,25/26
712072,Lucas Rodriguez,26.01.19_SãoJosé,3,25.9,1109,3,354,415,214,63,12,59,91,34,8,58,102,28,1,4,7,3,7,4,77,25/26
723475,Rafael Rachel,26.01.19_SãoJosé,3,25.9,772,2,255,321,127,27,8,48,54,21,5,46,61,18,1,3,11,3,6,3,72,25/26
723467,Ricardo Fischer,26.01.19_SãoJosé,3,24.2,966,2,423,301,160,32,3,53,65,22,6,59,68,21,0,6,3,4,4,4,61,25/26
703343,Winicius Braga,26.01.19_SãoJosé,3,18.3,1076,0,389,473,158,2,0,65,98,30,9,64,108,34,0,1,3,3,9,4,75,25/26
709501,Yuri Neptune,26.01.19_SãoJosé,3,5.0,25,0,15,0,0,0,0,1,16,0,0,5,13,0,0,0,0,0,0,0,0,25/26
692169,Alexandre Paranhos,26.01.19_SãoJosé,4,26.1,1430,1,593,545,166,46,6,85,120,32,8,64,137,34,0,4,4,6,9,4,85,25/26
713851,Danilo Fuzaro,26.01.19_SãoJosé,4,26.0,794,2,282,267,176,16,12,47,62,11,6,45,54,18,1,7,13,3,4,2,64,25/26
723898,Erik McCree,26.01.19_SãoJosé,4,22.0,349,0,153,119,51,7,0,22,33,8,1,21,34,6,0,15,9,1,2,0,44,25/26
713017,Fernando Fernandes,26.01.19_SãoJosé,4,9.8,122,0,76,16,0,0,0,14,37,3,0,19,36,1,0,4,0,0,0,0,4,25/26
723896,Jordan Williams,26.01.19_SãoJosé,4,20.5,1083,0,507,385,116,17,0,57,81,28,1,52,96,18,0,5,6,5,8,5,89,25/26
719433,Juan Arengo,26.01.19_SãoJosé,4,26.2,1766,3,710,599,264,108,17,92,120,36,18,92,108,45,1,0,3,7,9,10,113,25/26
712072,Lucas Rodriguez,26.01.19_SãoJosé,4,24.9,379,1,120,83,92,45,5,24,45,9,0,30,45,7,0,20,7,0,1,1,45,25/26
723475,Rafael Rachel,26.01.19_SãoJosé,4,23.9,1424,0,665,479,165,48,0,69,124,28,5,64,128,20,0,1,4,11,12,2,98,25/26
723467,Ricardo Fischer,26.01.19_SãoJosé,4,25.5,1347,1,602,442,192,37,4,80,104,35,8,73,113,31,0,4,7,4,5,9,95,25/26
703343,Winicius Braga,26.01.19_SãoJosé,4,22.5,259,0,57,146,37,8,0,16,21,11,2,14,23,11,0,22,2,1,1,1,38,25/26
709501,Yuri Neptune,26.01.19_SãoJosé,4,5.9,44,0,32,0,0,0,0,4,17,0,0,9,14,0,0,0,0,0,0,0,0,25/26
692169,Alexandre Paranhos,26.01.21_Pato,1,25.1,922,2,257,394,186,44,10,45,70,24,2,46,73,19,0,4,2,2,4,2,42,25/26
713851,Danilo Fuzaro,26.01.21_Pato,1,26.0,557,1,160,210,115,46,6,35,36,12,2,25,47,11,0,7,3,1,3,3,40,25/26
723898,Erik McCree,26.01.21_Pato,1,24.4,625,1,183,310,95,13,2,41,43,13,1,40,43,13,0,7,2,1,2,2,36,25/26
713017,Fernando Fernandes,26.01.21_Pato,1,13.7,53,0,31,6,4,0,0,4,17,0,1,9,16,0,0,4,0,0,0,0,4,25/26
723896,Jordan Williams,26.01.21_Pato,1,23.2,799,0,257,317,151,38,0,40,63,20,3,38,65,19,0,4,1,2,5,3,48,25/26
719433,Juan Arengo,26.01.21_Pato,1,26.3,950,2,270,364,185,89,16,44,57,25,6,44,52,27,0,5,2,1,3,5,48,25/26
712072,Lucas Rodriguez,26.01.21_Pato,1,26.2,1036,3,251,367,299,75,18,36,57,25,10,41,52,33,0,0,5,2,1,8,59,25/26
723475,Rafael Rachel,26.01.21_Pato,1,23.6,896,0,263,367,139,104,0,42,62,18,5,47,65,18,0,0,7,0,3,5,56,25/26
723467,Ricardo Fischer,26.01.21_Pato,1,18.3,492,0,230,178,56,3,0,25,37,11,0,39,22,8,0,0,0,1,2,3,27,25/26
703343,Winicius Braga,26.01.21_Pato,1,17.1,509,0,221,221,47,0,0,19,51,11,0,21,45,11,0,2,2,4,3,2,40,25/26
709501,Yuri Neptune,26.01.21_Pato,1,22.7,472,0,146,177,94,24,0,26,46,14,3,21,56,10,0,10,1,0,1,3,32,25/26
692169,Alexandre Paranhos,26.01.21_Pato,2,24.9,569,1,182,256,68,36,4,30,43,13,3,26,53,14,0,4,3,1,2,1,22,25/26
713851,Danilo Fuzaro,26.01.21_Pato,2,27.3,1010,4,342,353,173,61,26,55,85,27,6,49,68,39,0,2,8,4,4,8,90,25/26
723898,Erik McCree,26.01.21_Pato,2,26.4,1440,3,535,584,173,79,20,62,104,30,5,68,112,23,0,1,4,6,10,5,95,25/26
713017,Fernando Fernandes,26.01.21_Pato,2,7.3,74,0,48,1,0,0,0,10,30,1,0,15,28,0,0,3,0,0,0,0,4,25/26
723896,Jordan Williams,26.01.21_Pato,2,20.0,609,0,196,235,127,21,0,33,44,13,2,34,47,9,0,11,4,3,3,0,40,25/26
719433,Juan Arengo,26.01.21_Pato,2,27.2,770,5,242,238,154,43,57,44,60,16,6,40,58,17,2,16,4,2,4,1,49,25/26
712072,Lucas Rodriguez,26.01.21_Pato,2,26.3,817,4,228,319,169,45,29,39,56,22,3,36,62,17,1,2,15,3,4,3,70,25/26
723475,Rafael Rachel,26.01.21_Pato,2,21.9,449,0,167,177,66,15,0,20,52,8,2,21,52,9,0,11,11,2,2,1,51,25/26
723467,Ricardo Fischer,26.01.21_Pato,2,23.5,982,0,452,307,122,55,0,54,73,19,4,46,69,19,1,5,4,4,4,4,63,25/26
703343,Winicius Braga,26.01.21_Pato,2,26.0,1054,1,406,418,127,53,8,47,96,21,2,46,95,18,0,2,9,7,5,1,65,25/26
709501,Yuri Neptune,26.01.21_Pato,2,26.2,1254,2,391,437,262,91,18,73,105,29,2,53,114,24,0,4,3,4,8,8,94,25/26
692169,Alexandre Paranhos,26.01.21_Pato,3,19.8,985,0,308,476,137,26,0,53,80,27,2,62,87,18,0,3,3,2,5,3,50,25/26
713851,Danilo Fuzaro,26.01.21_Pato,3,25.6,474,1,147,189,70,40,6,31,36,11,2,20,35,14,0,9,5,2,2,3,45,25/26
723898,Erik McCree,26.01.21_Pato,3,24.4,590,2,212,246,57,39,9,32,52,16,1,35,56,11,0,13,1,2,3,0,34,25/26
713017,Fernando Fernandes,26.01.21_Pato,3,5.2,31,0,15,0,0,0,0,10,14,0,0,9,16,0,0,2,0,0,0,0,2,25/26
723896,Jordan Williams,26.01.21_Pato,3,19.9,947,0,341,394,157,11,0,55,80,16,4,48,70,28,0,4,2,3,6,2,52,25/26
719433,Juan Arengo,26.01.21_Pato,3,26.1,1380,4,471,457,260,118,18,67,100,34,13,59,99,39,1,1,2,3,6,8,79,25/26
712072,Lucas Rodriguez,26.01.21_Pato,3,28.1,1281,6,349,425,279,133,59,61,68,32,17,41,77,40,0,0,5,2,4,8,70,25/26
723475,Rafael Rachel,26.01.21_Pato,3,25.8,1109,2,360,435,183,79,11,56,91,26,5,48,101,23,0,3,3,3,5,4,59,25/26
723467,Ricardo Fischer,26.01.21_Pato,3,18.8,460,0,174,154,98,3,0,26,36,13,0,38,29,9,0,5,1,2,2,0,25,25/26
703343,Winicius Braga,26.01.21_Pato,3,23.4,465,0,120,238,56,32,0,25,38,12,3,25,38,12,0,10,1,2,2,1,28,25/26
709501,Yuri Neptune,26.01.21_Pato,3,20.2,305,0,126,81,66,8,0,20,40,3,1,13,36,6,0,15,1,0,2,0,25,25/26
692169,Alexandre Paranhos,26.01.21_Pato,4,14.2,167,0,81,64,4,0,0,22,21,5,0,25,24,1,0,3,1,0,0,0,7,25/26
713851,Danilo Fuzaro,26.01.21_Pato,4,29.4,978,4,288,306,223,69,46,54,67,29,9,68,65,27,1,2,10,4,3,9,88,25/26
723898,Erik McCree,26.01.21_Pato,4,26.9,1756,3,590,721,287,79,16,96,139,29,7,78,143,32,0,1,4,12,9,1,86,25/26
713017,Fernando Fernandes,26.01.21_Pato,4,7.0,83,0,59,2,0,0,0,13,25,1,0,19,22,0,0,4,0,0,0,0,5,25/26
723896,Jordan Williams,26.01.21_Pato,4,24.6,1008,1,362,403,137,58,3,54,66,25,7,39,70,26,1,1,5,6,7,5,84,25/26
719433,Juan Arengo,26.01.21_Pato,4,26.1,826,3,295,249,171,54,19,45,58,19,8,48,59,21,1,12,3,5,5,2,63,25/26
712072,Lucas Rodriguez,26.01.21_Pato,4,26.5,878,4,271,286,165,78,39,31,68,19,7,37,66,21,1,6,10,3,7,1,67,25/26
723475,Rafael Rachel,26.01.21_Pato,4,6.6,46,0,32,1,0,0,0,6,18,0,0,5,20,0,0,24,1,0,0,0,26,25/26
723467,Ricardo Fischer,26.01.21_Pato,4,26.0,868,1,368,273,116,43,6,49,89,9,9,55,82,18,0,9,3,2,2,7,62,25/26
703343,Winicius Braga,26.01.21_Pato,4,22.6,1309,0,511,519,176,45,0,76,110,33,7,64,121,29,0,5,6,5,7,2,70,25/26
709501,Yuri Neptune,26.01.21_Pato,4,22.1,672,0,249,210,151,25,0,30,73,15,1,32,62,21,0,13,3,2,3,3,54,25/26
692169,Alexandre Paranhos,26.02.10_Bauru,1,22.8,831,0,318,337,113,27,0,29,74,20,3,46,70,19,0,3,3,5,4,1,43,25/26
713851,Danilo Fuzaro,26.02.10_Bauru,1,27.1,1460,3,478,542,256,86,43,68,83,38,10,75,102,31,2,1,2,3,7,7,80,25/26
723898,Erik McCree,26.02.10_Bauru,1,24.9,1124,1,378,495,165,38,2,61,86,23,5,60,92,20,1,4,4,4,6,1,53,25/26
713017,Fernando Fernandes,26.02.10_Bauru,1,4.6,32,0,17,0,0,0,0,7,22,0,0,7,24,0,0,3,1,1,1,2,24,25/26
723896,Jordan Williams,26.02.10_Bauru,1,23.4,961,0,321,420,156,26,0,50,78,19,1,41,86,18,0,4,3,2,5,8,76,25/26
712072,Lucas Rodriguez,26.02.10_Bauru,1,26.4,961,1,266,396,190,58,17,47,75,19,6,58,70,22,0,7,4,2,3,5,58,25/26
723467,Ricardo Fischer,26.02.10_Bauru,1,24.4,699,1,255,227,141,33,2,33,61,15,3,45,50,20,0,3,1,2,2,3,39,25/26
703343,Winicius Braga,26.02.10_Bauru,1,16.5,615,0,257,277,42,0,0,46,64,10,2,48,61,12,0,4,1,2,4,1,34,25/26
709501,Yuri Neptune,26.02.10_Bauru,1,20.8,756,0,263,256,163,30,0,46,80,12,2,40,64,21,0,2,2,2,4,3,39,25/26
723475,Rafael Rachel,26.02.10_Bauru,1,19.9,480,0,180,178,84,17,0,30,38,11,1,36,40,11,0,9,5,4,3,0,43,25/26
692169,Alexandre Paranhos,26.02.10_Bauru,2,21.0,947,0,426,366,99,4,0,61,84,18,4,63,90,16,0,4,4,4,4,0,40,25/26
713851,Danilo Fuzaro,26.02.10_Bauru,2,26.0,841,1,361,250,109,65,8,44,75,17,7,53,71,18,1,0,12,5,4,7,89,25/26
723898,Erik McCree,26.02.10_Bauru,2,26.1,999,1,441,411,66,24,11,51,89,21,3,52,88,16,0,6,8,4,4,2,58,25/26
713017,Fernando Fernandes,26.02.10_Bauru,2,4.9,45,0,25,0,0,0,0,12,21,0,0,12,23,0,0,0,0,0,1,0,7,25/26
723896,Jordan Williams,26.02.10_Bauru,2,24.0,651,1,227,260,76,51,1,38,54,16,4,44,54,14,0,9,2,2,4,6,66,25/26
712072,Lucas Rodriguez,26.02.10_Bauru,2,26.6,897,4,253,348,156,84,25,47,72,22,4,39,69,25,0,13,6,1,2,5,60,25/26
723467,Ricardo Fischer,26.02.10_Bauru,2,26.0,1455,1,587,463,264,57,8,82,91,26,9,88,95,28,0,2,6,6,5,9,97,25/26
703343,Winicius Braga,26.02.10_Bauru,2,19.7,756,0,266,358,100,8,0,43,60,13,2,39,56,15,0,13,5,1,3,6,67,25/26
709501,Yuri Neptune,26.02.10_Bauru,2,21.2,883,0,328,310,173,23,0,36,81,14,7,44,82,16,0,4,7,5,3,2,53,25/26
723475,Rafael Rachel,26.02.10_Bauru,2,26.1,1048,2,377,350,191,71,18,58,69,32,1,58,76,22,2,6,8,4,8,2,76,25/26
692169,Alexandre Paranhos,26.02.10_Bauru,3,21.1,518,0,178,214,78,20,0,31,53,8,0,30,48,10,0,1,1,2,3,1,24,25/26
713851,Danilo Fuzaro,26.02.10_Bauru,3,25.4,767,1,259,305,124,38,5,45,64,13,6,42,57,20,0,1,10,3,3,5,65,25/26
723898,Erik McCree,26.02.10_Bauru,3,22.5,796,0,323,330,96,18,0,43,64,22,1,43,60,17,0,9,2,3,2,2,39,25/26
713017,Fernando Fernandes,26.02.10_Bauru,3,0.0,0,0,0,0,0,0,0,0,0,0,0,0,0,0,0,0,0,0,0,1,5,25/26
723896,Jordan Williams,26.02.10_Bauru,3,26.1,689,1,235,302,80,26,11,50,57,13,5,33,60,18,1,7,1,3,5,5,64,25/26
712072,Lucas Rodriguez,26.02.10_Bauru,3,26.2,1381,4,388,490,344,72,40,77,94,32,4,60,99,32,0,2,4,4,5,6,70,25/26
723467,Ricardo Fischer,26.02.10_Bauru,3,21.0,1001,0,401,319,171,54,0,50,74,21,7,52,65,32,0,4,4,4,5,5,66,25/26
703343,Winicius Braga,26.02.10_Bauru,3,23.6,934,0,360,415,108,13,0,54,87,22,3,56,90,15,0,4,4,2,6,6,71,25/26
709501,Yuri Neptune,26.02.10_Bauru,3,26.3,716,1,216,297,148,18,7,32,55,17,2,29,62,15,1,7,1,0,1,4,36,25/26
723475,Rafael Rachel,26.02.10_Bauru,3,24.3,681,1,245,259,130,21,2,35,60,14,1,40,51,15,0,10,4,3,3,1,44,25/26
692169,Alexandre Paranhos,26.02.10_Bauru,4,24.5,992,1,354,380,159,55,2,56,73,20,4,56,77,18,0,2,3,2,3,7,60,25/26
713851,Danilo Fuzaro,26.02.10_Bauru,4,27.6,727,2,283,232,99,49,21,50,63,17,2,45,57,15,1,2,9,5,5,4,73,25/26
723898,Erik McCree,26.02.10_Bauru,4,6.0,22,0,18,0,0,0,0,1,7,0,0,4,4,0,0,13,1,0,0,0,14,25/26
713017,Fernando Fernandes,26.02.10_Bauru,4,25.9,735,2,256,266,119,57,5,35,54,20,7,31,56,20,1,6,5,0,2,0,23,25/26
723896,Jordan Williams,26.02.10_Bauru,4,25.0,543,1,281,158,37,26,4,31,58,11,1,31,57,8,0,14,2,2,5,2,52,25/26
712072,Lucas Rodriguez,26.02.10_Bauru,4,22.9,660,0,313,217,74,19,0,38,52,16,4,45,65,12,0,12,6,3,4,0,46,25/26
723467,Ricardo Fischer,26.02.10_Bauru,4,25.9,1289,1,514,448,172,89,5,67,98,28,10,70,85,34,0,4,2,2,3,13,94,25/26
703343,Winicius Braga,26.02.10_Bauru,4,5.0,31,0,22,0,0,0,0,3,14,0,0,3,14,0,0,15,0,0,0,0,16,25/26
709501,Yuri Neptune,26.02.10_Bauru,4,26.0,1288,1,500,484,179,52,7,64,128,22,0,60,123,17,0,1,3,6,7,5,78,25/26
723475,Rafael Rachel,26.02.10_Bauru,4,26.1,1546,2,477,605,282,100,19,72,131,39,9,55,139,41,2,1,1,5,9,5,82,25/26
692169,Alexandre Paranhos,26.02.12_Franca,1,24.5,771,1,231,325,125,63,3,38,57,15,7,25,66,21,0,3,2,1,4,3,40,25/26
713851,Danilo Fuzaro,26.02.12_Franca,1,26.7,1266,5,391,463,276,57,28,59,98,25,10,64,95,34,0,0,4,3,5,7,76,25/26
723898,Erik McCree,26.02.12_Franca,1,26.5,1197,2,418,515,158,32,30,54,83,30,4,65,92,21,0,4,4,4,3,1,41,25/26
713017,Fernando Fernandes,26.02.12_Franca,1,5.5,85,0,58,0,0,0,0,6,51,0,0,10,50,0,0,4,1,1,0,0,8,25/26
723896,Jordan Williams,26.02.12_Franca,1,22.7,1180,0,423,483,186,38,0,63,101,22,7,51,95,31,0,0,1,3,4,13,90,25/26
712072,Lucas Rodriguez,26.02.12_Franca,1,26.6,982,6,213,293,268,132,48,30,47,17,14,33,47,30,0,1,9,2,2,7,65,25/26
723475,Rafael Rachel,26.02.12_Franca,1,26.1,483,1,146,146,111,46,13,19,37,10,4,21,42,11,0,13,2,2,2,0,31,25/26
723467,Ricardo Fischer,26.02.12_Franca,1,26.0,801,1,301,222,156,76,7,38,52,13,10,40,53,22,0,4,1,2,4,3,47,25/26
703343,Winicius Braga,26.02.12_Franca,1,22.2,774,0,203,361,148,33,0,35,70,21,2,29,78,18,0,3,5,6,2,1,41,25/26
709501,Yuri Neptune,26.02.12_Franca,1,23.7,366,0,115,106,95,29,0,12,43,7,1,17,42,5,0,3,0,1,1,0,12,25/26
692169,Alexandre Paranhos,26.02.12_Franca,2,21.5,865,0,346,323,139,15,0,48,67,21,5,42,86,17,0,3,3,3,5,3,52,25/26
713851,Danilo Fuzaro,26.02.12_Franca,2,25.6,311,1,156,85,32,12,4,14,37,7,1,19,39,3,1,5,16,2,3,1,57,25/26
723898,Erik McCree,26.02.12_Franca,2,19.3,1201,0,523,557,62,3,0,68,110,17,5,86,111,14,0,5,5,4,3,2,49,25/26
713017,Fernando Fernandes,26.02.12_Franca,2,5.2,96,0,67,0,0,0,0,11,43,0,0,18,39,0,0,0,0,0,0,0,0,25/26
723896,Jordan Williams,26.02.12_Franca,2,20.5,744,0,318,266,96,13,0,43,67,19,2,62,64,15,0,5,6,3,6,5,78,25/26
712072,Lucas Rodriguez,26.02.12_Franca,2,26.2,474,2,177,167,71,21,13,27,44,11,5,23,49,9,1,8,12,2,4,0,54,25/26
723475,Rafael Rachel,26.02.12_Franca,2,25.9,1151,2,441,427,179,42,13,54,85,31,4,59,95,24,0,6,5,6,7,2,70,25/26
723467,Ricardo Fischer,26.02.12_Franca,2,26.1,1363,2,539,486,218,67,11,79,67,27,11,68,88,29,0,4,5,3,3,11,91,25/26
703343,Winicius Braga,26.02.12_Franca,2,17.1,801,0,349,371,42,0,0,43,81,21,3,49,88,9,0,13,6,2,1,1,42,25/26
709501,Yuri Neptune,26.02.12_Franca,2,26.1,1210,3,362,438,225,112,22,47,109,25,8,58,105,24,1,6,4,3,5,2,52,25/26
692169,Alexandre Paranhos,26.02.12_Franca,3,26.0,845,3,273,353,114,48,20,40,70,27,1,46,63,28,0,3,3,2,5,1,40,25/26
713851,Danilo Fuzaro,26.02.12_Franca,3,26.1,551,2,194,186,90,37,15,25,53,10,3,31,42,12,1,12,6,1,2,0,33,25/26
723898,Erik McCree,26.02.12_Franca,3,19.6,1143,0,512,424,134,17,0,59,94,14,7,70,94,17,0,4,5,5,5,1,57,25/26
713017,Fernando Fernandes,26.02.12_Franca,3,20.3,173,0,104,28,11,6,0,14,38,2,0,18,38,1,0,1,1,1,0,0,6,25/26
723896,Jordan Williams,26.02.12_Franca,3,25.6,1158,2,466,494,114,24,11,60,84,25,6,59,88,23,0,4,2,2,2,15,96,25/26
712072,Lucas Rodriguez,26.02.12_Franca,3,25.0,743,2,195,230,174,99,6,33,58,19,9,27,78,20,0,12,5,2,4,3,57,25/26
723475,Rafael Rachel,26.02.12_Franca,3,26.7,550,1,156,188,125,35,20,27,48,12,6,23,60,10,1,14,4,3,2,1,46,25/26
723467,Ricardo Fischer,26.02.12_Franca,3,26.6,1200,1,502,414,168,41,17,68,93,15,7,73,92,17,0,5,4,5,4,7,78,25/26
703343,Winicius Braga,26.02.12_Franca,3,20.7,819,0,331,313,104,26,0,35,84,18,5,40,84,25,0,7,3,4,5,2,54,25/26
709501,Yuri Neptune,26.02.12_Franca,3,22.9,1230,0,392,417,288,87,0,58,97,27,8,64,91,29,0,2,4,5,5,3,57,25/26
692169,Alexandre Paranhos,26.02.12_Franca,4,21.3,1244,0,523,461,143,54,0,71,106,26,2,66,114,23,0,6,4,5,5,3,64,25/26
713851,Danilo Fuzaro,26.02.12_Franca,4,18.1,71,0,38,7,15,1,0,5,13,1,0,9,7,2,0,4,3,1,0,0,13,25/26
723898,Erik McCree,26.02.12_Franca,4,26.2,1030,1,533,305,90,32,13,58,104,24,1,65,107,16,1,6,8,8,2,0,56,25/26
713017,Fernando Fernandes,26.02.12_Franca,4,6.4,141,0,114,1,0,0,0,13,34,0,0,20,28,0,0,2,0,0,0,0,2,25/26
723896,Jordan Williams,26.02.12_Franca,4,23.0,1085,0,506,382,102,39,0,68,92,21,5,63,100,18,0,1,7,4,11,4,90,25/26
712072,Lucas Rodriguez,26.02.12_Franca,4,18.8,395,0,177,122,60,8,0,27,36,9,4,24,41,9,0,19,3,2,2,1,42,25/26
723475,Rafael Rachel,26.02.12_Franca,4,10.2,107,0,69,18,0,0,0,12,28,2,0,16,28,1,0,23,2,0,0,0,28,25/26
723467,Ricardo Fischer,26.02.12_Franca,4,24.2,1113,2,489,316,160,95,2,55,80,18,8,56,89,20,0,5,6,3,4,7,77,25/26
703343,Winicius Braga,26.02.12_Franca,4,5.7,30,0,25,0,0,0,0,1,12,0,0,1,12,0,0,16,2,0,0,0,21,25/26
709501,Yuri Neptune,26.02.12_Franca,4,20.9,1450,0,595,540,219,34,0,80,109,28,7,73,111,31,0,1,3,8,7,4,75,25/26
692169,Alexandre Paranhos,26.02.17_Brasília,1,22.5,747,0,208,381,109,19,0,45,61,22,2,39,63,19,0,3,1,1,4,4,45,25/26
713851,Danilo Fuzaro,26.02.17_Brasília,1,25.9,1110,2,337,477,185,52,11,56,90,30,7,51,98,24,1,0,3,2,3,8,68,25/26
723898,Erik McCree,26.02.17_Brasília,1,23.6,983,0,267,473,178,44,0,38,66,25,5,44,57,34,0,4,1,3,4,1,41,25/26
713017,Fernando Fernandes,26.02.17_Brasília,1,6.8,46,0,32,1,0,0,0,5,24,0,0,5,25,0,0,1,0,0,0,0,2,25/26
723896,Jordan Williams,26.02.17_Brasília,1,22.4,1051,0,351,515,122,25,0,48,85,26,5,40,97,23,0,2,2,2,6,5,61,25/26
712072,Lucas Rodriguez,26.02.17_Brasília,1,26.0,815,2,194,314,210,46,25,36,61,21,4,34,57,21,0,2,6,1,2,7,57,25/26
723475,Rafael Rachel,26.02.17_Brasília,1,23.0,477,0,129,209,90,25,0,34,44,6,3,23,45,10,0,10,2,1,2,1,31,25/26
723467,Ricardo Fischer,26.02.17_Brasília,1,21.1,546,0,198,205,102,21,0,37,28,16,1,26,38,12,0,4,1,1,2,2,26,25/26
703343,Winicius Braga,26.02.17_Brasília,1,16.8,533,0,177,282,50,0,0,36,51,11,2,28,59,8,0,3,4,2,2,1,29,25/26
709501,Yuri Neptune,26.02.17_Brasília,1,25.8,413,1,129,144,88,24,4,27,36,13,2,29,36,12,0,2,0,1,2,0,14,25/26
692169,Alexandre Paranhos,26.02.17_Brasília,2,24.7,399,1,177,152,29,13,2,26,43,11,2,31,43,12,0,3,2,2,3,0,26,25/26
713851,Danilo Fuzaro,26.02.17_Brasília,2,24.2,853,1,303,298,171,29,2,56,74,18,4,57,66,23,0,3,12,6,6,4,83,25/26
723898,Erik McCree,26.02.17_Brasília,2,22.5,819,0,269,342,125,39,0,51,72,18,3,54,77,13,1,14,5,5,1,0,46,25/26
713017,Fernando Fernandes,26.02.17_Brasília,2,10.6,105,0,69,11,0,0,0,12,36,2,0,19,34,0,0,1,0,0,0,0,1,25/26
723896,Jordan Williams,26.02.17_Brasília,2,18.2,666,0,259,284,83,1,0,46,68,12,1,45,60,12,0,15,5,3,3,1,49,25/26
712072,Lucas Rodriguez,26.02.17_Brasília,2,26.2,1539,4,448,527,343,129,29,84,114,37,13,66,127,43,1,1,7,8,9,4,94,25/26
723475,Rafael Rachel,26.02.17_Brasília,2,27.0,1641,2,572,691,234,54,23,85,144,34,8,83,148,34,0,0,7,8,11,3,97,25/26
723467,Ricardo Fischer,26.02.17_Brasília,2,22.9,913,0,357,308,155,50,0,50,73,16,6,42,75,19,1,14,4,1,4,6,69,25/26
703343,Winicius Braga,26.02.17_Brasília,2,22.9,1280,0,429,623,143,35,0,65,116,29,7,53,121,29,1,8,5,3,8,3,73,25/26
709501,Yuri Neptune,26.02.17_Brasília,2,26.1,681,2,191,247,163,28,14,40,69,20,1,30,73,13,0,10,2,3,2,3,42,25/26
692169,Alexandre Paranhos,26.02.17_Brasília,3,21.9,295,0,109,133,28,11,0,23,22,5,1,14,30,4,0,1,1,2,2,1,20,25/26
713851,Danilo Fuzaro,26.02.17_Brasília,3,23.7,1058,0,383,387,204,34,0,57,88,28,4,53,84,32,1,2,3,2,5,8,76,25/26
723898,Erik McCree,26.02.17_Brasília,3,26.1,1534,6,468,633,225,117,37,70,110,25,13,60,101,41,2,1,3,7,5,2,54,25/26
713017,Fernando Fernandes,26.02.17_Brasília,3,5.0,44,0,29,0,0,0,0,5,22,0,0,7,20,0,0,0,0,0,0,0,0,25/26
723896,Jordan Williams,26.02.17_Brasília,3,23.5,1147,0,418,470,135,76,0,55,104,19,4,66,91,18,1,2,4,3,6,4,66,25/26
712072,Lucas Rodriguez,26.02.17_Brasília,3,7.2,99,0,74,7,0,0,0,6,23,0,0,15,18,0,0,3,4,3,2,1,30,25/26
723475,Rafael Rachel,26.02.17_Brasília,3,24.6,565,1,174,222,96,40,3,33,58,13,4,23,70,9,0,13,2,1,5,0,39,25/26
723467,Ricardo Fischer,26.02.17_Brasília,3,20.5,495,0,213,195,59,8,0,31,38,10,4,32,41,11,0,6,1,1,3,1,29,25/26
703343,Winicius Braga,26.02.17_Brasília,3,22.3,1307,0,467,620,146,27,0,64,111,21,5,56,112,23,0,2,3,3,8,4,72,25/26
709501,Yuri Neptune,26.02.17_Brasília,3,25.8,657,1,207,244,141,28,6,27,51,20,4,27,64,14,0,1,0,1,4,1,25,25/26
692169,Alexandre Paranhos,26.02.17_Brasília,4,23.4,578,0,198,254,71,25,0,22,60,12,3,34,59,10,0,2,2,3,2,2,32,25/26
713851,Danilo Fuzaro,26.02.17_Brasília,4,20.7,921,0,385,295,156,32,0,53,83,21,7,51,88,19,0,5,17,6,5,6,104,25/26
723898,Erik McCree,26.02.17_Brasília,4,26.1,1693,3,670,630,202,105,21,82,135,29,5,86,133,30,0,11,9,10,4,0,76,25/26
713017,Fernando Fernandes,26.02.17_Brasília,4,12.7,81,0,44,6,2,0,0,15,35,2,0,20,33,1,0,0,0,0,0,0,0,25/26
723896,Jordan Williams,26.02.17_Brasília,4,21.6,1064,0,503,402,75,8,0,74,95,24,4,78,93,20,0,9,11,9,7,2,94,25/26
712072,Lucas Rodriguez,26.02.17_Brasília,4,26.4,1151,2,472,349,180,55,30,58,109,25,9,60,106,29,0,9,11,4,3,1,63,25/26
723475,Rafael Rachel,26.02.17_Brasília,4,21.6,1017,0,367,389,180,30,0,62,85,25,7,51,102,24,0,14,11,6,4,2,81,25/26
723467,Ricardo Fischer,26.02.17_Brasília,4,25.3,1136,1,509,336,160,51,8,65,90,20,10,83,84,25,0,12,9,4,5,7,98,25/26
703343,Winicius Braga,26.02.17_Brasília,4,19.1,1109,0,494,439,108,8,0,59,126,23,3,62,129,22,0,12,7,6,5,2,74,25/26
709501,Yuri Neptune,26.02.17_Brasília,4,19.7,610,0,231,205,108,12,0,41,73,20,1,47,77,16,0,18,3,3,1,2,46,25/26
692169,Alexandre Paranhos,26.02.19_RioClaro,1,21.1,915,0,248,463,143,16,0,62,84,27,4,51,95,31,0,0,1,2,8,3,54,25/26
713851,Danilo Fuzaro,26.02.19_RioClaro,1,23.7,786,0,244,282,185,47,0,51,50,20,3,38,59,19,0,8,2,3,3,2,46,25/26
723898,Erik McCree,26.02.19_RioClaro,1,28.3,810,2,221,367,121,53,23,40,65,8,7,40,62,18,1,8,2,6,1,0,36,25/26
713017,Fernando Fernandes,26.02.19_RioClaro,1,30.0,467,2,155,144,102,14,27,15,42,14,4,16,49,10,0,1,1,2,2,1,22,25/26
723896,Jordan Williams,26.02.19_RioClaro,1,20.4,960,0,331,434,138,20,0,54,69,25,6,47,74,24,0,2,3,2,6,3,52,25/26
712072,Lucas Rodriguez,26.02.19_RioClaro,1,26.5,671,1,161,246,180,50,13,18,50,24,3,29,52,21,0,10,2,1,2,5,47,25/26
723475,Rafael Rachel,26.02.19_RioClaro,1,24.8,703,2,250,285,106,25,6,41,69,15,1,29,72,14,1,4,1,3,5,0,37,25/26
723467,Ricardo Fischer,26.02.19_RioClaro,1,24.7,993,1,325,280,255,90,3,44,56,25,10,49,59,29,0,0,1,2,5,4,48,25/26
703343,Winicius Braga,26.02.19_RioClaro,1,18.0,439,0,137,230,54,1,0,22,39,9,3,20,40,12,0,1,1,1,2,0,17,25/26
709501,Yuri Neptune,26.02.19_RioClaro,1,21.7,667,0,168,328,131,8,0,40,59,18,3,33,65,15,0,1,1,3,4,2,34,25/26
692169,Alexandre Paranhos,26.02.19_RioClaro,2,24.8,922,1,317,402,131,36,3,53,74,15,5,37,75,22,1,3,3,4,6,1,46,25/26
713851,Danilo Fuzaro,26.02.19_RioClaro,2,27.0,1258,2,422,418,268,80,9,74,106,25,10,75,94,36,0,4,5,4,7,4,72,25/26
723898,Erik McCree,26.02.19_RioClaro,2,22.5,915,0,382,363,114,21,0,63,60,13,5,50,67,16,0,7,3,3,1,2,37,25/26
713017,Fernando Fernandes,26.02.19_RioClaro,2,26.6,744,1,274,215,139,61,11,32,69,17,8,40,69,19,0,11,5,1,2,6,59,25/26
723896,Jordan Williams,26.02.19_RioClaro,2,25.9,993,2,333,430,124,46,23,62,63,27,3,54,67,24,0,4,2,3,7,2,52,25/26
712072,Lucas Rodriguez,26.02.19_RioClaro,2,26.4,950,2,219,360,249,73,25,44,49,17,4,26,50,19,0,11,4,2,5,2,57,25/26
723475,Rafael Rachel,26.02.19_RioClaro,2,26.4,687,3,249,235,112,39,17,40,65,16,7,37,71,16,0,12,3,2,5,1,51,25/26
723467,Ricardo Fischer,26.02.19_RioClaro,2,25.9,1010,3,430,286,184,54,13,55,63,21,8,48,63,26,0,9,4,1,4,7,70,25/26
703343,Winicius Braga,26.02.19_RioClaro,2,18.4,548,0,222,234,60,3,0,33,60,12,1,27,59,12,0,11,1,1,3,2,41,25/26
709501,Yuri Neptune,26.02.19_RioClaro,2,26.1,441,1,143,142,99,22,10,21,45,9,3,18,47,10,0,14,1,0,1,4,39,25/26
692169,Alexandre Paranhos,26.02.19_RioClaro,3,25.6,589,2,182,241,85,47,7,27,42,21,2,30,44,16,1,0,1,1,5,3,37,25/26
713851,Danilo Fuzaro,26.02.19_RioClaro,3,26.2,841,2,251,280,208,56,15,45,68,14,3,39,63,21,0,8,2,1,4,3,45,25/26
723898,Erik McCree,26.02.19_RioClaro,3,26.1,1157,2,341,500,183,69,23,66,71,28,6,50,85,26,1,3,2,4,5,0,43,25/26
713017,Fernando Fernandes,26.02.19_RioClaro,3,21.8,436,0,208,127,64,8,0,17,53,12,3,19,56,12,0,11,1,2,1,1,30,25/26
723896,Jordan Williams,26.02.19_RioClaro,3,23.8,817,0,312,313,100,58,0,49,57,19,4,42,57,22,0,4,1,4,6,2,46,25/26
712072,Lucas Rodriguez,26.02.19_RioClaro,3,26.1,875,4,203,331,196,91,25,41,56,21,5,47,60,24,0,7,2,2,4,4,55,25/26
723475,Rafael Rachel,26.02.19_RioClaro,3,23.3,770,0,242,272,199,18,0,40,67,25,5,33,79,22,0,7,1,3,6,1,46,25/26
723467,Ricardo Fischer,26.02.19_RioClaro,3,26.0,593,1,228,206,97,17,10,32,51,19,2,37,50,16,0,7,2,2,4,2,40,25/26
703343,Winicius Braga,26.02.19_RioClaro,3,23.2,608,0,236,268,71,8,0,47,51,9,4,30,56,14,0,2,2,2,2,1,25,25/26
709501,Yuri Neptune,26.02.19_RioClaro,3,22.2,545,0,172,265,66,10,0,32,62,10,1,34,58,11,0,2,1,2,5,1,34,25/26
692169,Alexandre Paranhos,26.02.19_RioClaro,4,6.2,47,0,29,2,0,0,0,7,24,3,0,10,24,1,0,0,0,0,0,0,1,25/26
713851,Danilo Fuzaro,26.02.19_RioClaro,4,26.6,1694,7,592,562,299,112,47,87,132,40,16,88,123,51,1,0,8,6,10,7,107,25/26
723898,Erik McCree,26.02.19_RioClaro,4,27.4,1844,5,707,675,236,105,51,100,124,42,12,87,149,32,4,5,7,7,4,1,62,25/26
713017,Fernando Fernandes,26.02.19_RioClaro,4,12.9,254,0,156,44,2,0,0,23,86,6,0,32,84,1,0,10,7,3,2,1,45,25/26
723896,Jordan Williams,26.02.19_RioClaro,4,25.9,1563,2,619,628,192,39,10,87,114,35,4,79,128,32,0,5,8,10,7,1,85,25/26
712072,Lucas Rodriguez,26.02.19_RioClaro,4,21.8,151,0,76,22,20,5,0,19,26,3,1,21,27,2,0,28,4,0,0,0,37,25/26
723475,Rafael Rachel,26.02.19_RioClaro,4,23.3,784,0,276,250,137,79,0,29,91,16,8,37,84,19,0,11,11,1,5,4,77,25/26
723467,Ricardo Fischer,26.02.19_RioClaro,4,25.5,1956,3,794,678,277,103,11,97,141,37,14,91,131,48,0,1,5,5,7,14,127,25/26
703343,Winicius Braga,26.02.19_RioClaro,4,19.5,1166,0,435,488,176,11,0,66,110,30,6,63,119,26,0,3,7,6,4,2,63,25/26
709501,Yuri Neptune,26.02.19_RioClaro,4,5.0,81,0,59,0,0,0,0,10,26,0,0,16,22,0,0,2,0,0,0,0,2,25/26
692169,Alexandre Paranhos,26.02.22_Paulistano,1,25.4,734,1,172,355,121,46,6,44,65,21,4,35,63,25,0,5,2,2,3,0,30,25/26
723898,Erik McCree,26.02.22_Paulistano,1,25.0,1253,1,385,551,200,72,3,61,93,29,4,56,93,33,0,3,2,3,8,3,66,25/26
713017,Fernando Fernandes,26.02.22_Paulistano,1,26.3,327,1,157,83,35,18,12,20,34,4,1,16,32,6,0,3,1,0,1,0,11,25/26
723896,Jordan Williams,26.02.22_Paulistano,1,21.8,754,0,224,327,122,54,0,42,49,18,5,27,66,19,0,4,3,2,5,2,43,25/26
719433,Juan Arengo,26.02.22_Paulistano,1,26.3,786,4,236,272,153,60,33,45,60,11,7,41,57,19,0,4,3,4,3,1,40,25/26
712072,Lucas Rodriguez,26.02.22_Paulistano,1,26.9,1452,12,305,576,328,150,59,70,86,31,16,56,78,49,3,2,3,3,3,4,50,25/26
723475,Rafael Rachel,26.02.22_Paulistano,1,21.5,294,0,163,86,19,5,0,14,35,5,2,22,30,4,1,13,3,1,0,0,25,25/26
723467,Ricardo Fischer,26.02.22_Paulistano,1,24.7,622,2,246,163,109,57,9,37,43,10,7,48,35,16,0,3,2,1,4,1,32,25/26
703343,Winicius Braga,26.02.22_Paulistano,1,17.7,737,0,296,324,87,0,0,34,74,12,0,39,71,12,0,3,3,2,4,1,33,25/26
709501,Yuri Neptune,26.02.22_Paulistano,1,25.6,888,2,219,333,250,46,5,50,72,21,7,43,72,24,0,2,7,2,2,5,52,25/26
692169,Alexandre Paranhos,26.02.22_Paulistano,2,25.9,1190,2,420,477,171,59,8,63,104,32,5,55,99,38,0,3,5,5,5,4,66,25/26
723898,Erik McCree,26.02.22_Paulistano,2,26.1,1222,2,466,460,167,58,28,64,86,27,5,52,98,22,0,4,6,7,3,2,58,25/26
713017,Fernando Fernandes,26.02.22_Paulistano,2,25.9,817,1,366,214,126,52,6,42,75,16,4,43,67,17,0,12,2,2,3,4,50,25/26
723896,Jordan Williams,26.02.22_Paulistano,2,24.5,1308,2,476,584,128,46,7,87,97,34,4,71,122,23,0,1,6,9,9,3,91,25/26
719433,Juan Arengo,26.02.22_Paulistano,2,25.3,784,1,262,258,155,59,5,39,69,16,7,30,71,18,0,15,3,3,3,3,54,25/26
712072,Lucas Rodriguez,26.02.22_Paulistano,2,27.6,1428,9,472,364,305,151,84,52,91,24,16,50,90,35,3,6,8,4,2,1,47,25/26
723475,Rafael Rachel,26.02.22_Paulistano,2,5.2,7,0,5,0,0,0,0,0,5,0,0,2,4,0,0,2,0,0,0,0,3,25/26
723467,Ricardo Fischer,26.02.22_Paulistano,2,26.0,820,4,330,201,128,91,20,39,55,17,8,52,49,16,0,14,5,1,2,6,65,25/26
703343,Winicius Braga,26.02.22_Paulistano,2,20.6,493,0,216,204,39,9,0,32,44,11,1,27,45,8,0,14,2,2,2,1,41,25/26
709501,Yuri Neptune,26.02.22_Paulistano,2,25.6,1145,1,476,426,140,37,17,59,75,26,7,49,78,29,0,7,4,2,6,3,61,25/26
692169,Alexandre Paranhos,26.02.22_Paulistano,3,16.0,455,0,188,190,56,0,0,22,46,8,0,22,43,9,0,2,1,2,1,0,17,25/26
723898,Erik McCree,26.02.22_Paulistano,3,27.1,1018,3,381,370,141,65,20,42,85,21,6,42,79,27,1,3,1,5,5,1,42,25/26
713017,Fernando Fernandes,26.02.22_Paulistano,3,26.1,643,4,225,215,112,38,20,34,53,7,5,42,47,15,0,5,1,1,4,2,32,25/26
723896,Jordan Williams,26.02.22_Paulistano,3,22.8,955,0,375,385,139,21,0,50,69,15,6,39,75,18,0,2,1,4,7,2,53,25/26
719433,Juan Arengo,26.02.22_Paulistano,3,23.7,708,0,178,320,143,42,0,31,52,16,3,38,51,14,0,11,3,1,5,1,45,25/26
712072,Lucas Rodriguez,26.02.22_Paulistano,3,29.5,1021,5,243,373,223,105,40,57,58,26,10,50,67,30,0,5,4,3,5,2,51,25/26
723475,Rafael Rachel,26.02.22_Paulistano,3,0.0,0,0,0,0,0,0,0,0,0,0,0,0,0,0,0,0,0,0,0,0,0,25/26
723467,Ricardo Fischer,26.02.22_Paulistano,3,25.0,612,2,220,225,106,31,5,32,45,14,5,32,43,18,0,6,2,2,3,2,38,25/26
703343,Winicius Braga,26.02.22_Paulistano,3,22.6,988,0,356,462,109,18,0,58,93,24,10,37,112,21,0,6,1,3,7,4,63,25/26
709501,Yuri Neptune,26.02.22_Paulistano,3,26.2,466,1,83,209,122,33,7,21,32,10,3,15,29,17,1,1,1,1,0,0,7,25/26
692169,Alexandre Paranhos,26.02.22_Paulistano,4,24.9,743,1,224,309,132,39,6,37,52,23,3,30,62,19,0,2,1,1,3,5,44,25/26
723898,Erik McCree,26.02.22_Paulistano,4,26.0,698,2,311,223,70,53,13,46,45,8,2,36,53,8,0,1,2,2,1,1,19,25/26
713017,Fernando Fernandes,26.02.22_Paulistano,4,26.3,1352,5,380,536,270,75,49,60,70,40,14,40,92,35,0,0,3,2,3,10,74,25/26
723896,Jordan Williams,26.02.22_Paulistano,4,23.5,616,0,268,213,73,31,0,36,41,15,1,39,47,9,0,1,2,3,4,0,30,25/26
719433,Juan Arengo,26.02.22_Paulistano,4,7.4,68,0,53,3,0,0,0,5,14,0,0,11,10,0,0,4,0,0,0,0,4,25/26
712072,Lucas Rodriguez,26.02.22_Paulistano,4,26.6,1397,6,331,521,298,138,67,67,80,34,14,46,92,40,0,1,3,5,3,3,47,25/26
723475,Rafael Rachel,26.02.22_Paulistano,4,0.0,0,0,0,0,0,0,0,0,0,0,0,0,0,0,0,0,0,0,0,0,0,25/26
723467,Ricardo Fischer,26.02.22_Paulistano,4,26.0,1098,3,431,371,139,95,13,49,87,24,9,52,72,28,1,2,3,3,3,8,69,25/26
703343,Winicius Braga,26.02.22_Paulistano,4,22.6,619,0,245,249,92,9,0,29,55,16,2,32,62,10,0,5,2,2,4,2,38,25/26
709501,Yuri Neptune,26.02.22_Paulistano,4,19.6,177,0,45,76,48,4,0,9,11,5,1,8,17,5,0,0,0,0,0,0,2,25/26
692169,Alexandre Paranhos,26.03.17_UniãoCorinthians,1,21.6,863,0,284,373,147,15,0,54,77,23,5,41,86,23,0,2,1,3,3,3,41,25/26
713851,Danilo Fuzaro,26.03.17_UniãoCorinthians,1,26.0,956,2,304,334,194,64,10,54,73,21,6,56,74,20,1,7,2,3,6,5,67,25/26
723898,Erik McCree,26.03.17_UniãoCorinthians,1,27.2,874,4,280,373,94,53,40,40,59,18,6,46,67,13,0,6,4,6,4,0,47,25/26
713017,Fernando Fernandes,26.03.17_UniãoCorinthians,1,5.5,31,0,20,0,0,0,0,2,19,0,0,4,18,0,0,0,0,0,0,0,0,25/26
723896,Jordan Williams,26.03.17_UniãoCorinthians,1,26.0,1040,1,349,449,147,27,15,55,92,23,3,59,82,24,0,4,3,4,10,2,71,25/26
719433,Juan Arengo,26.03.17_UniãoCorinthians,1,26.3,786,4,194,294,165,74,29,42,50,23,10,34,41,32,0,3,11,2,2,5,65,25/26
712072,Lucas Rodriguez,26.03.17_UniãoCorinthians,1,23.5,732,0,234,285,147,41,0,36,55,19,5,35,59,15,1,10,2,2,5,2,49,25/26
690902,Murilo Ferraz,26.03.17_UniãoCorinthians,1,5.6,24,0,18,0,0,0,0,2,9,0,0,5,7,0,0,7,0,0,0,0,7,25/26
723475,Rafael Rachel,26.03.17_UniãoCorinthians,1,22.7,820,0,245,335,164,46,0,46,65,16,5,33,63,29,0,0,13,1,3,6,71,25/26
724919,Tim Frazier,26.03.17_UniãoCorinthians,1,21.4,894,0,426,291,120,17,0,51,74,14,4,54,70,12,0,1,9,2,5,6,76,25/26
703343,Winicius Braga,26.03.17_UniãoCorinthians,1,18.1,682,0,226,333,99,1,0,49,45,16,0,37,57,9,0,14,1,1,3,4,50,25/26
709501,Yuri Neptune,26.03.17_UniãoCorinthians,1,23.0,331,0,103,112,76,17,0,12,43,6,1,13,39,9,0,5,1,2,1,0,16,25/26
692169,Alexandre Paranhos,26.03.17_UniãoCorinthians,2,21.4,838,0,300,365,103,25,0,58,74,17,4,58,72,22,0,4,4,4,4,3,59,25/26
713851,Danilo Fuzaro,26.03.17_UniãoCorinthians,2,25.0,599,1,265,183,85,14,4,34,56,23,2,40,63,11,0,15,5,4,6,1,61,25/26
723898,Erik McCree,26.03.17_UniãoCorinthians,2,24.0,889,0,345,354,104,47,0,56,69,19,2,41,80,15,0,13,4,6,3,0,54,25/26
713017,Fernando Fernandes,26.03.17_UniãoCorinthians,2,5.6,107,0,83,0,0,0,0,8,40,0,0,11,38,0,0,0,0,0,0,0,0,25/26
723896,Jordan Williams,26.03.17_UniãoCorinthians,2,18.3,776,0,312,330,82,7,0,48,75,15,2,48,76,14,0,9,5,5,5,0,54,25/26
719433,Juan Arengo,26.03.17_UniãoCorinthians,2,27.0,1261,4,443,419,205,89,43,53,97,26,12,61,92,31,1,0,13,5,6,5,91,25/26
712072,Lucas Rodriguez,26.03.17_UniãoCorinthians,2,26.0,686,3,249,250,80,49,20,37,55,16,7,39,64,10,1,17,3,2,4,4,63,25/26
690902,Murilo Ferraz,26.03.17_UniãoCorinthians,2,4.9,34,0,16,0,0,0,0,11,18,0,0,15,15,0,0,5,0,0,0,0,5,25/26
723475,Rafael Rachel,26.03.17_UniãoCorinthians,2,22.7,847,0,291,318,154,52,0,44,67,13,2,47,70,12,0,2,15,5,7,1,77,25/26
724919,Tim Frazier,26.03.17_UniãoCorinthians,2,21.6,891,0,466,291,68,13,0,50,84,17,5,67,82,12,0,2,12,4,5,4,81,25/26
703343,Winicius Braga,26.03.17_UniãoCorinthians,2,23.5,767,0,310,283,104,28,0,42,72,20,1,35,82,19,0,13,3,3,6,2,66,25/26
709501,Yuri Neptune,26.03.17_UniãoCorinthians,2,18.4,822,0,376,269,134,1,0,58,77,12,4,51,74,17,0,5,3,3,3,1,35,25/26
692169,Alexandre Paranhos,26.03.17_UniãoCorinthians,3,23.5,377,0,139,143,45,29,0,27,37,11,2,18,39,14,0,1,3,2,2,3,38,25/26
713851,Danilo Fuzaro,26.03.17_UniãoCorinthians,3,26.0,624,3,217,203,94,59,18,24,55,15,3,22,47,16,1,14,1,1,4,3,49,25/26
723898,Erik McCree,26.03.17_UniãoCorinthians,3,22.4,531,0,215,243,39,5,0,31,52,9,4,33,55,8,0,9,3,4,0,0,29,25/26
713017,Fernando Fernandes,26.03.17_UniãoCorinthians,3,6.7,82,0,57,1,0,0,0,7,38,1,0,9,37,0,0,0,0,0,0,0,0,25/26
723896,Jordan Williams,26.03.17_UniãoCorinthians,3,26.0,833,1,297,400,64,20,8,51,77,18,2,44,71,17,0,5,4,3,7,3,62,25/26
719433,Juan Arengo,26.03.17_UniãoCorinthians,3,26.4,949,4,295,316,165,103,23,44,78,22,6,56,61,22,0,7,1,5,4,6,69,25/26
712072,Lucas Rodriguez,26.03.17_UniãoCorinthians,3,26.6,1427,7,365,526,316,121,52,62,92,28,13,55,89,37,1,4,1,2,4,10,80,25/26
690902,Murilo Ferraz,26.03.17_UniãoCorinthians,3,4.7,50,0,35,0,0,0,0,9,17,0,0,8,18,0,0,5,0,0,0,0,5,25/26
723475,Rafael Rachel,26.03.17_UniãoCorinthians,3,22.1,887,0,316,327,189,11,0,40,97,17,1,52,81,18,0,0,8,5,6,4,73,25/26
724919,Tim Frazier,26.03.17_UniãoCorinthians,3,14.0,228,0,121,76,13,0,0,15,26,4,0,23,22,3,0,10,7,3,1,1,45,25/26
703343,Winicius Braga,26.03.17_UniãoCorinthians,3,18.2,1001,0,371,453,133,3,0,46,87,22,7,59,93,14,0,4,6,2,6,5,70,25/26
709501,Yuri Neptune,26.03.17_UniãoCorinthians,3,23.1,433,0,175,153,60,21,0,18,49,7,1,27,42,6,0,1,2,1,3,0,18,25/26
692169,Alexandre Paranhos,26.03.17_UniãoCorinthians,4,18.5,630,0,261,246,83,4,0,30,61,18,0,34,67,12,0,3,3,4,3,3,47,25/26
713851,Danilo Fuzaro,26.03.17_UniãoCorinthians,4,25.0,970,2,316,349,175,75,9,45,81,20,8,41,80,27,0,5,3,2,2,7,61,25/26
723898,Erik McCree,26.03.17_UniãoCorinthians,4,26.0,914,1,298,329,185,57,9,46,68,26,1,36,68,25,0,1,1,3,5,0,36,25/26
713017,Fernando Fernandes,26.03.17_UniãoCorinthians,4,20.7,567,0,198,201,109,26,0,32,54,16,2,25,63,13,0,3,3,3,2,1,34,25/26
723896,Jordan Williams,26.03.17_UniãoCorinthians,4,6.4,11,0,4,2,0,0,0,4,4,1,0,5,6,0,0,1,1,1,0,1,9,25/26
719433,Juan Arengo,26.03.17_UniãoCorinthians,4,8.0,111,0,69,15,0,0,0,20,26,0,0,27,17,0,0,13,1,0,0,0,19,25/26
712072,Lucas Rodriguez,26.03.17_UniãoCorinthians,4,25.2,1428,2,443,506,290,131,8,67,98,22,14,67,97,33,0,0,1,6,5,7,76,25/26
690902,Murilo Ferraz,26.03.17_UniãoCorinthians,4,18.2,332,0,192,79,34,2,0,18,40,3,0,28,30,4,0,7,2,2,1,0,24,25/26
723475,Rafael Rachel,26.03.17_UniãoCorinthians,4,23.6,437,0,178,184,27,24,0,17,59,7,1,17,53,10,0,10,5,3,2,0,37,25/26
724919,Tim Frazier,26.03.17_UniãoCorinthians,4,5.9,100,0,92,0,0,0,0,4,10,0,0,9,6,0,0,16,5,0,0,0,25,25/26
703343,Winicius Braga,26.03.17_UniãoCorinthians,4,17.4,707,0,262,328,84,0,0,43,69,12,1,38,69,12,0,4,3,2,4,2,45,25/26
709501,Yuri Neptune,26.03.17_UniãoCorinthians,4,23.1,1181,0,370,436,238,85,0,66,88,28,5,50,94,25,0,3,5,2,4,5,60,25/26
692169,Alexandre Paranhos,26.03.19_Caxias,1,23.0,454,0,154,189,71,10,0,32,52,12,1,34,46,15,0,1,2,2,2,0,22,25/26
713851,Danilo Fuzaro,26.03.19_Caxias,1,25.8,495,1,149,177,114,10,13,26,41,18,3,29,37,17,0,10,3,2,3,1,39,25/26
713017,Fernando Fernandes,26.03.19_Caxias,1,5.6,50,0,38,0,0,0,0,3,20,0,0,7,18,0,0,0,0,0,0,0,0,25/26
723896,Jordan Williams,26.03.19_Caxias,1,22.8,1040,0,324,502,148,21,0,60,81,28,5,65,79,29,0,4,3,3,6,4,62,25/26
719433,Juan Arengo,26.03.19_Caxias,1,26.2,1059,2,300,424,229,59,18,58,73,16,8,40,71,26,0,7,2,2,2,7,59,25/26
712072,Lucas Rodriguez,26.03.19_Caxias,1,26.1,710,4,202,215,164,75,23,39,50,10,9,34,51,21,0,5,1,2,4,2,37,25/26
690902,Murilo Ferraz,26.03.19_Caxias,1,4.4,6,0,2,0,0,0,0,3,5,0,0,3,5,0,0,2,0,0,0,0,2,25/26
723475,Rafael Rachel,26.03.19_Caxias,1,24.9,1311,3,441,491,226,97,15,68,104,20,6,56,107,27,0,0,3,2,8,6,75,25/26
723467,Ricardo Fischer,26.03.19_Caxias,1,21.1,234,0,111,79,21,6,0,14,27,2,1,14,25,4,0,2,2,2,1,0,15,25/26
724919,Tim Frazier,26.03.19_Caxias,1,14.3,737,0,341,328,29,0,0,59,62,17,3,51,72,13,0,0,7,3,4,5,62,25/26
703343,Winicius Braga,26.03.19_Caxias,1,19.1,826,0,282,419,91,6,0,51,70,20,3,47,71,21,0,7,2,1,5,3,53,25/26
709501,Yuri Neptune,26.03.19_Caxias,1,23.7,355,0,123,80,93,31,0,19,33,8,4,19,36,7,0,4,3,2,2,1,30,25/26
692169,Alexandre Paranhos,26.03.19_Caxias,2,24.8,472,1,146,200,77,21,3,25,43,12,3,26,46,13,0,2,1,1,2,3,29,25/26
713851,Danilo Fuzaro,26.03.19_Caxias,2,25.8,484,1,157,160,112,26,9,21,36,14,2,21,41,12,1,14,2,0,2,2,40,25/26
713017,Fernando Fernandes,26.03.19_Caxias,2,5.9,54,0,40,0,0,0,0,4,21,0,0,10,18,0,0,0,0,0,0,0,0,25/26
723896,Jordan Williams,26.03.19_Caxias,2,20.3,556,0,269,203,45,8,0,27,55,13,0,27,54,7,0,9,3,3,3,1,42,25/26
719433,Juan Arengo,26.03.19_Caxias,2,25.5,932,1,290,329,212,56,5,44,80,22,4,46,59,33,1,5,5,2,3,6,65,25/26
712072,Lucas Rodriguez,26.03.19_Caxias,2,7.2,36,0,24,2,0,0,0,4,12,1,0,2,16,0,0,19,1,0,0,0,22,25/26
690902,Murilo Ferraz,26.03.19_Caxias,2,4.8,20,0,12,0,0,0,0,5,6,0,0,8,4,0,0,1,0,0,0,0,1,25/26
723475,Rafael Rachel,26.03.19_Caxias,2,25.7,1006,2,358,349,163,87,7,49,83,19,5,45,85,21,0,0,5,5,8,3,74,25/26
723467,Ricardo Fischer,26.03.19_Caxias,2,22.8,816,0,253,309,211,14,0,46,49,15,7,41,52,18,1,7,2,1,3,6,54,25/26
724919,Tim Frazier,26.03.19_Caxias,2,20.9,943,0,503,308,72,6,0,62,79,11,2,71,68,13,0,1,5,3,6,5,70,25/26
703343,Winicius Braga,26.03.19_Caxias,2,20.0,903,0,329,422,102,12,0,48,85,25,4,44,89,23,0,6,3,2,7,3,60,25/26
709501,Yuri Neptune,26.03.19_Caxias,2,20.1,1173,0,366,435,289,32,0,70,97,27,1,50,98,30,0,4,2,3,6,4,64,25/26
692169,Alexandre Paranhos,26.03.19_Caxias,3,18.7,523,0,306,142,28,2,0,36,62,9,1,33,64,6,0,3,2,0,2,0,17,25/26
713851,Danilo Fuzaro,26.03.19_Caxias,3,25.1,408,1,257,78,35,5,5,17,38,8,1,20,37,8,0,14,2,1,1,0,26,25/26
713017,Fernando Fernandes,26.03.19_Caxias,3,9.4,248,0,167,62,0,0,0,19,27,5,0,21,27,1,0,2,1,0,0,0,4,25/26
723896,Jordan Williams,26.03.19_Caxias,3,26.1,1200,1,547,425,119,39,13,68,92,17,9,53,90,28,1,7,2,2,7,4,67,25/26
719433,Juan Arengo,26.03.19_Caxias,3,26.2,1227,2,563,406,148,21,29,63,88,28,3,70,78,26,0,1,8,3,4,6,75,25/26
712072,Lucas Rodriguez,26.03.19_Caxias,3,22.8,549,0,248,199,56,15,0,29,53,11,5,30,57,13,0,11,3,2,1,1,35,25/26
690902,Murilo Ferraz,26.03.19_Caxias,3,10.3,275,0,154,100,0,0,0,30,23,5,0,21,30,2,0,1,3,2,0,0,12,25/26
723475,Rafael Rachel,26.03.19_Caxias,3,24.1,1333,1,544,493,188,45,2,69,114,28,6,61,119,26,1,1,7,2,6,7,80,25/26
723467,Ricardo Fischer,26.03.19_Caxias,3,15.1,228,0,165,37,7,0,0,13,18,5,0,14,21,2,0,13,2,1,0,0,20,25/26
724919,Tim Frazier,26.03.19_Caxias,3,14.7,1040,0,564,381,31,0,0,68,110,19,0,65,118,6,0,0,3,8,4,7,79,25/26
703343,Winicius Braga,26.03.19_Caxias,3,20.0,1075,0,437,460,113,7,0,45,123,30,2,58,126,20,0,4,7,4,6,2,64,25/26
709501,Yuri Neptune,26.03.19_Caxias,3,11.9,253,0,211,25,0,0,0,12,19,1,0,13,20,0,0,7,2,0,0,0,11,25/26
692169,Alexandre Paranhos,26.03.19_Caxias,4,26.0,1079,1,401,456,125,43,6,54,96,24,2,58,82,33,0,3,2,2,7,5,68,25/26
713851,Danilo Fuzaro,26.03.19_Caxias,4,26.4,973,2,314,326,224,37,21,57,74,31,8,48,64,37,0,9,4,3,5,5,74,25/26
713017,Fernando Fernandes,26.03.19_Caxias,4,6.0,63,0,47,0,0,0,0,11,16,0,0,12,15,0,0,0,0,0,0,0,0,25/26
723896,Jordan Williams,26.03.19_Caxias,4,26.4,776,2,266,309,117,28,19,41,58,21,6,38,64,21,0,8,3,2,6,2,56,25/26
719433,Juan Arengo,26.03.19_Caxias,4,25.6,1608,1,555,634,259,83,6,96,123,33,8,73,127,37,0,2,5,3,9,8,98,25/26
712072,Lucas Rodriguez,26.03.19_Caxias,4,26.3,1248,5,338,430,295,112,31,58,78,30,15,57,71,37,2,8,5,3,4,7,78,25/26
690902,Murilo Ferraz,26.03.19_Caxias,4,4.8,29,0,14,0,0,0,0,6,17,0,0,9,15,0,0,1,0,0,0,0,1,25/26
723475,Rafael Rachel,26.03.19_Caxias,4,20.3,956,0,350,332,161,61,0,48,94,24,6,53,89,25,0,0,14,3,8,2,80,25/26
723467,Ricardo Fischer,26.03.19_Caxias,4,6.0,65,0,55,0,0,0,0,1,14,0,0,5,11,0,0,2,0,0,0,0,3,25/26
724919,Tim Frazier,26.03.19_Caxias,4,14.4,574,0,327,190,12,0,0,49,68,9,0,53,59,9,0,3,13,3,4,4,72,25/26
703343,Winicius Braga,26.03.19_Caxias,4,26.0,500,1,164,229,57,11,13,28,52,9,0,25,59,7,0,12,2,2,3,1,40,25/26
709501,Yuri Neptune,26.03.19_Caxias,4,26.1,920,2,326,296,202,38,17,46,70,20,7,40,86,20,0,10,2,2,5,3,55,25/26
692169,Alexandre Paranhos,26.03.22_Osasco,1,26.1,550,1,174,246,72,25,9,35,47,10,2,32,43,16,0,2,2,3,1,0,18,25/26
713851,Danilo Fuzaro,26.03.22_Osasco,1,25.0,553,1,193,190,121,14,4,34,52,15,5,26,50,18,0,10,2,2,3,1,36,25/26
723896,Jordan Williams,26.03.22_Osasco,1,22.6,885,0,343,360,120,21,0,45,75,13,4,53,64,19,0,5,2,1,6,4,56,25/26
719433,Juan Arengo,26.03.22_Osasco,1,26.0,970,2,264,365,222,76,11,46,67,16,4,42,60,20,0,7,2,2,2,5,53,25/26
712072,Lucas Rodriguez,26.03.22_Osasco,1,26.4,491,1,132,189,108,23,10,18,40,15,2,22,40,13,0,4,2,1,2,1,25,25/26
723475,Rafael Rachel,26.03.22_Osasco,1,25.1,1089,1,320,491,208,37,3,59,90,11,6,48,83,22,0,0,6,3,4,6,67,25/26
723467,Ricardo Fischer,26.03.22_Osasco,1,24.4,677,1,265,209,128,42,3,33,43,8,4,41,37,12,0,1,2,2,2,2,30,25/26
724919,Tim Frazier,26.03.22_Osasco,1,12.6,660,0,369,245,2,0,0,61,57,10,0,55,63,5,0,3,4,2,2,1,29,25/26
703343,Winicius Braga,26.03.22_Osasco,1,23.6,798,0,265,388,98,21,0,41,61,17,2,38,63,19,0,6,2,1,5,4,50,25/26
709501,Yuri Neptune,26.03.22_Osasco,1,22.8,457,0,125,181,103,25,0,25,40,11,1,22,42,11,0,1,1,2,2,0,18,25/26
692169,Alexandre Paranhos,26.03.22_Osasco,2,25.6,564,1,178,247,70,31,7,21,55,15,3,26,51,16,0,4,2,1,4,1,33,25/26
713851,Danilo Fuzaro,26.03.22_Osasco,2,26.1,565,2,220,173,107,25,10,32,44,11,3,41,37,15,0,5,11,1,1,3,52,25/26
723896,Jordan Williams,26.03.22_Osasco,2,23.7,921,0,354,357,121,45,0,49,68,19,5,36,76,24,0,5,2,4,7,4,65,25/26
719433,Juan Arengo,26.03.22_Osasco,2,26.2,1188,2,466,397,164,86,23,72,78,25,5,62,74,29,1,5,3,4,4,6,71,25/26
712072,Lucas Rodriguez,26.03.22_Osasco,2,28.5,620,3,178,207,124,44,42,26,47,12,4,20,46,17,0,13,2,0,2,4,47,25/26
723475,Rafael Rachel,26.03.22_Osasco,2,26.2,1171,2,385,402,218,101,17,58,90,30,7,54,103,24,0,1,7,4,9,2,72,25/26
723467,Ricardo Fischer,26.03.22_Osasco,2,25.8,699,1,269,235,123,33,7,31,44,18,6,24,50,19,0,11,1,2,1,6,50,25/26
724919,Tim Frazier,26.03.22_Osasco,2,17.8,792,0,463,260,20,0,0,54,70,17,1,61,69,6,0,2,1,2,3,4,43,25/26
703343,Winicius Braga,26.03.22_Osasco,2,26.1,980,1,368,398,147,9,11,59,72,24,5,43,89,23,0,4,4,2,6,5,63,25/26
709501,Yuri Neptune,26.03.22_Osasco,2,22.8,475,0,170,162,85,30,0,25,38,15,2,28,38,13,0,9,1,1,2,3,34,25/26
692169,Alexandre Paranhos,26.03.22_Osasco,3,24.5,860,2,264,372,128,56,7,39,75,18,1,47,73,18,0,1,2,2,6,2,43,25/26
713851,Danilo Fuzaro,26.03.22_Osasco,3,27.6,792,4,242,294,138,48,36,32,68,19,7,41,56,25,2,8,5,2,2,2,42,25/26
723896,Jordan Williams,26.03.22_Osasco,3,26.4,987,1,343,431,138,21,14,54,75,21,1,47,80,20,0,3,4,1,4,7,65,25/26
719433,Juan Arengo,26.03.22_Osasco,3,23.2,994,0,355,366,178,66,0,52,49,31,6,41,52,32,1,4,5,2,2,8,67,25/26
712072,Lucas Rodriguez,26.03.22_Osasco,3,26.3,613,5,140,224,108,75,46,21,43,13,6,24,36,17,2,9,2,1,2,2,35,25/26
723475,Rafael Rachel,26.03.22_Osasco,3,23.6,1121,0,322,515,192,53,0,67,90,29,4,58,93,23,0,1,7,2,7,4,67,25/26
723467,Ricardo Fischer,26.03.22_Osasco,3,27.0,937,2,345,349,131,54,28,52,62,20,3,40,76,19,0,3,2,2,5,4,51,25/26
724919,Tim Frazier,26.03.22_Osasco,3,12.1,481,0,320,124,1,0,0,47,40,7,0,48,37,3,0,2,2,2,3,3,41,25/26
703343,Winicius Braga,26.03.22_Osasco,3,17.3,652,0,238,304,88,0,0,38,52,14,2,34,57,13,0,9,2,1,3,4,49,25/26
709501,Yuri Neptune,26.03.22_Osasco,3,23.5,513,0,186,158,108,31,0,26,55,13,4,28,53,13,0,2,1,2,3,0,22,25/26
692169,Alexandre Paranhos,26.03.22_Osasco,4,25.4,873,1,327,378,94,19,8,58,83,17,2,41,85,19,0,9,5,1,3,6,67,25/26
713851,Danilo Fuzaro,26.03.22_Osasco,4,29.2,1151,3,445,349,179,75,34,69,94,21,9,53,86,34,2,3,4,3,5,10,88,25/26
723896,Jordan Williams,26.03.22_Osasco,4,9.6,138,0,88,30,0,0,0,20,32,3,0,23,28,1,0,4,3,1,1,1,23,25/26
719433,Juan Arengo,26.03.22_Osasco,4,17.6,409,0,181,116,73,0,0,20,59,9,3,38,49,10,0,10,2,2,4,1,35,25/26
712072,Lucas Rodriguez,26.03.22_Osasco,4,27.7,1426,6,435,492,313,65,63,70,105,37,13,59,109,48,1,1,2,4,4,8,69,25/26
723475,Rafael Rachel,26.03.22_Osasco,4,8.9,104,0,59,31,0,0,0,8,25,1,0,11,24,0,0,17,2,1,1,1,32,25/26
723467,Ricardo Fischer,26.03.22_Osasco,4,25.9,975,1,366,327,163,63,4,51,80,13,7,54,67,31,0,4,4,2,3,9,76,25/26
724919,Tim Frazier,26.03.22_Osasco,4,9.7,157,0,120,12,0,0,0,17,27,2,0,21,25,2,0,9,3,1,1,2,31,25/26
703343,Winicius Braga,26.03.22_Osasco,4,19.5,414,0,237,125,20,6,0,16,51,9,1,23,58,4,0,8,2,3,4,2,42,25/26
709501,Yuri Neptune,26.03.22_Osasco,4,25.9,1303,2,446,491,224,81,11,59,108,24,5,49,111,31,0,7,4,3,6,7,83,25/26
692169,Alexandre Paranhos,26.03.24_Pinheiros,1,22.0,741,0,227,328,117,38,0,39,65,25,2,33,60,31,0,1,2,3,5,1,39,25/26
713851,Danilo Fuzaro,26.03.24_Pinheiros,1,21.1,458,0,160,132,105,32,0,29,37,11,2,30,35,11,0,14,2,2,2,1,35,25/26
723898,Erik McCree,26.03.24_Pinheiros,1,25.4,467,1,177,193,56,14,4,26,34,13,0,29,39,7,0,4,1,1,1,1,16,25/26
723896,Jordan Williams,26.03.24_Pinheiros,1,23.9,1358,0,526,507,204,64,0,70,98,30,6,49,123,27,0,2,3,3,7,4,67,25/26
719433,Juan Arengo,26.03.24_Pinheiros,1,25.7,1151,2,382,437,211,70,7,60,81,23,10,54,93,30,0,2,5,3,4,8,78,25/26
712072,Lucas Rodriguez,26.03.24_Pinheiros,1,5.5,25,0,15,0,0,0,0,5,13,0,0,9,10,0,0,1,3,4,5,3,52,25/26
723467,Ricardo Fischer,26.03.24_Pinheiros,1,23.1,848,0,306,311,149,41,0,44,60,23,5,52,52,26,0,4,1,2,3,4,45,25/26
724919,Tim Frazier,26.03.24_Pinheiros,1,18.4,721,0,257,357,74,3,0,39,60,12,1,42,68,8,0,2,12,2,1,1,43,25/26
703343,Winicius Braga,26.03.24_Pinheiros,1,22.1,787,0,246,380,106,26,0,36,61,24,3,40,60,26,0,11,2,2,3,5,55,25/26
709501,Yuri Neptune,26.03.24_Pinheiros,1,7.6,53,0,37,4,0,0,0,9,16,0,0,8,16,0,0,0,1,4,9,7,85,25/26
692169,Alexandre Paranhos,26.03.24_Pinheiros,2,24.0,735,0,334,206,110,46,0,37,59,15,4,27,62,15,0,7,3,3,2,2,40,25/26
713851,Danilo Fuzaro,26.03.24_Pinheiros,2,23.2,752,0,313,182,120,85,0,41,59,18,5,37,58,20,0,14,7,3,4,3,69,25/26
723898,Erik McCree,26.03.24_Pinheiros,2,26.0,602,1,279,179,77,22,7,29,62,14,1,34,63,10,0,8,5,4,2,1,43,25/26
723896,Jordan Williams,26.03.24_Pinheiros,2,26.2,1315,2,565,436,160,63,26,75,89,20,10,68,97,24,0,6,5,5,7,7,91,25/26
719433,Juan Arengo,26.03.24_Pinheiros,2,26.3,1181,1,469,367,206,60,12,63,106,22,8,72,100,28,0,7,9,6,4,4,82,25/26
712072,Lucas Rodriguez,26.03.24_Pinheiros,2,6.6,107,0,81,3,0,0,0,17,21,0,0,21,17,0,0,5,3,2,2,3,42,25/26
723467,Ricardo Fischer,26.03.24_Pinheiros,2,26.3,820,1,366,196,126,64,20,55,63,10,7,59,54,18,0,14,5,2,4,4,62,25/26
724919,Tim Frazier,26.03.24_Pinheiros,2,22.7,856,0,372,359,53,23,0,62,84,10,2,69,85,8,0,1,13,5,2,1,56,25/26
703343,Winicius Braga,26.03.24_Pinheiros,2,18.5,1008,0,409,440,116,2,0,54,80,22,1,45,84,21,0,12,5,3,7,3,77,25/26
709501,Yuri Neptune,26.03.24_Pinheiros,2,20.7,539,0,232,137,112,30,0,20,37,11,5,31,29,12,0,4,2,2,3,1,34,25/26
692169,Alexandre Paranhos,26.03.24_Pinheiros,3,23.7,689,0,214,334,82,25,0,41,70,15,2,39,57,22,0,1,3,2,6,0,39,25/26
713851,Danilo Fuzaro,26.03.24_Pinheiros,3,26.1,865,3,349,267,130,52,20,46,71,21,7,50,64,25,1,9,2,2,6,6,73,25/26
723898,Erik McCree,26.03.24_Pinheiros,3,25.9,504,1,213,179,56,20,5,21,45,15,1,30,48,11,0,9,4,3,2,1,37,25/26
723896,Jordan Williams,26.03.24_Pinheiros,3,26.0,1074,1,392,480,95,46,9,57,102,23,5,53,100,24,0,6,3,4,5,8,84,25/26
719433,Juan Arengo,26.03.24_Pinheiros,3,25.4,1113,1,455,397,141,49,11,63,96,22,7,63,93,23,1,3,7,4,6,7,86,25/26
712072,Lucas Rodriguez,26.03.24_Pinheiros,3,5.5,43,0,31,0,0,0,0,9,12,0,0,9,12,0,0,7,3,0,1,0,18,25/26
723467,Ricardo Fischer,26.03.24_Pinheiros,3,25.9,866,2,379,308,95,26,11,51,67,20,3,49,72,19,0,5,5,4,2,1,39,25/26
724919,Tim Frazier,26.03.24_Pinheiros,3,21.9,536,0,221,203,78,6,0,29,55,7,1,35,49,5,0,2,5,4,2,3,46,25/26
703343,Winicius Braga,26.03.24_Pinheiros,3,21.4,719,0,345,248,78,15,0,37,74,12,2,17,81,16,0,12,3,2,7,2,63,25/26
709501,Yuri Neptune,26.03.24_Pinheiros,3,4.1,17,0,8,0,0,0,0,5,6,0,0,6,5,0,0,4,2,1,0,0,13,25/26
692169,Alexandre Paranhos,26.03.24_Pinheiros,4,18.1,104,0,59,8,15,1,0,15,21,2,0,19,19,1,0,1,1,0,1,0,8,25/26
713851,Danilo Fuzaro,26.03.24_Pinheiros,4,25.9,188,1,70,59,23,7,6,16,26,4,1,19,24,4,0,27,4,2,1,1,47,25/26
723898,Erik McCree,26.03.24_Pinheiros,4,26.0,1363,2,545,476,187,79,20,59,111,31,10,55,108,32,1,5,4,8,6,5,86,25/26
723896,Jordan Williams,26.03.24_Pinheiros,4,26.3,1626,3,715,549,165,93,28,86,122,32,8,85,118,38,1,3,6,6,10,10,121,25/26
719433,Juan Arengo,26.03.24_Pinheiros,4,25.3,1534,2,659,484,203,106,7,80,110,28,13,78,113,35,0,4,8,7,11,5,110,25/26
712072,Lucas Rodriguez,26.03.24_Pinheiros,4,7.5,77,0,47,4,0,0,0,11,39,2,0,16,37,1,0,10,2,1,0,0,19,25/26
723467,Ricardo Fischer,26.03.24_Pinheiros,4,26.2,840,1,391,204,116,65,15,56,66,20,4,37,79,17,0,8,5,4,4,4,67,25/26
724919,Tim Frazier,26.03.24_Pinheiros,4,0.0,0,0,0,0,0,0,0,0,0,0,0,0,0,0,0,0,2,1,2,1,20,25/26
703343,Winicius Braga,26.03.24_Pinheiros,4,22.6,1629,0,679,674,191,15,0,85,153,36,8,79,166,31,1,3,6,8,12,5,112,25/26
709501,Yuri Neptune,26.03.24_Pinheiros,4,5.7,52,0,40,0,0,0,0,6,16,0,0,6,16,0,0,2,1,1,1,0,13,25/26
692169,Alexandre Paranhos,26.04.01_Cruzeiro,1,26.1,753,1,236,322,86,61,14,52,54,13,2,39,52,19,0,1,0,2,4,3,41,25/26
723898,Erik McCree,26.04.01_Cruzeiro,1,26.0,496,1,164,210,65,22,11,23,50,7,3,22,55,10,0,1,3,3,3,4,50,25/26
723896,Jordan Williams,26.04.01_Cruzeiro,1,25.0,984,1,294,444,173,28,6,58,71,25,3,43,70,25,0,3,2,3,6,4,60,25/26
719433,Juan Arengo,26.04.01_Cruzeiro,1,26.0,741,2,204,303,154,40,9,53,55,15,3,41,51,20,0,7,4,1,2,5,48,25/26
712072,Lucas Rodriguez,26.04.01_Cruzeiro,1,25.9,424,1,111,174,93,25,6,26,32,8,4,21,38,10,0,5,2,2,1,2,26,25/26
690902,Murilo Ferraz,26.04.01_Cruzeiro,1,3.9,5,0,2,0,0,0,0,1,4,0,0,0,5,0,0,4,0,0,0,0,4,25/26
723475,Rafael Rachel,26.04.01_Cruzeiro,1,22.7,1079,0,292,429,243,79,0,61,79,23,8,40,82,32,0,0,4,3,4,7,68,25/26
723467,Ricardo Fischer,26.04.01_Cruzeiro,1,25.6,429,1,174,157,38,30,3,29,29,10,1,25,29,11,0,4,2,1,2,1,25,25/26
724919,Tim Frazier,26.04.01_Cruzeiro,1,23.3,917,0,296,447,115,30,0,51,59,19,4,49,60,18,0,1,5,3,4,2,47,25/26
703343,Winicius Braga,26.04.01_Cruzeiro,1,18.6,647,0,185,343,95,5,0,32,54,7,4,35,56,12,0,9,1,2,3,3,43,25/26
709501,Yuri Neptune,26.04.01_Cruzeiro,1,23.0,840,0,259,294,188,64,0,37,62,20,9,22,67,29,0,1,3,3,5,3,53,25/26
692169,Alexandre Paranhos,26.04.01_Cruzeiro,2,23.0,909,0,284,390,139,60,0,45,68,22,6,38,77,20,0,6,3,2,3,7,63,25/26
723898,Erik McCree,26.04.01_Cruzeiro,2,26.0,743,4,254,273,119,48,27,29,56,15,3,31,56,15,0,11,2,3,3,1,38,25/26
723896,Jordan Williams,26.04.01_Cruzeiro,2,26.0,867,1,332,336,133,20,11,48,61,18,3,43,57,20,0,5,3,2,6,2,46,25/26
719433,Juan Arengo,26.04.01_Cruzeiro,2,26.2,976,4,352,289,166,82,39,54,79,21,8,51,79,24,2,4,6,2,4,6,67,25/26
712072,Lucas Rodriguez,26.04.01_Cruzeiro,2,29.3,1262,10,268,404,336,147,71,52,60,27,13,48,71,35,1,3,7,2,2,4,51,25/26
690902,Murilo Ferraz,26.04.01_Cruzeiro,2,4.9,16,0,9,0,0,0,0,5,7,0,0,3,9,0,0,5,0,0,0,0,5,25/26
723475,Rafael Rachel,26.04.01_Cruzeiro,2,26.4,987,4,256,347,207,103,38,42,68,32,4,42,90,14,0,0,8,3,7,3,68,25/26
723467,Ricardo Fischer,26.04.01_Cruzeiro,2,26.1,996,2,326,332,224,55,18,55,58,24,10,50,66,26,0,5,4,1,2,8,68,25/26
724919,Tim Frazier,26.04.01_Cruzeiro,2,21.5,202,0,108,56,15,6,0,13,24,3,1,14,26,1,0,0,16,3,1,0,47,25/26
703343,Winicius Braga,26.04.01_Cruzeiro,2,16.8,566,0,184,259,94,0,0,33,54,10,3,32,57,11,0,7,2,1,5,1,37,25/26
709501,Yuri Neptune,26.04.01_Cruzeiro,2,24.6,785,1,215,347,173,18,3,40,59,18,2,32,52,20,0,4,2,3,3,1,32,25/26
692169,Alexandre Paranhos,26.04.01_Cruzeiro,3,18.7,402,0,110,225,49,4,0,20,19,13,2,20,26,12,0,2,0,0,2,1,17,25/26
723898,Erik McCree,26.04.01_Cruzeiro,3,16.3,343,0,142,160,25,0,0,25,33,4,0,24,34,4,0,11,0,2,1,0,22,25/26
723896,Jordan Williams,26.04.01_Cruzeiro,3,22.5,1122,0,346,501,191,45,0,57,68,28,1,54,69,26,0,0,1,2,8,4,61,25/26
719433,Juan Arengo,26.04.01_Cruzeiro,3,19.9,293,0,135,100,35,6,0,29,19,6,0,30,18,1,0,0,0,1,1,2,16,25/26
712072,Lucas Rodriguez,26.04.01_Cruzeiro,3,3.5,3,0,1,0,0,0,0,1,2,0,0,0,4,0,0,7,5,1,0,0,21,25/26
690902,Murilo Ferraz,26.04.01_Cruzeiro,3,3.8,3,0,2,0,0,0,0,0,1,0,0,1,1,0,0,3,0,0,0,0,3,25/26
723475,Rafael Rachel,26.04.01_Cruzeiro,3,22.4,1148,0,320,455,239,99,0,48,81,26,8,49,87,28,0,0,2,2,7,5,60,25/26
723467,Ricardo Fischer,26.04.01_Cruzeiro,3,21.6,419,0,125,199,64,18,0,23,23,7,2,21,31,8,0,8,1,0,1,2,26,25/26
724919,Tim Frazier,26.04.01_Cruzeiro,3,25.8,899,1,318,409,126,10,6,49,62,12,6,43,65,18,0,1,2,4,4,1,38,25/26
703343,Winicius Braga,26.04.01_Cruzeiro,3,20.2,973,0,285,497,151,6,0,49,78,22,4,56,83,22,0,2,1,1,4,5,51,25/26
709501,Yuri Neptune,26.04.01_Cruzeiro,3,22.2,435,0,91,220,98,13,0,24,24,9,3,18,24,13,0,3,2,2,3,2,32,25/26
692169,Alexandre Paranhos,26.04.01_Cruzeiro,4,19.5,957,0,321,441,136,11,0,66,84,23,3,57,91,24,0,5,3,2,4,5,57,25/26
723898,Erik McCree,26.04.01_Cruzeiro,4,25.6,1726,2,644,635,297,73,11,89,116,39,8,61,146,40,0,2,6,6,10,3,87,25/26
723896,Jordan Williams,26.04.01_Cruzeiro,4,23.0,398,0,171,119,53,22,0,27,43,3,1,37,31,6,0,12,1,1,2,0,24,25/26
719433,Juan Arengo,26.04.01_Cruzeiro,4,26.3,1053,1,394,380,173,30,15,54,105,22,8,60,101,23,0,9,6,6,5,4,76,25/26
712072,Lucas Rodriguez,26.04.01_Cruzeiro,4,26.0,804,2,272,245,179,57,13,40,64,17,5,38,71,17,0,5,6,7,4,1,58,25/26
690902,Murilo Ferraz,26.04.01_Cruzeiro,4,5.9,48,0,25,0,0,0,0,13,17,0,0,18,13,0,0,9,1,0,0,0,11,25/26
723475,Rafael Rachel,26.04.01_Cruzeiro,4,10.0,60,0,34,4,0,0,0,12,26,0,1,11,29,0,0,10,19,0,0,0,49,25/26
723467,Ricardo Fischer,26.04.01_Cruzeiro,4,26.4,1850,4,700,629,266,147,35,96,138,20,14,87,111,43,0,0,4,6,5,15,118,25/26
724919,Tim Frazier,26.04.01_Cruzeiro,4,4.2,20,0,10,0,0,0,0,6,8,0,0,5,9,0,0,1,27,1,0,0,59,25/26
703343,Winicius Braga,26.04.01_Cruzeiro,4,23.6,757,0,288,296,105,34,0,42,59,17,4,45,62,16,1,2,2,4,5,11,97,25/26
709501,Yuri Neptune,26.04.01_Cruzeiro,4,26.1,1438,3,454,500,340,53,44,69,97,20,9,61,94,29,0,8,5,5,5,5,77,25/26
692169,Alexandre Paranhos,26.04.04_Vasco,1,23.6,730,0,198,353,106,41,0,42,57,23,1,46,68,16,0,1,2,1,4,1,31,25/26
723898,Erik McCree,26.04.04_Vasco,1,24.4,694,2,216,321,86,39,5,34,55,17,3,37,67,14,0,2,2,3,1,1,25,25/26
713017,Fernando Fernandes,26.04.04_Vasco,1,5.4,21,0,13,0,0,0,0,3,11,0,0,2,13,0,0,2,0,0,0,0,2,25/26
723896,Jordan Williams,26.04.04_Vasco,1,21.0,915,0,370,388,112,8,0,53,65,17,5,38,68,22,0,5,3,3,6,2,52,25/26
719433,Juan Arengo,26.04.04_Vasco,1,22.4,761,0,239,280,153,51,0,48,61,18,1,44,59,19,0,5,1,2,5,1,39,25/26
712072,Lucas Rodriguez,26.04.04_Vasco,1,26.1,515,2,138,206,107,22,21,28,40,12,2,25,39,13,0,5,1,2,3,1,28,25/26
723475,Rafael Rachel,26.04.04_Vasco,1,21.5,976,0,265,412,214,49,0,56,74,25,7,48,79,27,0,0,6,1,7,3,62,25/26
723467,Ricardo Fischer,26.04.04_Vasco,1,19.1,583,0,216,200,137,9,0,32,38,6,4,31,36,11,0,3,1,1,2,1,21,25/26
724919,Tim Frazier,26.04.04_Vasco,1,22.5,838,0,286,378,120,22,0,40,62,14,6,55,56,16,0,0,6,1,4,4,53,25/26
703343,Winicius Braga,26.04.04_Vasco,1,20.7,723,0,184,406,98,11,0,45,53,19,3,36,59,17,0,3,2,2,5,4,51,25/26
709501,Yuri Neptune,26.04.04_Vasco,1,26.2,832,2,215,313,218,40,19,29,66,23,3,24,64,22,0,2,0,3,3,3,37,25/26
692169,Alexandre Paranhos,26.04.04_Vasco,2,25.0,812,1,236,350,128,53,6,49,68,18,3,39,73,24,0,7,3,1,5,2,50,25/26
723898,Erik McCree,26.04.04_Vasco,2,25.9,1165,2,460,453,137,48,10,72,95,26,7,57,105,27,0,3,6,5,4,3,60,25/26
713017,Fernando Fernandes,26.04.04_Vasco,2,27.8,469,3,135,123,97,61,28,13,47,7,2,17,39,11,0,10,1,2,1,0,23,25/26
723896,Jordan Williams,26.04.04_Vasco,2,26.0,953,2,367,407,77,36,16,60,76,17,6,47,80,22,0,6,6,4,5,4,66,25/26
719433,Juan Arengo,26.04.04_Vasco,2,26.1,1013,3,388,299,169,84,27,54,75,24,7,54,65,28,1,8,5,4,5,2,59,25/26
712072,Lucas Rodriguez,26.04.04_Vasco,2,25.2,853,2,247,289,167,100,6,44,61,27,5,42,65,26,0,10,5,3,4,3,59,25/26
723475,Rafael Rachel,26.04.04_Vasco,2,27.0,903,3,276,341,142,62,40,37,87,24,6,46,83,22,0,2,12,4,5,1,65,25/26
723467,Ricardo Fischer,26.04.04_Vasco,2,25.7,597,3,220,176,112,48,6,26,49,10,3,32,45,9,0,9,3,3,3,1,43,25/26
724919,Tim Frazier,26.04.04_Vasco,2,22.5,939,0,400,353,115,20,0,55,84,20,1,75,74,18,0,0,8,5,5,7,85,25/26
703343,Winicius Braga,26.04.04_Vasco,2,21.2,836,0,284,381,109,23,0,45,83,16,7,42,93,18,0,6,7,3,3,1,46,25/26
709501,Yuri Neptune,26.04.04_Vasco,2,5.1,37,0,25,0,0,0,0,6,14,0,0,5,15,0,0,14,1,0,0,0,16,25/26
692169,Alexandre Paranhos,26.04.04_Vasco,3,26.0,680,1,202,345,84,17,8,39,58,12,3,33,54,18,0,0,0,1,4,2,31,25/26
723898,Erik McCree,26.04.04_Vasco,3,19.4,507,0,207,234,43,6,0,34,34,11,0,32,43,4,0,6,1,1,2,1,20,25/26
713017,Fernando Fernandes,26.04.04_Vasco,3,5.3,16,0,10,0,0,0,0,0,13,0,0,0,13,0,0,2,0,0,0,0,2,25/26
723896,Jordan Williams,26.04.04_Vasco,3,21.8,666,0,251,286,85,15,0,42,51,16,0,43,47,14,0,4,5,2,5,1,43,25/26
719433,Juan Arengo,26.04.04_Vasco,3,26.6,1058,3,345,421,184,57,15,41,71,34,2,38,82,27,1,3,2,3,5,4,60,25/26
712072,Lucas Rodriguez,26.04.04_Vasco,3,26.1,467,1,156,163,113,6,12,34,28,7,5,18,40,11,0,12,1,1,2,2,34,25/26
723475,Rafael Rachel,26.04.04_Vasco,3,22.7,1090,0,290,412,285,64,0,52,74,29,5,43,86,28,0,4,6,4,1,1,35,25/26
723467,Ricardo Fischer,26.04.04_Vasco,3,23.9,516,0,184,166,95,53,0,25,24,15,0,22,30,11,0,7,1,1,2,2,29,25/26
724919,Tim Frazier,26.04.04_Vasco,3,21.5,922,0,321,400,132,28,0,49,72,19,3,64,68,23,0,0,3,3,5,7,70,25/26
703343,Winicius Braga,26.04.04_Vasco,3,19.3,725,0,173,395,116,14,0,49,63,19,4,39,75,15,0,3,5,5,1,1,38,25/26
709501,Yuri Neptune,26.04.04_Vasco,3,26.0,854,2,219,299,247,55,13,43,58,17,6,40,47,29,0,1,0,1,4,2,32,25/26
692169,Alexandre Paranhos,26.04.04_Vasco,4,21.5,796,0,264,371,100,30,0,42,67,17,2,43,63,17,0,3,1,0,2,7,49,25/26
723898,Erik McCree,26.04.04_Vasco,4,18.7,664,0,248,333,56,2,0,46,51,18,1,49,60,9,0,0,1,2,1,1,19,25/26
713017,Fernando Fernandes,26.04.04_Vasco,4,25.9,836,4,250,364,129,54,10,37,63,15,6,31,63,20,0,2,2,2,1,1,22,25/26
723896,Jordan Williams,26.04.04_Vasco,4,8.0,43,0,29,9,0,0,0,7,7,1,0,9,9,0,0,13,0,0,0,0,13,25/26
719433,Juan Arengo,26.04.04_Vasco,4,16.1,207,0,139,46,9,0,0,14,24,0,0,14,22,2,0,8,2,1,0,0,14,25/26
712072,Lucas Rodriguez,26.04.04_Vasco,4,23.7,1339,0,407,534,249,92,0,81,91,36,12,66,107,39,1,0,0,0,7,9,74,25/26
723475,Rafael Rachel,26.04.04_Vasco,4,19.7,533,0,198,239,61,4,0,35,55,10,1,33,56,8,0,8,2,3,1,1,34,25/26
723467,Ricardo Fischer,26.04.04_Vasco,4,25.4,1158,1,435,443,178,39,3,60,91,32,5,65,96,28,0,1,2,1,2,10,66,25/26
724919,Tim Frazier,26.04.04_Vasco,4,6.9,26,0,23,2,0,0,0,1,2,0,0,2,3,0,0,9,7,0,0,0,23,25/26
703343,Winicius Braga,26.04.04_Vasco,4,5.0,16,0,14,0,0,0,0,1,5,0,0,0,6,0,0,4,3,2,2,2,33,25/26
709501,Yuri Neptune,26.04.04_Vasco,4,25.2,1414,1,433,588,274,68,4,74,105,35,8,47,101,46,1,0,0,1,4,11,76,25/26
692169,Alexandre Paranhos,26.04.06_Flamengo,1,25.3,631,1,196,226,153,19,5,30,68,11,5,32,69,17,0,0,1,1,5,1,34,25/26
723898,Erik McCree,26.04.06_Flamengo,1,22.4,807,0,262,361,123,26,0,43,72,21,3,39,82,14,0,4,1,5,3,1,39,25/26
713017,Fernando Fernandes,26.04.06_Flamengo,1,6.3,45,0,30,1,0,0,0,8,22,1,0,7,24,0,0,2,1,0,0,0,4,25/26
723896,Jordan Williams,26.04.06_Flamengo,1,21.2,944,0,264,469,145,27,0,48,63,27,1,42,78,18,0,3,1,3,6,5,63,25/26
719433,Juan Arengo,26.04.06_Flamengo,1,26.0,1434,3,429,590,251,103,16,69,94,33,6,68,90,31,2,0,2,2,6,7,65,25/26
712072,Lucas Rodriguez,26.04.06_Flamengo,1,6.9,32,0,20,4,0,0,0,3,15,2,0,5,17,0,0,11,1,0,0,0,15,25/26
723475,Rafael Rachel,26.04.06_Flamengo,1,23.5,763,0,182,315,153,90,0,40,53,18,2,37,49,18,0,0,10,1,3,5,58,25/26
723467,Ricardo Fischer,26.04.06_Flamengo,1,23.0,797,0,303,214,176,64,0,37,62,12,6,46,56,18,0,3,1,3,4,4,47,25/26
724919,Tim Frazier,26.04.06_Flamengo,1,22.8,645,0,186,304,109,27,0,41,45,13,0,38,41,8,0,0,9,3,2,2,47,25/26
703343,Winicius Braga,26.04.06_Flamengo,1,17.9,907,0,284,482,115,0,0,50,62,20,1,45,73,12,0,7,2,3,3,2,42,25/26
709501,Yuri Neptune,26.04.06_Flamengo,1,24.5,633,1,176,216,154,47,4,33,63,11,6,34,66,17,0,2,1,2,3,1,28,25/26
692169,Alexandre Paranhos,26.04.06_Flamengo,2,22.2,820,0,306,328,114,26,0,44,78,26,2,51,79,26,0,5,2,2,6,2,47,25/26
723898,Erik McCree,26.04.06_Flamengo,2,26.2,1080,2,394,370,187,55,17,63,90,23,9,56,93,29,1,11,3,7,4,1,57,25/26
713017,Fernando Fernandes,26.04.06_Flamengo,2,25.7,189,1,90,45,23,5,4,11,28,1,1,22,19,3,0,0,0,1,1,0,5,25/26
723896,Jordan Williams,26.04.06_Flamengo,2,22.5,1182,0,495,477,128,15,0,57,107,28,12,55,105,33,0,9,6,7,8,3,92,25/26
719433,Juan Arengo,26.04.06_Flamengo,2,24.6,1520,4,593,385,306,133,14,76,125,29,11,69,112,46,0,5,7,7,7,4,89,25/26
712072,Lucas Rodriguez,26.04.06_Flamengo,2,13.2,198,0,118,47,4,0,0,17,36,6,0,22,38,3,0,13,3,1,1,0,25,25/26
723475,Rafael Rachel,26.04.06_Flamengo,2,25.1,1188,1,534,350,204,51,3,65,86,22,7,52,102,18,0,2,13,7,9,2,96,25/26
723467,Ricardo Fischer,26.04.06_Flamengo,2,25.9,481,2,208,140,60,35,8,31,27,15,2,29,36,12,0,17,1,1,2,3,45,25/26
724919,Tim Frazier,26.04.06_Flamengo,2,25.0,1378,2,603,438,192,67,7,67,113,24,6,79,92,27,0,0,5,8,11,7,112,25/26
703343,Winicius Braga,26.04.06_Flamengo,2,19.9,685,0,240,304,95,11,0,40,71,17,2,28,73,21,0,13,2,3,6,2,56,25/26
709501,Yuri Neptune,26.04.06_Flamengo,2,26.1,1094,1,439,327,216,61,8,51,86,18,3,42,77,24,0,13,5,3,7,5,84,25/26
692169,Alexandre Paranhos,26.04.06_Flamengo,3,25.9,538,1,181,183,102,35,5,31,49,19,2,30,55,16,0,2,1,2,3,1,27,25/26
723898,Erik McCree,26.04.06_Flamengo,3,27.2,629,1,281,201,77,20,17,35,52,13,3,32,60,12,0,4,1,2,1,1,20,25/26
713017,Fernando Fernandes,26.04.06_Flamengo,3,9.6,56,0,33,6,0,0,0,7,28,1,1,10,27,0,0,4,1,0,0,0,7,25/26
723896,Jordan Williams,26.04.06_Flamengo,3,19.5,571,0,214,200,101,30,0,17,41,18,2,24,43,13,0,0,1,1,3,4,36,25/26
719433,Juan Arengo,26.04.06_Flamengo,3,26.0,1688,5,641,563,249,137,24,83,148,35,8,92,131,40,1,0,2,5,10,8,96,25/26
712072,Lucas Rodriguez,26.04.06_Flamengo,3,7.3,23,0,13,3,0,0,0,4,15,0,0,4,15,0,0,10,1,1,0,0,15,25/26
723475,Rafael Rachel,26.04.06_Flamengo,3,24.9,1146,1,349,410,243,96,5,56,99,24,7,49,84,28,0,2,7,4,7,5,81,25/26
723467,Ricardo Fischer,26.04.06_Flamengo,3,24.5,609,1,243,198,78,49,3,39,45,14,3,42,55,10,0,4,2,2,3,2,32,25/26
724919,Tim Frazier,26.04.06_Flamengo,3,26.0,986,1,392,369,127,50,11,47,65,24,5,51,65,19,0,0,6,4,7,5,79,25/26
703343,Winicius Braga,26.04.06_Flamengo,3,19.2,967,0,341,453,123,4,0,50,97,23,4,57,101,17,0,8,3,4,6,4,68,25/26
709501,Yuri Neptune,26.04.06_Flamengo,3,26.0,1136,1,365,399,265,51,5,39,100,23,9,51,91,32,0,2,2,4,7,4,61,25/26
692169,Alexandre Paranhos,26.04.06_Flamengo,4,21.8,1469,0,564,576,217,48,0,84,105,39,10,75,121,43,0,0,3,5,9,8,96,25/26
723898,Erik McCree,26.04.06_Flamengo,4,23.1,1579,0,638,639,199,34,0,85,136,29,6,87,137,26,1,2,4,4,4,3,55,25/26
713017,Fernando Fernandes,26.04.06_Flamengo,4,14.2,155,0,78,33,8,0,0,19,55,1,0,24,51,1,0,2,2,0,0,0,5,25/26
723896,Jordan Williams,26.04.06_Flamengo,4,0.0,0,0,0,0,0,0,0,0,0,0,0,0,0,0,0,0,0,0,0,0,0,25/26
719433,Juan Arengo,26.04.06_Flamengo,4,18.8,259,0,97,91,39,4,0,15,34,6,1,23,34,5,0,14,8,1,1,1,40,25/26
712072,Lucas Rodriguez,26.04.06_Flamengo,4,23.3,182,0,62,43,33,18,0,12,36,6,4,17,41,5,0,9,3,1,0,0,20,25/26
723475,Rafael Rachel,26.04.06_Flamengo,4,26.0,1447,3,554,504,217,75,29,68,130,23,7,60,125,31,1,0,5,6,10,4,88,25/26
723467,Ricardo Fischer,26.04.06_Flamengo,4,26.2,1731,6,738,576,192,110,31,96,102,24,16,67,132,33,0,0,2,5,5,13,103,25/26
724919,Tim Frazier,26.04.06_Flamengo,4,22.0,1282,0,574,508,100,31,0,76,109,30,4,89,105,22,0,0,1,4,9,7,88,25/26
703343,Winicius Braga,26.04.06_Flamengo,4,7.6,26,0,14,5,0,0,0,4,10,1,0,5,11,0,0,13,0,0,0,0,14,25/26
709501,Yuri Neptune,26.04.06_Flamengo,4,24.2,312,1,112,85,81,8,1,17,47,6,3,19,48,4,0,17,3,1,1,1,36,25/26
692169,Alexandre Paranhos,26.04.09_Botafogo,1,23.7,598,0,215,242,96,25,0,34,42,14,1,23,60,8,0,2,2,2,2,1,24,25/26
723898,Erik McCree,26.04.09_Botafogo,1,23.5,848,0,306,361,130,22,0,44,63,16,3,43,65,16,1,2,3,3,1,1,25,25/26
713017,Fernando Fernandes,26.04.09_Botafogo,1,28.2,1039,2,274,348,248,121,18,38,64,19,8,38,60,25,1,2,2,3,4,2,37,25/26
723896,Jordan Williams,26.04.09_Botafogo,1,0.0,0,0,0,0,0,0,0,0,0,0,0,0,0,0,0,0,0,0,0,0,0,25/26
719433,Juan Arengo,26.04.09_Botafogo,1,27.2,873,3,252,304,195,60,38,44,57,18,4,40,55,20,0,7,1,0,4,4,45,25/26
712072,Lucas Rodriguez,26.04.09_Botafogo,1,26.1,636,2,168,256,153,22,14,35,39,16,4,24,46,20,0,6,1,3,3,2,39,25/26
723475,Rafael Rachel,26.04.09_Botafogo,1,25.6,681,1,161,292,172,31,6,29,48,13,4,30,49,11,0,3,6,1,3,3,45,25/26
723467,Ricardo Fischer,26.04.09_Botafogo,1,19.3,672,0,255,265,114,6,0,37,53,10,3,39,45,12,0,0,2,2,2,2,31,25/26
724919,Tim Frazier,26.04.09_Botafogo,1,21.1,758,0,253,339,117,25,0,37,56,18,3,25,63,14,0,1,7,1,3,4,50,25/26
703343,Winicius Braga,26.04.09_Botafogo,1,24.3,777,1,215,418,91,33,2,45,52,19,2,35,65,12,0,7,2,1,4,3,45,25/26
709501,Yuri Neptune,26.04.09_Botafogo,1,22.1,699,0,158,273,215,31,0,38,59,10,3,20,52,22,0,0,8,1,1,5,51,25/26
692169,Alexandre Paranhos,26.04.09_Botafogo,2,24.7,567,1,238,229,53,11,4,39,50,8,4,25,55,13,0,3,2,2,1,0,16,25/26
723898,Erik McCree,26.04.09_Botafogo,2,25.3,1073,3,428,435,119,29,16,67,88,17,2,52,93,13,1,10,4,4,2,1,47,25/26
713017,Fernando Fernandes,26.04.09_Botafogo,2,27.5,998,2,354,324,196,61,24,54,69,22,4,46,66,25,0,13,4,4,4,4,69,25/26
723896,Jordan Williams,26.04.09_Botafogo,2,0.0,0,0,0,0,0,0,0,0,0,0,0,0,0,0,0,0,0,0,0,0,0,25/26
719433,Juan Arengo,26.04.09_Botafogo,2,26.1,1144,2,442,357,203,63,15,65,87,23,10,64,91,29,0,9,6,5,6,3,77,25/26
712072,Lucas Rodriguez,26.04.09_Botafogo,2,26.4,676,2,185,252,156,47,14,30,40,15,4,24,51,13,0,19,4,2,2,3,55,25/26
723475,Rafael Rachel,26.04.09_Botafogo,2,23.9,1022,0,396,364,179,39,0,61,90,18,3,52,96,18,0,8,9,6,6,1,72,25/26
723467,Ricardo Fischer,26.04.09_Botafogo,2,25.1,1112,3,385,411,197,64,10,62,75,20,5,55,79,21,0,14,3,2,4,7,74,25/26
724919,Tim Frazier,26.04.09_Botafogo,2,26.0,776,2,383,219,84,32,10,38,62,18,5,53,61,18,1,5,10,6,5,2,77,25/26
703343,Winicius Braga,26.04.09_Botafogo,2,19.3,1059,0,455,433,106,14,0,51,110,25,3,47,111,23,0,8,5,5,8,4,83,25/26
709501,Yuri Neptune,26.04.09_Botafogo,2,25.6,855,1,335,279,141,45,4,40,85,25,3,31,91,21,0,13,4,7,4,2,70,25/26
692169,Alexandre Paranhos,26.04.09_Botafogo,3,24.3,960,1,353,427,122,23,2,48,79,16,2,47,78,22,0,3,3,3,4,1,37,25/26
723898,Erik McCree,26.04.09_Botafogo,3,24.5,744,2,334,253,76,40,8,38,46,17,3,52,52,9,0,4,3,3,1,0,22,25/26
713017,Fernando Fernandes,26.04.09_Botafogo,3,30.1,967,4,354,279,186,69,34,32,73,19,9,38,64,23,3,8,2,2,7,2,53,25/26
723896,Jordan Williams,26.04.09_Botafogo,3,0.0,0,0,0,0,0,0,0,0,0,0,0,0,0,0,0,0,0,0,0,0,0,25/26
719433,Juan Arengo,26.04.09_Botafogo,3,24.0,915,1,346,337,151,51,1,53,65,13,9,55,60,21,0,6,5,2,4,4,58,25/26
712072,Lucas Rodriguez,26.04.09_Botafogo,3,24.4,612,1,193,223,126,40,1,31,40,16,7,39,41,21,0,10,3,2,4,2,47,25/26
723475,Rafael Rachel,26.04.09_Botafogo,3,24.1,1361,1,422,552,262,75,1,67,111,25,7,66,108,27,0,3,5,3,10,2,71,25/26
723467,Ricardo Fischer,26.04.09_Botafogo,3,24.3,1041,3,369,377,178,71,8,56,63,26,6,59,65,20,1,5,2,3,3,5,57,25/26
724919,Tim Frazier,26.04.09_Botafogo,3,12.3,62,0,32,19,2,0,0,3,10,3,0,5,13,0,0,20,2,0,0,0,25,25/26
703343,Winicius Braga,26.04.09_Botafogo,3,17.8,288,0,114,130,29,0,0,21,22,4,0,22,26,3,0,7,1,1,2,0,18,25/26
709501,Yuri Neptune,26.04.09_Botafogo,3,26.1,1627,2,554,585,352,69,15,53,108,29,8,49,106,33,1,0,2,4,11,6,88,25/26
692169,Alexandre Paranhos,26.04.09_Botafogo,4,21.9,690,0,259,304,64,32,0,50,57,16,2,29,70,13,0,1,1,3,5,0,32,25/26
723898,Erik McCree,26.04.09_Botafogo,4,26.0,639,1,255,251,72,27,6,40,47,10,3,39,52,10,0,5,1,2,1,1,22,25/26
713017,Fernando Fernandes,26.04.09_Botafogo,4,28.8,1594,5,513,584,266,94,86,78,103,41,14,65,122,43,1,0,2,4,5,4,55,25/26
723896,Jordan Williams,26.04.09_Botafogo,4,0.0,0,0,0,0,0,0,0,0,0,0,0,0,0,0,0,0,0,0,0,0,0,25/26
719433,Juan Arengo,26.04.09_Botafogo,4,25.8,645,1,263,238,91,23,6,39,45,20,2,34,46,17,0,4,3,4,3,2,45,25/26
712072,Lucas Rodriguez,26.04.09_Botafogo,4,26.9,1511,5,448,535,338,108,29,66,107,35,14,45,118,42,1,0,0,2,5,10,77,25/26
723475,Rafael Rachel,26.04.09_Botafogo,4,23.6,844,0,221,322,187,84,0,44,55,23,5,29,64,18,0,8,1,2,5,2,44,25/26
723467,Ricardo Fischer,26.04.09_Botafogo,4,4.3,5,0,3,0,0,0,0,1,3,0,0,1,3,0,0,2,0,0,0,0,2,25/26
724919,Tim Frazier,26.04.09_Botafogo,4,6.3,19,0,13,1,0,0,0,2,6,1,0,6,4,0,0,14,0,0,0,0,15,25/26
703343,Winicius Braga,26.04.09_Botafogo,4,15.9,503,0,173,243,68,0,0,21,52,10,2,26,50,11,0,5,2,3,3,2,38,25/26
709501,Yuri Neptune,26.04.09_Botafogo,4,24.6,926,1,251,405,190,39,3,55,74,16,6,40,76,21,0,4,5,1,2,7,54,25/26
692169,Alexandre Paranhos,26.04.12_Unifacisa,1,17.1,409,0,109,239,42,0,0,35,29,10,2,35,38,7,0,1,1,2,1,0,14,25/26
723898,Erik McCree,26.04.12_Unifacisa,1,25.8,680,1,170,293,143,40,9,27,45,16,3,27,46,18,0,4,2,4,2,1,28,25/26
713017,Fernando Fernandes,26.04.12_Unifacisa,1,25.9,412,1,148,129,70,41,5,18,31,11,6,9,39,14,0,1,1,3,7,3,55,25/26
723896,Jordan Williams,26.04.12_Unifacisa,1,24.4,994,1,345,417,130,52,3,59,74,30,7,49,88,25,0,1,2,3,7,4,58,25/26
719433,Juan Arengo,26.04.12_Unifacisa,1,26.0,900,2,268,329,195,66,8,42,61,23,10,42,58,31,0,7,1,2,4,5,54,25/26
712072,Lucas Rodriguez,26.04.12_Unifacisa,1,4.1,4,0,2,0,0,0,0,3,3,0,0,2,4,0,0,7,0,0,0,0,7,25/26
723475,Rafael Rachel,26.04.12_Unifacisa,1,22.9,882,0,280,342,176,52,0,33,70,26,5,30,76,24,0,1,6,2,6,4,63,25/26
723467,Ricardo Fischer,26.04.12_Unifacisa,1,25.8,705,1,211,307,141,20,3,43,43,17,1,22,54,12,1,6,0,1,3,5,43,25/26
724919,Tim Frazier,26.04.12_Unifacisa,1,26.0,908,1,346,353,126,48,6,55,55,20,5,54,50,20,0,0,7,2,5,3,55,25/26
703342,Vinci Oliveira,26.04.12_Unifacisa,1,4.6,1,0,1,0,0,0,0,0,1,0,0,0,1,0,0,0,0,0,0,0,0,25/26
703343,Winicius Braga,26.04.12_Unifacisa,1,20.8,1063,0,356,488,161,16,0,49,92,36,2,53,99,27,0,3,2,2,5,5,60,25/26
709501,Yuri Neptune,26.04.12_Unifacisa,1,25.7,709,1,199,256,186,39,5,37,56,13,2,26,51,18,0,3,1,2,3,0,28,25/26
692169,Alexandre Paranhos,26.04.12_Unifacisa,2,24.7,492,1,151,208,75,30,2,29,37,15,3,27,44,13,0,1,1,1,3,1,22,25/26
723898,Erik McCree,26.04.12_Unifacisa,2,26.6,1570,1,476,641,290,102,12,74,102,31,9,69,93,41,1,4,3,8,6,2,70,25/26
713017,Fernando Fernandes,26.04.12_Unifacisa,2,6.0,112,0,89,0,0,0,0,7,39,0,0,18,34,0,0,3,1,2,2,5,43,25/26
723896,Jordan Williams,26.04.12_Unifacisa,2,25.2,1278,2,495,513,148,59,7,61,88,38,8,64,102,31,0,3,4,4,10,2,75,25/26
719433,Juan Arengo,26.04.12_Unifacisa,2,27.5,857,2,334,273,148,40,19,50,64,20,5,54,67,17,1,11,5,2,5,2,56,25/26
712072,Lucas Rodriguez,26.04.12_Unifacisa,2,20.3,423,0,173,154,48,16,0,35,50,5,1,36,45,9,0,9,1,2,2,1,27,25/26
723475,Rafael Rachel,26.04.12_Unifacisa,2,26.2,918,3,316,354,109,77,22,54,76,22,0,45,85,11,1,4,10,6,5,0,64,25/26
723467,Ricardo Fischer,26.04.12_Unifacisa,2,27.5,858,2,327,280,138,53,23,46,56,23,6,48,49,22,1,10,4,3,3,6,68,25/26
724919,Tim Frazier,26.04.12_Unifacisa,2,22.6,857,0,356,304,135,18,0,48,72,21,5,56,64,22,0,0,11,3,5,4,72,25/26
703342,Vinci Oliveira,26.04.12_Unifacisa,2,6.4,65,0,46,2,0,0,0,2,32,1,0,5,31,0,0,0,0,0,0,0,0,25/26
703343,Winicius Braga,26.04.12_Unifacisa,2,25.9,1221,1,470,497,146,60,6,51,88,25,5,45,98,19,0,5,6,4,8,3,75,25/26
709501,Yuri Neptune,26.04.12_Unifacisa,2,28.0,229,1,75,72,44,8,11,11,23,9,1,18,19,7,1,10,0,1,1,1,23,25/26
692169,Alexandre Paranhos,26.04.12_Unifacisa,3,20.1,296,0,134,117,25,4,0,21,28,4,2,17,33,5,0,3,1,1,1,0,11,25/26
723898,Erik McCree,26.04.12_Unifacisa,3,26.1,1119,3,422,410,140,54,40,69,104,21,2,59,114,19,0,7,4,4,3,1,41,25/26
713017,Fernando Fernandes,26.04.12_Unifacisa,3,7.4,52,0,29,6,0,0,0,11,19,1,0,12,20,1,0,1,1,0,0,0,4,25/26
723896,Jordan Williams,26.04.12_Unifacisa,3,24.3,877,1,326,340,122,45,3,41,79,19,6,46,66,29,0,5,2,3,3,3,50,25/26
719433,Juan Arengo,26.04.12_Unifacisa,3,26.4,1248,3,379,480,257,55,26,59,95,30,4,62,90,32,1,4,2,2,5,7,71,25/26
712072,Lucas Rodriguez,26.04.12_Unifacisa,3,6.0,24,0,15,0,0,0,0,3,12,0,0,5,10,0,0,7,0,0,0,0,8,25/26
723475,Rafael Rachel,26.04.12_Unifacisa,3,21.2,530,0,184,218,95,10,0,23,43,17,1,24,52,9,0,10,5,2,2,2,43,25/26
723467,Ricardo Fischer,26.04.12_Unifacisa,3,26.3,767,3,272,291,85,56,16,42,68,17,10,48,55,29,0,8,1,1,3,8,62,25/26
724919,Tim Frazier,26.04.12_Unifacisa,3,22.0,608,0,280,252,42,12,0,29,39,7,5,28,47,6,0,1,9,2,4,2,53,25/26
703342,Vinci Oliveira,26.04.12_Unifacisa,3,6.1,108,0,99,0,0,0,0,2,15,0,0,0,16,0,0,0,0,0,0,0,0,25/26
703343,Winicius Braga,26.04.12_Unifacisa,3,20.5,1150,0,335,614,138,19,0,70,110,23,3,59,116,29,0,3,3,2,7,6,73,25/26
709501,Yuri Neptune,26.04.12_Unifacisa,3,26.0,939,1,298,345,169,74,11,43,79,20,4,42,78,20,0,0,1,2,5,3,44,25/26
692169,Alexandre Paranhos,26.04.12_Unifacisa,4,26.0,998,2,353,369,164,37,10,64,104,30,4,48,114,27,0,5,3,3,6,2,56,25/26
723898,Erik McCree,26.04.12_Unifacisa,4,27.0,1771,3,712,661,196,101,19,100,159,35,7,106,154,37,1,4,9,5,4,3,66,25/26
713017,Fernando Fernandes,26.04.12_Unifacisa,4,12.6,199,0,134,23,2,0,0,17,58,4,0,22,55,2,0,4,5,4,4,2,53,25/26
723896,Jordan Williams,26.04.12_Unifacisa,4,24.1,1451,1,625,503,190,54,1,84,116,32,12,86,133,30,0,0,5,10,7,10,118,25/26
719433,Juan Arengo,26.04.12_Unifacisa,4,19.4,532,0,278,158,33,3,0,49,64,7,3,42,76,4,0,14,14,4,2,1,64,25/26
712072,Lucas Rodriguez,26.04.12_Unifacisa,4,11.6,189,0,119,22,0,0,0,32,47,5,0,42,45,2,0,11,1,1,0,0,16,25/26
723475,Rafael Rachel,26.04.12_Unifacisa,4,15.5,212,0,133,27,14,0,0,17,58,4,1,30,56,2,0,21,12,1,0,0,48,25/26
723467,Ricardo Fischer,26.04.12_Unifacisa,4,26.3,1701,4,794,458,231,86,35,96,119,39,15,117,113,43,0,0,5,7,5,16,132,25/26
724919,Tim Frazier,26.04.12_Unifacisa,4,4.8,5,0,4,0,0,0,0,0,2,0,0,1,1,0,0,2,15,0,0,0,33,25/26
703342,Vinci Oliveira,26.04.12_Unifacisa,4,7.5,159,0,116,7,0,0,0,12,60,2,0,19,57,0,0,1,0,0,0,0,1,25/26
703343,Winicius Braga,26.04.12_Unifacisa,4,19.5,792,0,376,305,55,12,0,39,86,20,2,47,89,13,0,10,15,4,3,1,73,25/26
709501,Yuri Neptune,26.04.12_Unifacisa,4,24.9,1515,1,521,510,344,61,5,65,143,34,5,80,115,38,0,5,8,4,7,9,108,25/26
692169,Alexandre Paranhos,26.04.14_Fortaleza,1,25.1,795,1,232,327,170,27,6,37,58,26,4,31,58,28,0,1,2,3,5,3,51,25/26
723898,Erik McCree,26.04.14_Fortaleza,1,24.0,590,1,140,272,113,45,1,26,43,9,2,28,42,14,0,4,1,1,1,1,16,25/26
713017,Fernando Fernandes,26.04.14_Fortaleza,1,26.1,399,1,83,150,85,53,12,13,29,14,2,14,36,10,0,1,3,3,4,2,40,25/26
723896,Jordan Williams,26.04.14_Fortaleza,1,20.5,724,0,234,306,132,23,0,35,47,19,2,34,47,17,0,4,2,1,4,4,44,25/26
719433,Juan Arengo,26.04.14_Fortaleza,1,26.1,1087,4,283,447,197,89,44,58,69,22,5,57,55,32,0,4,2,2,7,2,51,25/26
712072,Lucas Rodriguez,26.04.14_Fortaleza,1,24.8,465,1,118,198,108,22,3,24,26,13,1,26,35,7,0,3,0,1,2,1,21,25/26
690902,Murilo Ferraz,26.04.14_Fortaleza,1,4.5,12,0,6,0,0,0,0,4,4,0,0,4,5,0,0,14,0,0,0,0,14,25/26
723475,Rafael Rachel,26.04.14_Fortaleza,1,23.6,1170,0,331,416,297,88,0,40,86,26,5,41,98,23,0,1,3,2,8,2,56,25/26
723467,Ricardo Fischer,26.04.14_Fortaleza,1,20.2,595,0,209,217,127,16,0,41,36,11,0,35,37,11,0,1,1,1,3,1,25,25/26
724919,Tim Frazier,26.04.14_Fortaleza,1,22.2,709,0,297,268,87,30,0,35,47,18,3,42,42,16,0,3,4,3,2,1,35,25/26
703342,Vinci Oliveira,26.04.14_Fortaleza,1,5.8,24,0,17,0,0,0,0,0,12,0,0,5,11,0,0,4,1,0,1,0,10,25/26
709501,Yuri Neptune,26.04.14_Fortaleza,1,22.3,632,0,173,239,144,53,0,28,42,12,5,23,46,15,0,2,2,2,3,4,47,25/26
692169,Alexandre Paranhos,26.04.14_Fortaleza,2,19.0,471,0,157,221,67,3,0,32,42,8,0,20,48,10,0,2,1,1,2,1,20,25/26
723898,Erik McCree,26.04.14_Fortaleza,2,26.0,1123,2,314,534,189,40,16,60,74,25,3,64,71,24,0,4,2,4,4,2,46,25/26
713017,Fernando Fernandes,26.04.14_Fortaleza,2,26.0,696,3,244,184,131,89,15,32,59,12,7,23,64,14,1,4,3,3,3,0,30,25/26
723896,Jordan Williams,26.04.14_Fortaleza,2,4.3,5,0,3,0,0,0,0,0,2,0,0,1,2,0,0,6,0,0,0,0,6,25/26
719433,Juan Arengo,26.04.14_Fortaleza,2,26.8,1019,5,341,290,194,112,49,35,64,24,6,41,62,27,0,6,2,3,5,2,48,25/26
712072,Lucas Rodriguez,26.04.14_Fortaleza,2,26.0,600,2,187,231,99,44,16,32,41,18,3,23,49,13,0,10,1,1,2,3,39,25/26
690902,Murilo Ferraz,26.04.14_Fortaleza,2,4.8,21,0,8,0,0,0,0,10,14,0,0,10,14,0,0,6,0,0,0,0,6,25/26
723475,Rafael Rachel,26.04.14_Fortaleza,2,25.4,971,2,282,337,233,77,8,47,60,18,10,40,64,30,0,4,4,3,7,2,56,25/26
723467,Ricardo Fischer,26.04.14_Fortaleza,2,26.2,1041,1,431,356,146,51,13,54,77,18,4,52,70,17,0,5,3,3,4,4,54,25/26
724919,Tim Frazier,26.04.14_Fortaleza,2,21.6,428,0,191,183,24,14,0,30,29,5,2,24,29,4,0,10,4,2,2,1,33,25/26
703342,Vinci Oliveira,26.04.14_Fortaleza,2,24.5,573,1,188,201,117,37,5,22,58,14,5,24,55,16,0,1,1,2,3,2,32,25/26
709501,Yuri Neptune,26.04.14_Fortaleza,2,25.5,1060,1,303,466,216,36,4,57,73,25,3,34,71,29,0,4,2,1,2,10,70,25/26
692169,Alexandre Paranhos,26.04.14_Fortaleza,3,22.7,1231,0,428,624,109,18,0,74,97,32,3,60,92,37,0,3,4,5,4,1,43,25/26
723898,Erik McCree,26.04.14_Fortaleza,3,19.5,426,0,199,191,8,4,0,35,41,5,1,33,41,7,0,3,4,2,1,0,21,25/26
713017,Fernando Fernandes,26.04.14_Fortaleza,3,28.9,600,1,162,235,114,33,27,29,48,15,2,22,43,19,0,4,2,2,1,3,34,25/26
723896,Jordan Williams,26.04.14_Fortaleza,3,0.0,0,0,0,0,0,0,0,0,0,0,0,0,0,0,0,0,0,0,0,0,0,25/26
719433,Juan Arengo,26.04.14_Fortaleza,3,24.1,1080,1,353,397,194,93,1,44,80,24,8,58,81,23,0,4,2,3,6,3,54,25/26
712072,Lucas Rodriguez,26.04.14_Fortaleza,3,26.2,1376,9,349,530,291,109,54,57,93,36,10,56,99,38,1,2,1,2,3,10,74,25/26
690902,Murilo Ferraz,26.04.14_Fortaleza,3,20.6,277,0,122,75,53,5,0,27,27,5,1,23,28,5,0,4,0,1,2,1,18,25/26
723475,Rafael Rachel,26.04.14_Fortaleza,3,25.0,1123,1,337,439,259,56,3,58,76,18,4,46,72,20,1,3,3,2,6,4,57,25/26
723467,Ricardo Fischer,26.04.14_Fortaleza,3,24.5,344,1,186,89,33,5,1,26,33,8,1,30,37,7,0,3,1,2,2,0,20,25/26
724919,Tim Frazier,26.04.14_Fortaleza,3,5.6,17,0,13,0,0,0,0,1,5,0,0,1,5,0,0,0,0,0,0,0,1,25/26
703342,Vinci Oliveira,26.04.14_Fortaleza,3,19.5,127,0,48,48,13,5,0,9,22,6,0,10,23,3,0,15,1,0,0,0,19,25/26
709501,Yuri Neptune,26.04.14_Fortaleza,3,25.5,1117,2,326,447,209,83,12,56,84,19,10,43,84,26,1,3,2,2,5,8,69,25/26
692169,Alexandre Paranhos,26.04.14_Fortaleza,4,5.5,5,0,2,0,0,0,0,0,3,0,0,1,3,0,0,0,0,0,0,0,4,25/26
723898,Erik McCree,26.04.14_Fortaleza,4,19.7,607,0,189,284,105,6,0,45,48,12,0,39,49,9,0,1,1,3,1,0,21,25/26
713017,Fernando Fernandes,26.04.14_Fortaleza,4,26.6,1821,6,590,704,288,120,63,78,120,38,19,85,128,42,0,0,0,1,8,11,89,25/26
723896,Jordan Williams,26.04.14_Fortaleza,4,0.0,0,0,0,0,0,0,0,0,0,0,0,0,0,0,0,0,0,0,0,0,0,25/26
719433,Juan Arengo,26.04.14_Fortaleza,4,6.9,16,0,11,2,0,0,0,1,5,1,0,2,6,0,0,5,0,0,2,7,48,25/26
712072,Lucas Rodriguez,26.04.14_Fortaleza,4,26.5,955,3,354,330,150,54,28,55,75,13,10,52,72,22,0,5,3,4,5,4,60,25/26
690902,Murilo Ferraz,26.04.14_Fortaleza,4,21.5,1422,0,596,472,260,30,0,83,115,23,5,83,103,30,0,0,0,1,7,12,92,25/26
723475,Rafael Rachel,26.04.14_Fortaleza,4,6.0,20,0,15,0,0,0,0,0,9,0,0,2,7,0,0,14,0,0,0,0,14,25/26
723467,Ricardo Fischer,26.04.14_Fortaleza,4,23.3,484,0,219,145,71,25,0,24,41,11,1,27,39,12,0,2,2,2,2,1,27,25/26
724919,Tim Frazier,26.04.14_Fortaleza,4,0.0,0,0,0,0,0,0,0,0,0,0,0,0,0,0,0,0,0,0,0,0,0,25/26
703342,Vinci Oliveira,26.04.14_Fortaleza,4,26.1,1616,3,470,643,294,128,24,76,134,36,10,58,126,48,0,0,0,1,7,12,90,25/26
709501,Yuri Neptune,26.04.14_Fortaleza,4,21.8,987,0,305,380,218,38,0,42,85,26,2,34,88,24,0,6,1,2,4,7,65,25/26
692169,Alexandre Paranhos,26.04.21_Cruzeiro,1,26.0,1020,3,259,481,140,80,20,62,70,24,4,49,74,24,0,3,1,2,4,4,50,25/26
723898,Erik McCree,26.04.21_Cruzeiro,1,20.4,276,0,91,121,39,13,0,14,23,6,2,15,23,8,0,11,1,0,1,1,18,25/26
713017,Fernando Fernandes,26.04.21_Cruzeiro,1,9.3,36,0,21,5,0,0,0,3,18,1,0,4,18,0,0,0,0,0,0,0,0,25/26
723896,Jordan Williams,26.04.21_Cruzeiro,1,22.4,1153,0,378,548,155,26,0,65,90,32,4,58,106,23,0,0,1,1,5,8,69,25/26
719433,Juan Arengo,26.04.21_Cruzeiro,1,25.5,1149,4,365,406,248,84,17,48,70,27,7,45,75,27,1,3,1,1,5,6,58,25/26
712072,Lucas Rodriguez,26.04.21_Cruzeiro,1,9.4,38,0,20,7,0,0,0,6,19,0,0,6,18,0,0,13,1,0,0,0,15,25/26
723475,Rafael Rachel,26.04.21_Cruzeiro,1,22.1,1054,0,269,426,244,82,0,53,82,26,4,45,76,28,0,1,3,1,4,8,63,25/26
723467,Ricardo Fischer,26.04.21_Cruzeiro,1,25.4,1152,2,337,454,257,61,13,73,67,24,5,54,67,30,0,3,1,1,1,11,65,25/26
724919,Tim Frazier,26.04.21_Cruzeiro,1,16.9,309,0,162,112,13,0,0,24,27,6,0,27,31,1,0,1,2,2,2,2,25,25/26
703342,Vinci Oliveira,26.04.21_Cruzeiro,1,7.7,23,0,10,5,0,0,0,4,11,1,0,6,9,1,0,2,0,0,0,0,2,25/26
703343,Winicius Braga,26.04.21_Cruzeiro,1,14.0,294,0,113,149,22,0,0,16,21,7,2,16,28,7,0,5,0,0,3,0,17,25/26
709501,Yuri Neptune,26.04.21_Cruzeiro,1,18.7,428,0,157,178,68,4,0,26,33,6,4,35,35,9,0,11,1,0,1,1,25,25/26
692169,Alexandre Paranhos,26.04.21_Cruzeiro,2,21.3,674,0,267,294,64,6,0,39,76,11,2,33,81,13,0,7,2,2,4,2,44,25/26
723898,Erik McCree,26.04.21_Cruzeiro,2,21.5,249,0,125,73,27,9,0,17,24,4,0,19,26,3,0,10,3,3,3,2,48,25/26
713017,Fernando Fernandes,26.04.21_Cruzeiro,2,14.5,104,0,67,6,5,0,0,8,43,3,0,12,41,2,0,0,0,0,0,0,0,25/26
723896,Jordan Williams,26.04.21_Cruzeiro,2,24.0,963,0,395,366,113,28,0,43,103,22,6,51,98,26,0,9,4,3,8,2,68,25/26
719433,Juan Arengo,26.04.21_Cruzeiro,2,26.0,1053,1,364,366,180,91,7,48,94,23,4,55,84,23,0,10,4,4,5,4,68,25/26
712072,Lucas Rodriguez,26.04.21_Cruzeiro,2,23.9,476,0,174,144,91,38,0,23,53,9,2,30,48,11,0,14,1,3,2,1,36,25/26
723475,Rafael Rachel,26.04.21_Cruzeiro,2,23.5,1366,0,520,518,232,38,0,78,119,24,6,82,108,31,0,0,6,6,10,4,93,25/26
723467,Ricardo Fischer,26.04.21_Cruzeiro,2,25.1,619,1,292,167,99,22,3,33,40,14,3,43,39,9,0,9,10,2,2,3,62,25/26
724919,Tim Frazier,26.04.21_Cruzeiro,2,22.4,855,0,420,284,93,16,0,48,68,15,2,62,60,14,0,1,11,2,4,5,68,25/26
703342,Vinci Oliveira,26.04.21_Cruzeiro,2,6.9,54,0,37,2,0,0,0,5,30,1,0,8,27,1,0,2,0,0,0,0,2,25/26
703343,Winicius Braga,26.04.21_Cruzeiro,2,23.8,788,0,251,397,83,23,0,40,62,27,4,29,85,18,0,13,3,1,4,6,68,25/26
709501,Yuri Neptune,26.04.21_Cruzeiro,2,23.6,940,0,325,309,208,54,0,49,76,21,5,38,82,25,0,7,5,4,6,4,72,25/26
692169,Alexandre Paranhos,26.04.21_Cruzeiro,3,19.8,950,0,291,445,158,23,0,52,78,16,4,38,89,17,0,4,2,1,3,6,54,25/26
723898,Erik McCree,26.04.21_Cruzeiro,3,20.0,604,0,207,282,77,8,0,38,53,18,1,43,54,12,0,0,2,2,3,3,37,25/26
713017,Fernando Fernandes,26.04.21_Cruzeiro,3,8.3,62,0,37,4,0,0,0,11,30,2,0,9,35,0,0,1,0,0,0,0,2,25/26
723896,Jordan Williams,26.04.21_Cruzeiro,3,20.6,725,0,243,352,83,15,0,37,56,21,2,29,63,18,0,7,3,1,2,5,53,25/26
719433,Juan Arengo,26.04.21_Cruzeiro,3,26.1,1010,2,302,346,215,89,14,46,83,18,17,51,76,35,0,3,3,3,3,6,62,25/26
712072,Lucas Rodriguez,26.04.21_Cruzeiro,3,5.6,15,0,8,0,0,0,0,4,9,0,0,6,7,0,0,9,0,0,0,0,10,25/26
723475,Rafael Rachel,26.04.21_Cruzeiro,3,23.2,958,0,295,383,189,50,0,55,83,28,4,50,91,19,0,0,7,2,6,3,60,25/26
723467,Ricardo Fischer,26.04.21_Cruzeiro,3,25.9,1388,3,513,503,242,71,10,73,94,24,9,74,85,29,0,0,2,2,4,10,78,25/26
724919,Tim Frazier,26.04.21_Cruzeiro,3,20.4,408,0,178,144,49,8,0,29,35,10,1,30,34,5,0,0,11,2,3,2,51,25/26
703342,Vinci Oliveira,26.04.21_Cruzeiro,3,9.0,31,0,16,5,0,0,0,4,20,1,0,7,20,0,0,1,0,0,0,0,1,25/26
703343,Winicius Braga,26.04.21_Cruzeiro,3,19.9,493,0,151,233,81,4,0,29,40,17,1,18,49,12,0,10,1,1,3,1,33,25/26
709501,Yuri Neptune,26.04.21_Cruzeiro,3,26.9,678,1,190,283,133,31,16,43,57,11,4,32,51,15,0,1,1,3,5,6,61,25/26
692169,Alexandre Paranhos,26.04.21_Cruzeiro,4,23.3,1001,0,434,348,126,25,0,37,125,20,3,52,118,26,0,6,4,4,5,3,57,25/26
723898,Erik McCree,26.04.21_Cruzeiro,4,25.9,821,1,355,307,83,26,8,37,75,17,2,48,73,15,0,3,5,5,4,2,58,25/26
713017,Fernando Fernandes,26.04.21_Cruzeiro,4,8.3,140,0,89,17,0,0,0,21,36,5,0,26,44,0,0,3,3,2,2,2,36,25/26
723896,Jordan Williams,26.04.21_Cruzeiro,4,23.6,645,0,285,231,77,9,0,44,63,14,2,42,62,13,0,10,4,3,5,1,54,25/26
719433,Juan Arengo,26.04.21_Cruzeiro,4,26.5,1827,3,659,586,327,157,21,75,145,39,16,87,127,49,1,0,3,9,8,9,109,25/26
712072,Lucas Rodriguez,26.04.21_Cruzeiro,4,11.9,135,0,75,33,0,0,0,16,25,3,0,24,28,0,0,8,2,1,0,1,18,25/26
723475,Rafael Rachel,26.04.21_Cruzeiro,4,28.3,1080,1,424,412,139,35,18,56,96,27,3,61,107,17,2,3,11,7,7,1,79,25/26
723467,Ricardo Fischer,26.04.21_Cruzeiro,4,25.9,1159,2,481,396,133,66,8,71,98,24,6,78,89,24,0,6,7,2,5,8,87,25/26
724919,Tim Frazier,26.04.21_Cruzeiro,4,22.1,447,0,167,198,44,12,0,23,43,13,0,30,40,7,0,0,0,2,2,4,35,25/26
703342,Vinci Oliveira,26.04.21_Cruzeiro,4,7.7,108,0,74,12,0,0,0,9,36,2,0,9,38,1,0,2,0,0,0,0,2,25/26
703343,Winicius Braga,26.04.21_Cruzeiro,4,23.3,611,0,257,246,70,13,0,32,59,16,1,30,66,12,0,16,2,2,4,2,55,25/26
709501,Yuri Neptune,26.04.21_Cruzeiro,4,26.2,536,1,171,210,90,29,10,34,39,11,2,31,41,13,1,19,2,3,2,1,48,25/26
692169,Alexandre Paranhos,26.04.24_Cruzeiro,1,20.5,778,0,252,383,89,19,0,62,65,21,4,57,76,19,0,2,2,1,5,3,43,25/26
723898,Erik McCree,26.04.24_Cruzeiro,1,24.0,954,1,378,394,95,47,1,46,85,16,5,57,85,20,0,6,3,4,4,1,40,25/26
713017,Fernando Fernandes,26.04.24_Cruzeiro,1,5.9,88,0,65,0,0,0,0,10,36,0,0,11,34,0,0,1,0,0,0,0,1,25/26
723896,Jordan Williams,26.04.24_Cruzeiro,1,22.0,865,0,306,400,99,20,0,56,74,17,4,53,70,23,0,7,3,2,4,6,61,25/26
719433,Juan Arengo,26.04.24_Cruzeiro,1,7.6,130,0,94,17,0,0,0,10,21,1,0,27,6,0,0,0,1,1,1,0,10,25/26
712072,Lucas Rodriguez,26.04.24_Cruzeiro,1,6.5,43,0,28,1,0,0,0,6,18,0,0,6,18,0,0,5,0,0,0,0,5,25/26
723475,Rafael Rachel,26.04.24_Cruzeiro,1,25.9,658,1,203,263,125,34,6,46,52,16,5,32,57,19,0,1,13,1,3,4,61,25/26
723467,Ricardo Fischer,26.04.24_Cruzeiro,1,26.2,682,2,182,266,140,58,15,36,46,16,5,25,51,20,0,12,1,0,1,6,53,25/26
724919,Tim Frazier,26.04.24_Cruzeiro,1,19.9,715,0,304,292,59,15,0,45,73,12,2,53,76,6,0,2,1,2,4,2,36,25/26
703343,Winicius Braga,26.04.24_Cruzeiro,1,21.2,676,0,270,285,66,22,0,39,68,7,5,37,70,13,0,7,1,3,4,2,43,25/26
709501,Yuri Neptune,26.04.24_Cruzeiro,1,22.3,793,0,287,293,141,41,0,29,63,20,3,46,55,20,0,1,1,1,6,3,43,25/26
692169,Alexandre Paranhos,26.04.24_Cruzeiro,2,26.1,923,1,304,384,157,21,8,65,84,23,5,45,100,22,0,3,5,3,3,1,40,25/26
723898,Erik McCree,26.04.24_Cruzeiro,2,24.7,680,1,272,272,61,39,2,44,58,13,5,43,58,12,0,12,2,2,2,2,39,25/26
713017,Fernando Fernandes,26.04.24_Cruzeiro,2,14.2,110,0,64,9,4,0,0,15,41,1,0,21,34,1,0,0,0,0,0,0,0,25/26
723896,Jordan Williams,26.04.24_Cruzeiro,2,26.0,740,1,293,302,74,15,18,38,57,24,5,38,68,15,0,12,2,3,4,3,57,25/26
719433,Juan Arengo,26.04.24_Cruzeiro,2,26.3,935,2,353,357,120,49,11,50,74,21,6,50,71,25,0,3,9,3,3,7,79,25/26
712072,Lucas Rodriguez,26.04.24_Cruzeiro,2,6.1,57,0,41,1,0,0,0,10,20,1,0,12,18,1,0,4,0,0,0,0,5,25/26
723475,Rafael Rachel,26.04.24_Cruzeiro,2,25.7,1251,3,456,433,217,79,16,70,102,26,8,49,115,24,0,0,8,4,8,6,86,25/26
723467,Ricardo Fischer,26.04.24_Cruzeiro,2,26.0,881,1,336,254,168,64,9,54,68,14,8,49,68,20,0,11,2,3,3,5,63,25/26
724919,Tim Frazier,26.04.24_Cruzeiro,2,26.0,794,1,339,308,90,14,11,32,64,14,6,51,59,14,0,0,10,5,5,3,71,25/26
703343,Winicius Braga,26.04.24_Cruzeiro,2,21.0,358,0,102,166,55,17,0,14,36,7,3,17,34,8,0,17,1,1,1,3,40,25/26
709501,Yuri Neptune,26.04.24_Cruzeiro,2,26.0,1693,2,534,615,364,112,14,66,105,39,8,57,112,42,0,0,0,5,3,16,111,25/26
692169,Alexandre Paranhos,26.04.24_Cruzeiro,3,24.3,915,1,313,375,146,38,2,53,74,18,9,34,82,24,0,3,3,2,4,5,60,25/26
723898,Erik McCree,26.04.24_Cruzeiro,3,23.6,735,0,212,322,148,26,0,37,53,21,3,36,52,18,0,10,1,1,1,2,26,25/26
713017,Fernando Fernandes,26.04.24_Cruzeiro,3,14.1,100,0,64,10,4,0,0,12,29,3,0,16,30,1,0,1,0,0,0,0,1,25/26
723896,Jordan Williams,26.04.24_Cruzeiro,3,23.2,882,0,342,356,116,26,0,44,76,19,5,47,73,23,0,4,4,4,6,1,53,25/26
719433,Juan Arengo,26.04.24_Cruzeiro,3,26.4,1335,2,466,475,221,81,24,74,97,34,5,80,105,29,0,0,2,5,4,11,89,25/26
712072,Lucas Rodriguez,26.04.24_Cruzeiro,3,6.3,50,0,33,1,0,0,0,5,24,0,0,11,18,0,0,2,0,0,0,0,2,25/26
723475,Rafael Rachel,26.04.24_Cruzeiro,3,22.0,757,0,279,285,126,27,0,36,77,20,4,37,83,18,0,6,5,4,4,3,59,25/26
723467,Ricardo Fischer,26.04.24_Cruzeiro,3,22.0,673,0,283,215,96,47,0,45,49,10,1,40,50,11,0,8,2,1,2,4,47,25/26
724919,Tim Frazier,26.04.24_Cruzeiro,3,19.2,740,0,296,337,73,5,0,42,61,13,2,45,56,12,0,1,10,3,4,2,54,25/26
703343,Winicius Braga,26.04.24_Cruzeiro,3,21.2,465,0,174,208,51,8,0,32,40,11,3,30,44,10,0,8,0,1,3,1,28,25/26
709501,Yuri Neptune,26.04.24_Cruzeiro,3,23.0,781,0,250,309,151,42,0,35,62,18,2,38,69,14,0,6,0,1,4,2,38,25/26
692169,Alexandre Paranhos,26.04.24_Cruzeiro,4,19.9,837,0,378,289,116,11,0,43,76,14,3,41,69,18,1,4,3,3,6,2,50,25/26
723898,Erik McCree,26.04.24_Cruzeiro,4,19.0,775,0,330,337,71,3,0,43,70,16,1,53,70,8,0,6,3,2,2,3,42,25/26
713017,Fernando Fernandes,26.04.24_Cruzeiro,4,22.0,502,0,253,122,58,25,0,26,67,8,2,36,55,10,0,2,1,1,2,0,17,25/26
723896,Jordan Williams,26.04.24_Cruzeiro,4,25.4,1037,1,425,457,81,23,4,58,84,20,5,49,88,20,0,2,4,5,7,3,68,25/26
719433,Juan Arengo,26.04.24_Cruzeiro,4,29.4,1299,3,471,434,226,64,36,82,100,24,11,65,109,25,1,2,7,5,6,7,94,25/26
712072,Lucas Rodriguez,26.04.24_Cruzeiro,4,24.3,581,1,230,140,130,39,2,27,49,12,3,30,58,9,0,2,3,1,2,1,26,25/26
723475,Rafael Rachel,26.04.24_Cruzeiro,4,26.0,822,1,360,242,128,51,8,37,61,15,5,36,69,13,0,9,10,4,5,0,60,25/26
723467,Ricardo Fischer,26.04.24_Cruzeiro,4,26.0,684,2,229,278,112,25,10,35,52,18,4,32,62,12,0,2,2,1,2,3,31,25/26
724919,Tim Frazier,26.04.24_Cruzeiro,4,20.8,590,0,246,268,38,9,0,29,61,7,1,43,52,3,0,0,9,5,5,1,55,25/26
703343,Winicius Braga,26.04.24_Cruzeiro,4,23.2,824,0,304,386,76,18,0,55,86,10,5,47,83,16,0,11,3,4,3,5,64,25/26
709501,Yuri Neptune,26.04.24_Cruzeiro,4,26.0,721,1,270,232,155,23,8,30,62,12,7,29,63,18,0,12,4,3,5,0,51,25/26
692169,Alexandre Paranhos,26.04.26_Cruzeiro,1,25.5,476,1,157,209,60,14,3,30,48,15,2,21,65,10,0,3,2,1,3,3,32,25/26
723898,Erik McCree,26.04.26_Cruzeiro,1,22.7,462,0,147,189,79,25,0,21,41,7,3,23,44,8,0,1,2,1,5,1,35,25/26
713017,Fernando Fernandes,26.04.26_Cruzeiro,1,10.6,116,0,73,20,0,0,0,6,45,2,1,11,46,1,0,6,0,0,0,0,6,25/26
723896,Jordan Williams,26.04.26_Cruzeiro,1,25.4,976,2,332,413,142,43,6,59,70,25,3,49,72,29,0,2,4,1,5,6,61,25/26
719433,Juan Arengo,26.04.26_Cruzeiro,1,26.0,1181,1,426,456,176,72,9,79,83,16,7,54,80,24,0,0,4,3,5,4,59,25/26
712072,Lucas Rodriguez,26.04.26_Cruzeiro,1,26.0,508,1,129,192,111,44,11,18,53,13,5,22,49,13,0,9,3,1,0,3,32,25/26
723475,Rafael Rachel,26.04.26_Cruzeiro,1,25.9,1256,1,344,494,264,110,4,69,87,29,8,57,94,31,0,0,0,2,7,9,75,25/26
723467,Ricardo Fischer,26.04.26_Cruzeiro,1,24.8,824,1,250,371,129,40,4,59,44,14,5,44,49,22,0,0,0,2,4,8,63,25/26
724919,Tim Frazier,26.04.26_Cruzeiro,1,20.8,579,0,160,337,50,11,0,32,42,17,1,39,50,9,0,1,5,3,2,2,37,25/26
703342,Vinci Oliveira,26.04.26_Cruzeiro,1,8.9,111,0,76,15,0,0,0,2,43,7,0,8,49,0,0,9,0,0,0,0,10,25/26
703343,Winicius Braga,26.04.26_Cruzeiro,1,23.6,1031,0,331,492,140,31,0,51,81,26,3,50,90,20,0,1,4,3,4,5,58,25/26
709501,Yuri Neptune,26.04.26_Cruzeiro,1,20.2,291,0,112,85,69,6,0,17,37,7,1,12,39,6,0,0,1,4,5,4,52,25/26
692169,Alexandre Paranhos,26.04.26_Cruzeiro,2,22.0,767,0,254,316,126,27,0,42,80,19,4,45,87,16,0,9,3,3,4,4,59,25/26
723898,Erik McCree,26.04.26_Cruzeiro,2,24.0,1265,0,481,524,147,55,0,76,114,20,4,71,117,22,0,3,6,6,3,2,52,25/26
713017,Fernando Fernandes,26.04.26_Cruzeiro,2,7.5,104,0,67,6,0,0,0,9,46,2,0,19,42,1,0,2,0,0,0,0,2,25/26
723896,Jordan Williams,26.04.26_Cruzeiro,2,23.9,1179,0,479,463,135,47,0,70,88,29,6,65,94,25,0,4,1,3,11,7,91,25/26
719433,Juan Arengo,26.04.26_Cruzeiro,2,26.0,1131,3,483,396,131,47,26,73,82,18,9,68,84,22,1,1,9,4,3,8,85,25/26
712072,Lucas Rodriguez,26.04.26_Cruzeiro,2,14.4,83,0,50,5,10,0,0,2,29,2,1,7,28,0,0,19,4,0,0,0,28,25/26
723475,Rafael Rachel,26.04.26_Cruzeiro,2,26.5,882,2,371,288,107,40,23,51,83,27,3,51,88,15,1,0,8,8,5,4,82,25/26
723467,Ricardo Fischer,26.04.26_Cruzeiro,2,22.7,1020,0,503,333,87,48,0,60,76,21,7,57,86,19,0,4,6,4,4,4,64,25/26
724919,Tim Frazier,26.04.26_Cruzeiro,2,18.4,542,0,180,273,53,3,0,44,54,12,1,36,60,7,0,1,10,8,3,1,61,25/26
703342,Vinci Oliveira,26.04.26_Cruzeiro,2,11.4,127,0,83,12,0,0,0,6,57,5,1,13,60,2,0,5,0,0,0,0,6,25/26
703343,Winicius Braga,26.04.26_Cruzeiro,2,20.8,486,0,228,198,25,8,0,31,46,11,1,24,56,9,0,13,4,1,3,1,40,25/26
709501,Yuri Neptune,26.04.26_Cruzeiro,2,26.1,1085,2,333,403,260,29,16,62,82,26,3,42,79,26,0,4,4,5,6,3,68,25/26
692169,Alexandre Paranhos,26.04.26_Cruzeiro,3,26.0,1102,2,427,387,159,60,10,48,109,25,3,46,115,21,0,4,5,5,6,4,74,25/26
723898,Erik McCree,26.04.26_Cruzeiro,3,26.0,848,2,329,320,94,45,16,45,81,15,6,62,85,12,1,9,3,5,2,1,42,25/26
713017,Fernando Fernandes,26.04.26_Cruzeiro,3,6.9,73,0,44,2,0,0,0,12,39,0,0,15,38,0,0,4,1,0,0,0,6,25/26
723896,Jordan Williams,26.04.26_Cruzeiro,3,23.2,1482,0,592,582,185,39,0,85,117,34,7,68,134,34,1,2,7,4,11,6,103,25/26
719433,Juan Arengo,26.04.26_Cruzeiro,3,27.0,1619,3,638,535,260,67,37,79,126,35,5,88,122,28,0,0,7,5,5,13,115,25/26
712072,Lucas Rodriguez,26.04.26_Cruzeiro,3,6.7,51,0,33,1,0,0,0,4,25,2,0,8,24,0,0,12,0,0,0,0,12,25/26
723475,Rafael Rachel,26.04.26_Cruzeiro,3,25.3,1144,1,445,385,172,79,9,56,113,22,5,46,112,26,0,1,9,7,6,7,99,25/26
723467,Ricardo Fischer,26.04.26_Cruzeiro,3,21.3,408,0,198,109,60,11,0,26,36,5,3,33,34,12,0,18,3,2,2,1,41,25/26
724919,Tim Frazier,26.04.26_Cruzeiro,3,21.7,1144,0,372,517,155,44,0,71,108,27,4,82,120,16,0,1,7,6,5,3,68,25/26
703342,Vinci Oliveira,26.04.26_Cruzeiro,3,6.8,61,0,40,5,0,0,0,3,36,2,0,6,37,0,0,4,0,0,0,0,4,25/26
703343,Winicius Braga,26.04.26_Cruzeiro,3,17.6,605,0,241,255,78,0,0,30,64,15,1,31,71,11,0,19,1,2,3,1,44,25/26
709501,Yuri Neptune,26.04.26_Cruzeiro,3,18.3,430,0,131,170,102,3,0,34,39,6,0,23,42,6,0,6,1,1,3,0,23,25/26
692169,Alexandre Paranhos,26.04.26_Cruzeiro,4,5.6,24,0,18,0,0,0,0,2,7,0,0,2,8,0,0,2,0,0,0,0,5,25/26
723898,Erik McCree,26.04.26_Cruzeiro,4,24.2,891,1,433,322,63,29,1,54,74,18,1,60,71,15,0,1,4,3,1,2,30,25/26
713017,Fernando Fernandes,26.04.26_Cruzeiro,4,29.6,1195,7,376,367,214,104,96,55,84,21,11,51,84,26,1,1,2,3,6,2,46,25/26
723896,Jordan Williams,26.04.26_Cruzeiro,4,5.5,23,0,14,0,0,0,0,7,11,0,0,6,12,0,0,7,0,0,0,0,8,25/26
719433,Juan Arengo,26.04.26_Cruzeiro,4,26.0,591,1,237,218,78,18,5,34,51,14,4,35,48,14,0,9,3,2,3,5,56,25/26
712072,Lucas Rodriguez,26.04.26_Cruzeiro,4,28.1,1237,9,295,450,254,79,120,50,81,27,17,48,77,34,1,2,1,2,5,6,59,25/26
723475,Rafael Rachel,26.04.26_Cruzeiro,4,21.3,692,0,205,262,164,33,0,36,61,11,2,36,63,11,0,8,7,1,4,2,50,25/26
723467,Ricardo Fischer,26.04.26_Cruzeiro,4,22.6,1507,0,737,443,213,32,0,92,111,25,7,88,112,27,0,0,3,6,7,5,75,25/26
724919,Tim Frazier,26.04.26_Cruzeiro,4,4.1,3,0,1,0,0,0,0,0,3,0,0,0,3,0,0,12,10,0,0,0,32,25/26
703342,Vinci Oliveira,26.04.26_Cruzeiro,4,23.5,761,0,204,329,166,39,0,36,62,15,5,29,73,17,0,2,1,1,2,3,29,25/26
703343,Winicius Braga,26.04.26_Cruzeiro,4,18.7,905,0,330,420,113,7,0,41,99,22,1,46,92,17,0,1,1,3,5,4,52,25/26
709501,Yuri Neptune,26.04.26_Cruzeiro,4,22.0,525,0,176,207,107,8,0,31,49,14,2,33,45,14,0,10,1,2,4,2,45,25/26
692169,Alexandre Paranhos,26.04.29_Cruzeiro,1,25.4,677,1,187,327,93,32,5,44,56,19,1,48,61,13,0,1,2,3,5,0,35,25/26
723898,Erik McCree,26.04.29_Cruzeiro,1,22.2,96,0,49,16,6,12,0,8,16,6,0,8,21,3,0,1,0,0,0,0,1,25/26
713017,Fernando Fernandes,26.04.29_Cruzeiro,1,6.0,50,0,36,0,0,0,0,5,26,0,0,5,27,0,0,2,2,0,2,2,25,25/26
723896,Jordan Williams,26.04.29_Cruzeiro,1,26.0,741,1,320,234,113,28,6,47,60,18,4,38,67,15,0,3,3,2,5,2,45,25/26
719433,Juan Arengo,26.04.29_Cruzeiro,1,26.1,1391,3,510,492,228,87,20,64,104,29,5,70,89,36,1,0,5,2,6,10,89,25/26
712072,Lucas Rodriguez,26.04.29_Cruzeiro,1,26.0,486,2,154,180,80,39,8,24,43,14,9,29,45,18,0,6,2,3,2,2,31,25/26
723475,Rafael Rachel,26.04.29_Cruzeiro,1,25.4,1184,1,353,408,302,59,6,72,88,33,3,63,99,24,0,1,6,3,6,7,82,25/26
723467,Ricardo Fischer,26.04.29_Cruzeiro,1,22.3,490,0,199,183,66,10,0,33,41,8,3,30,42,14,0,7,3,3,4,1,43,25/26
724919,Tim Frazier,26.04.29_Cruzeiro,1,24.4,1063,1,451,404,137,24,3,60,85,21,2,58,77,20,0,2,6,4,5,5,70,25/26
703342,Vinci Oliveira,26.04.29_Cruzeiro,1,7.0,37,0,23,4,0,0,0,2,23,1,0,1,22,2,0,2,0,0,0,0,2,25/26
703343,Winicius Braga,26.04.29_Cruzeiro,1,18.4,795,0,273,384,97,2,0,50,79,20,4,55,77,23,0,9,3,2,4,6,65,25/26
709501,Yuri Neptune,26.04.29_Cruzeiro,1,24.0,757,1,252,253,165,37,1,46,83,22,3,43,90,19,0,3,1,3,7,1,48,25/26
692169,Alexandre Paranhos,26.04.29_Cruzeiro,2,18.7,258,0,102,81,54,2,0,14,28,7,2,12,28,9,0,0,0,1,2,0,12,25/26
723898,Erik McCree,26.04.29_Cruzeiro,2,7.6,72,0,49,16,0,0,0,5,10,0,0,10,8,0,0,2,2,1,0,0,10,25/26
713017,Fernando Fernandes,26.04.29_Cruzeiro,2,7.4,125,0,94,9,0,0,0,13,33,0,0,18,29,0,0,1,0,0,0,0,1,25/26
723896,Jordan Williams,26.04.29_Cruzeiro,2,25.3,1214,1,462,492,159,40,3,67,97,23,10,67,93,31,0,3,4,4,7,5,75,25/26
719433,Juan Arengo,26.04.29_Cruzeiro,2,27.2,1543,5,470,537,289,147,45,76,110,26,9,77,95,32,0,1,6,5,7,6,87,25/26
712072,Lucas Rodriguez,26.04.29_Cruzeiro,2,27.7,248,2,84,59,22,29,28,21,36,6,2,24,31,6,0,17,1,1,1,0,29,25/26
723475,Rafael Rachel,26.04.29_Cruzeiro,2,26.0,1139,2,389,373,228,82,22,49,94,30,4,44,91,32,0,1,4,5,6,6,78,25/26
723467,Ricardo Fischer,26.04.29_Cruzeiro,2,19.5,255,0,95,69,61,7,0,20,24,4,0,18,27,4,0,9,1,1,1,1,22,25/26
724919,Tim Frazier,26.04.29_Cruzeiro,2,22.5,1291,0,546,475,192,18,0,66,104,28,3,81,107,22,0,0,5,7,6,5,79,25/26
703342,Vinci Oliveira,26.04.29_Cruzeiro,2,10.9,106,0,58,25,0,0,0,10,43,3,0,9,45,1,0,1,0,0,0,0,2,25/26
703343,Winicius Braga,26.04.29_Cruzeiro,2,18.3,1244,0,455,619,114,2,0,70,113,25,5,67,120,26,0,2,5,4,6,7,87,25/26
709501,Yuri Neptune,26.04.29_Cruzeiro,2,21.0,270,0,121,74,39,11,0,21,27,8,2,22,31,3,0,9,4,3,3,1,41,25/26
692169,Alexandre Paranhos,26.04.29_Cruzeiro,3,23.2,725,0,243,319,85,44,0,36,64,22,1,35,61,25,0,2,1,2,3,2,33,25/26
723898,Erik McCree,26.04.29_Cruzeiro,3,18.0,108,0,60,27,13,0,0,4,12,4,0,4,12,4,0,2,1,0,0,0,7,25/26
713017,Fernando Fernandes,26.04.29_Cruzeiro,3,7.9,56,0,35,4,0,0,0,7,22,1,0,9,25,0,0,0,0,0,0,0,0,25/26
723896,Jordan Williams,26.04.29_Cruzeiro,3,23.6,1203,0,405,502,199,44,0,67,85,33,4,69,92,22,0,1,1,6,5,7,78,25/26
719433,Juan Arengo,26.04.29_Cruzeiro,3,25.8,1296,3,388,500,252,104,9,59,79,32,11,61,90,28,1,1,4,1,5,9,79,25/26
712072,Lucas Rodriguez,26.04.29_Cruzeiro,3,5.8,11,0,5,0,0,0,0,5,5,0,0,6,4,0,0,9,0,0,0,0,9,25/26
723475,Rafael Rachel,26.04.29_Cruzeiro,3,26.0,1228,2,412,460,216,69,22,67,95,25,7,47,111,23,1,2,2,3,9,4,71,25/26
723467,Ricardo Fischer,26.04.29_Cruzeiro,3,23.9,645,0,243,241,92,40,0,32,44,18,1,33,46,15,0,3,2,2,3,2,33,25/26
724919,Tim Frazier,26.04.29_Cruzeiro,3,19.9,749,0,277,306,123,7,0,47,52,19,5,57,56,12,0,3,6,2,3,5,56,25/26
703342,Vinci Oliveira,26.04.29_Cruzeiro,3,5.8,16,0,12,0,0,0,0,1,7,0,0,1,8,0,0,0,0,0,0,0,0,25/26
703343,Winicius Braga,26.04.29_Cruzeiro,3,20.5,655,0,192,290,130,17,0,33,63,18,0,27,67,14,0,7,3,2,3,5,57,25/26
709501,Yuri Neptune,26.04.29_Cruzeiro,3,20.9,511,0,158,208,102,13,0,31,36,18,3,29,43,15,0,3,3,2,0,0,18,25/26
692169,Alexandre Paranhos,26.04.29_Cruzeiro,4,26.1,903,2,288,352,131,70,17,50,89,15,11,51,87,22,0,2,1,4,7,1,48,25/26
723898,Erik McCree,26.04.29_Cruzeiro,4,23.8,93,0,21,56,5,6,0,11,10,3,1,8,12,3,0,1,1,0,0,0,6,25/26
713017,Fernando Fernandes,26.04.29_Cruzeiro,4,22.3,174,0,53,55,36,14,0,10,26,7,0,11,30,4,0,3,3,3,2,2,37,25/26
723896,Jordan Williams,26.04.29_Cruzeiro,4,24.0,936,0,420,293,104,61,0,45,77,20,4,49,72,20,0,7,6,5,6,1,61,25/26
719433,Juan Arengo,26.04.29_Cruzeiro,4,26.1,1686,3,664,541,308,61,31,82,129,36,14,93,132,34,1,0,5,4,9,9,105,25/26
712072,Lucas Rodriguez,26.04.29_Cruzeiro,4,26.2,170,1,57,43,26,10,15,16,16,2,2,14,21,2,0,12,1,0,0,0,15,25/26
723475,Rafael Rachel,26.04.29_Cruzeiro,4,26.5,956,2,309,385,124,60,25,56,104,19,3,45,108,22,0,11,3,5,7,0,60,25/26
723467,Ricardo Fischer,26.04.29_Cruzeiro,4,25.9,1733,1,774,531,270,61,4,84,128,33,11,84,125,41,0,1,4,5,6,11,102,25/26
724919,Tim Frazier,26.04.29_Cruzeiro,4,16.4,99,0,56,15,14,0,0,7,14,3,1,12,12,2,0,14,7,0,0,0,29,25/26
703342,Vinci Oliveira,26.04.29_Cruzeiro,4,26.1,157,1,56,45,15,7,20,8,21,3,2,10,26,4,0,1,0,0,0,0,3,25/26
703343,Winicius Braga,26.04.29_Cruzeiro,4,19.5,603,0,286,222,51,5,0,41,70,15,0,44,72,8,0,14,6,4,3,0,50,25/26
709501,Yuri Neptune,26.04.29_Cruzeiro,4,22.8,931,0,343,313,218,20,0,46,73,20,3,43,64,22,0,6,1,3,2,1,33,25/26
692169,Alexandre Paranhos,26.05.04_Corinthians,1,25.5,434,1,142,192,58,19,7,19,32,11,1,13,41,9,0,0,1,1,3,0,17,25/26
723898,Erik McCree,26.05.04_Corinthians,1,20.0,167,0,14,77,59,14,0,2,13,3,1,3,11,5,0,5,1,0,0,0,8,25/26
713017,Fernando Fernandes,26.05.04_Corinthians,1,7.6,32,0,20,3,0,0,0,4,13,3,0,6,15,1,0,0,0,0,2,2,20,25/26
723896,Jordan Williams,26.05.04_Corinthians,1,27.1,1076,1,341,517,138,21,12,61,81,26,7,47,90,27,0,0,1,2,4,4,48,25/26
719433,Juan Arengo,26.05.04_Corinthians,1,26.0,1165,1,325,449,253,98,6,69,80,32,6,58,82,32,0,1,2,1,4,5,49,25/26
712072,Lucas Rodriguez,26.05.04_Corinthians,1,21.6,253,0,55,136,47,10,0,11,16,6,1,10,15,8,0,0,0,1,1,5,34,25/26
690902,Murilo Ferraz,26.05.04_Corinthians,1,0.0,0,0,0,0,0,0,0,0,0,0,0,0,0,0,0,0,0,0,0,0,0,25/26
723475,Rafael Rachel,26.05.04_Corinthians,1,21.4,738,0,196,301,203,16,0,33,58,15,2,44,47,13,0,2,4,1,3,4,46,25/26
723467,Ricardo Fischer,26.05.04_Corinthians,1,25.1,930,1,258,415,180,44,3,54,61,18,7,44,63,22,0,3,1,0,1,8,54,25/26
703343,Winicius Braga,26.05.04_Corinthians,1,25.3,947,1,276,538,107,3,2,59,68,19,3,46,79,14,1,2,1,1,4,6,51,25/26
709501,Yuri Neptune,26.05.04_Corinthians,1,19.7,358,0,108,129,79,23,0,21,41,6,0,17,36,7,0,2,1,1,2,0,12,25/26
692169,Alexandre Paranhos,26.05.04_Corinthians,2,24.2,1038,1,382,403,159,42,2,48,97,22,4,59,94,22,0,3,3,3,6,2,57,25/26
723898,Erik McCree,26.05.04_Corinthians,2,20.3,436,0,193,167,35,14,0,40,36,10,0,32,44,5,0,7,2,2,3,0,29,25/26
713017,Fernando Fernandes,26.05.04_Corinthians,2,7.2,79,0,50,6,0,0,0,16,27,3,0,19,28,0,0,1,3,4,5,9,83,25/26
723896,Jordan Williams,26.05.04_Corinthians,2,24.3,1139,1,470,431,136,42,2,60,98,27,3,64,103,22,0,6,10,5,7,2,80,25/26
719433,Juan Arengo,26.05.04_Corinthians,2,25.1,944,1,351,339,162,36,4,61,80,22,4,49,89,21,0,10,9,3,5,1,61,25/26
712072,Lucas Rodriguez,26.05.04_Corinthians,2,21.3,419,0,122,147,107,16,0,32,39,8,1,30,38,9,0,20,4,1,2,2,48,25/26
690902,Murilo Ferraz,26.05.04_Corinthians,2,5.1,26,0,15,0,0,0,0,8,12,0,0,10,10,0,0,4,3,5,6,3,66,25/26
723475,Rafael Rachel,26.05.04_Corinthians,2,27.5,1447,2,438,533,311,94,15,64,98,37,6,57,125,23,1,1,10,5,8,5,95,25/26
723467,Ricardo Fischer,26.05.04_Corinthians,2,25.8,1472,2,592,472,264,60,7,92,113,25,7,86,103,31,0,4,8,5,4,7,87,25/26
703343,Winicius Braga,26.05.04_Corinthians,2,20.0,643,0,287,234,79,8,0,37,64,10,2,37,58,14,0,17,6,2,2,2,55,25/26
709501,Yuri Neptune,26.05.04_Corinthians,2,23.8,451,0,147,183,78,17,0,25,49,6,0,24,41,8,0,14,1,0,2,2,37,25/26
692169,Alexandre Paranhos,26.05.04_Corinthians,3,21.1,901,0,278,416,141,15,0,56,82,22,3,55,89,21,0,3,3,2,6,4,56,25/26
723898,Erik McCree,26.05.04_Corinthians,3,21.5,789,0,262,300,155,19,0,52,83,14,4,44,83,17,0,6,5,5,2,1,45,25/26
713017,Fernando Fernandes,26.05.04_Corinthians,3,7.1,73,0,49,7,0,0,0,8,22,2,0,11,23,0,0,0,0,0,0,0,0,25/26
723896,Jordan Williams,26.05.04_Corinthians,3,23.9,1370,0,482,566,219,46,0,64,105,33,7,66,118,33,0,2,6,5,8,4,83,25/26
719433,Juan Arengo,26.05.04_Corinthians,3,26.0,1288,1,438,463,240,74,13,81,85,38,6,72,95,36,0,2,6,4,7,3,68,25/26
712072,Lucas Rodriguez,26.05.04_Corinthians,3,25.2,617,1,215,225,109,26,4,33,55,27,3,39,64,17,0,10,4,2,2,1,38,25/26
690902,Murilo Ferraz,26.05.04_Corinthians,3,4.2,16,0,9,0,0,0,0,3,7,0,0,2,9,0,0,5,4,6,4,1,57,25/26
723475,Rafael Rachel,26.05.04_Corinthians,3,23.6,1412,0,473,512,297,82,0,66,93,25,8,51,99,32,0,0,9,5,5,7,89,25/26
723467,Ricardo Fischer,26.05.04_Corinthians,3,26.0,1022,1,340,419,175,29,7,70,65,22,7,69,75,24,0,9,5,2,3,3,56,25/26
703343,Winicius Braga,26.05.04_Corinthians,3,20.1,605,0,194,327,59,9,0,32,39,20,1,26,49,12,0,16,2,2,2,3,50,25/26
709501,Yuri Neptune,26.05.04_Corinthians,3,18.9,302,0,131,95,50,3,0,17,37,5,3,23,34,10,0,2,0,2,1,0,12,25/26
692169,Alexandre Paranhos,26.05.04_Corinthians,4,6.0,28,0,17,0,0,0,0,6,14,0,0,8,12,0,0,0,0,0,0,0,0,25/26
723898,Erik McCree,26.05.04_Corinthians,4,25.5,1641,1,596,683,209,71,8,104,128,35,8,106,120,40,0,2,4,4,6,4,67,25/26
713017,Fernando Fernandes,26.05.04_Corinthians,4,7.5,81,0,56,5,0,0,0,9,30,2,0,11,30,0,0,2,0,0,0,0,2,25/26
723896,Jordan Williams,26.05.04_Corinthians,4,24.7,1528,1,626,612,166,52,3,80,110,27,9,72,108,37,1,3,6,6,8,4,84,25/26
719433,Juan Arengo,26.05.04_Corinthians,4,26.3,1793,5,699,630,262,100,28,80,139,34,14,92,147,35,4,1,3,7,8,4,79,25/26
712072,Lucas Rodriguez,26.05.04_Corinthians,4,6.6,43,0,24,3,0,0,0,10,18,0,0,9,18,0,0,8,3,2,1,3,40,25/26
690902,Murilo Ferraz,26.05.04_Corinthians,4,5.4,30,0,15,0,0,0,0,11,13,0,0,11,13,0,0,5,5,7,4,2,58,25/26
723475,Rafael Rachel,26.05.04_Corinthians,4,26.3,1241,2,431,420,261,57,23,57,105,27,7,46,108,29,1,5,6,4,7,5,81,25/26
723467,Ricardo Fischer,26.05.04_Corinthians,4,21.0,594,0,249,216,71,19,0,39,66,7,1,40,56,8,0,7,1,2,2,3,39,25/26
703343,Winicius Braga,26.05.04_Corinthians,4,19.2,1080,0,360,546,125,5,0,46,92,28,4,54,106,24,0,7,2,2,8,4,72,25/26
709501,Yuri Neptune,26.05.04_Corinthians,4,20.5,633,0,229,233,127,15,0,30,53,10,0,33,54,9,0,1,3,3,3,1,29,25/26
692169,Alexandre Paranhos,26.05.07_Corinthians,1,26.0,499,1,146,231,76,13,9,27,45,14,3,21,48,19,0,1,0,1,4,0,21,25/26
723898,Erik McCree,26.05.07_Corinthians,1,23.0,708,0,197,342,112,37,0,34,49,13,2,34,44,15,0,3,0,1,3,2,29,25/26
713017,Fernando Fernandes,26.05.07_Corinthians,1,7.5,54,0,32,6,0,0,0,6,27,1,0,5,29,0,0,5,3,0,0,0,12,25/26
723896,Jordan Williams,26.05.07_Corinthians,1,25.9,1210,2,346,536,234,42,8,58,89,32,9,35,100,34,0,0,1,3,6,4,53,25/26
719433,Juan Arengo,26.05.07_Corinthians,1,26.1,777,2,228,309,154,30,25,40,54,16,10,35,66,25,0,6,1,1,2,5,42,25/26
712072,Lucas Rodriguez,26.05.07_Corinthians,1,29.5,663,2,130,228,158,86,35,28,50,18,7,21,53,18,2,5,3,1,1,3,31,25/26
690902,Murilo Ferraz,26.05.07_Corinthians,1,4.0,27,0,12,0,0,0,0,5,16,0,0,9,13,0,0,8,0,0,0,0,8,25/26
723475,Rafael Rachel,26.05.07_Corinthians,1,26.1,1327,2,329,620,250,78,11,76,95,24,11,55,92,36,0,1,1,2,3,10,69,25/26
723467,Ricardo Fischer,26.05.07_Corinthians,1,21.5,981,0,316,392,186,56,0,49,63,14,4,34,71,19,0,2,3,1,1,9,61,25/26
703343,Winicius Braga,26.05.07_Corinthians,1,25.6,929,1,246,490,145,19,3,51,58,24,2,49,75,13,0,3,2,2,3,6,55,25/26
709501,Yuri Neptune,26.05.07_Corinthians,1,24.6,434,2,137,149,82,38,7,25,48,10,1,28,44,11,0,2,1,2,1,1,17,25/26
692169,Alexandre Paranhos,26.05.07_Corinthians,2,23.4,656,0,217,300,63,43,0,34,55,13,4,42,51,16,0,2,2,2,4,3,43,25/26
723898,Erik McCree,26.05.07_Corinthians,2,27.0,1208,4,367,457,252,58,33,42,85,37,6,56,81,35,1,5,7,5,4,1,54,25/26
713017,Fernando Fernandes,26.05.07_Corinthians,2,5.1,98,0,75,0,0,0,0,7,35,0,0,14,30,0,0,4,1,1,0,0,14,25/26
723896,Jordan Williams,26.05.07_Corinthians,2,26.3,976,1,358,398,112,51,11,57,70,26,6,43,80,24,1,7,3,4,6,2,59,25/26
719433,Juan Arengo,26.05.07_Corinthians,2,23.9,1147,0,336,476,190,101,0,66,79,26,8,48,84,28,1,4,7,3,3,4,58,25/26
712072,Lucas Rodriguez,26.05.07_Corinthians,2,26.0,921,4,259,359,159,82,21,46,71,27,11,37,83,27,1,1,10,2,4,6,75,25/26
690902,Murilo Ferraz,26.05.07_Corinthians,2,6.6,45,0,31,1,0,0,0,8,11,0,0,12,9,0,0,5,0,0,0,0,5,25/26
723475,Rafael Rachel,26.05.07_Corinthians,2,26.0,1269,1,478,475,204,55,10,70,97,30,5,58,116,22,0,0,7,3,8,5,82,25/26
723467,Ricardo Fischer,26.05.07_Corinthians,2,23.0,921,0,375,304,163,37,0,38,70,15,6,49,67,20,0,2,11,1,1,8,74,25/26
703343,Winicius Braga,26.05.07_Corinthians,2,20.7,776,0,248,411,83,7,0,36,74,17,2,35,75,15,0,0,2,1,5,7,67,25/26
709501,Yuri Neptune,26.05.07_Corinthians,2,24.6,379,1,159,128,41,24,2,28,35,4,3,25,36,4,1,14,2,1,3,0,34,25/26
692169,Alexandre Paranhos,26.05.07_Corinthians,3,16.8,242,0,102,100,21,0,0,14,48,3,1,10,45,6,0,1,0,0,2,0,9,25/26
723898,Erik McCree,26.05.07_Corinthians,3,26.6,857,4,292,374,89,41,29,38,53,23,2,43,59,13,1,8,4,2,2,0,32,25/26
713017,Fernando Fernandes,26.05.07_Corinthians,3,16.5,100,0,40,37,5,0,0,16,22,1,0,13,25,1,0,2,1,0,0,0,4,25/26
723896,Jordan Williams,26.05.07_Corinthians,3,26.3,1343,2,497,551,171,57,13,77,92,29,5,58,91,32,0,0,1,3,9,6,76,25/26
719433,Juan Arengo,26.05.07_Corinthians,3,26.2,1498,2,555,554,250,41,28,91,110,30,11,89,109,31,0,1,3,2,7,5,68,25/26
712072,Lucas Rodriguez,26.05.07_Corinthians,3,20.9,282,0,133,98,22,8,0,16,41,4,2,16,43,4,0,9,8,1,1,1,36,25/26
690902,Murilo Ferraz,26.05.07_Corinthians,3,4.6,18,0,7,0,0,0,0,9,9,0,0,12,6,0,0,5,0,0,0,0,5,25/26
723475,Rafael Rachel,26.05.07_Corinthians,3,27.7,817,2,242,327,160,41,14,44,71,14,5,46,61,21,1,3,7,3,4,3,56,25/26
723467,Ricardo Fischer,26.05.07_Corinthians,3,26.0,1398,1,530,515,245,55,6,73,89,23,13,68,80,32,0,1,2,3,3,12,83,25/26
703343,Winicius Braga,26.05.07_Corinthians,3,19.1,1154,0,385,563,152,5,0,67,103,25,6,57,95,36,0,1,4,4,5,5,62,25/26
709501,Yuri Neptune,26.05.07_Corinthians,3,16.5,87,0,36,30,10,0,0,7,15,2,0,6,16,1,0,3,0,0,0,0,3,25/26
692169,Alexandre Paranhos,26.05.07_Corinthians,4,26.0,1025,1,408,461,82,13,7,75,79,28,7,65,108,20,0,2,2,1,5,8,68,25/26
723898,Erik McCree,26.05.07_Corinthians,4,24.4,1928,1,877,764,166,32,2,108,153,34,9,104,162,32,0,2,6,6,3,4,66,25/26
713017,Fernando Fernandes,26.05.07_Corinthians,4,8.3,126,0,91,9,0,0,0,10,38,3,0,12,39,1,0,6,3,1,2,0,23,25/26
723896,Jordan Williams,26.05.07_Corinthians,4,26.0,1386,3,620,492,137,36,19,73,127,32,8,73,136,31,1,3,6,6,9,5,99,25/26
719433,Juan Arengo,26.05.07_Corinthians,4,26.6,1499,3,625,518,199,60,26,75,126,30,5,69,127,28,2,1,7,8,6,4,84,25/26
712072,Lucas Rodriguez,26.05.07_Corinthians,4,8.0,155,0,115,9,0,0,0,14,45,5,0,18,49,0,0,18,12,0,0,0,43,25/26
690902,Murilo Ferraz,26.05.07_Corinthians,4,5.2,90,0,64,0,0,0,0,15,25,0,0,19,22,0,0,10,0,0,0,0,10,25/26
723475,Rafael Rachel,26.05.07_Corinthians,4,27.4,990,1,395,383,128,20,16,55,86,20,9,54,86,25,0,3,15,6,6,2,85,25/26
723467,Ricardo Fischer,26.05.07_Corinthians,4,22.7,1206,0,569,408,118,31,0,69,99,26,5,67,107,24,0,2,12,5,4,8,97,25/26
703343,Winicius Braga,26.05.07_Corinthians,4,21.3,710,0,344,216,95,8,0,27,93,16,2,38,90,11,0,11,8,5,4,1,62,25/26
709501,Yuri Neptune,26.05.07_Corinthians,4,27.3,749,1,300,290,92,12,15,47,65,15,5,31,70,13,1,10,3,3,2,2,44,25/26
692169,Alexandre Paranhos,26.05.09_Corinthians,1,21.8,666,0,226,282,90,28,0,33,76,21,1,45,73,18,0,2,0,3,5,2,43,25/26
723898,Erik McCree,26.05.09_Corinthians,1,20.0,482,0,140,198,106,12,0,35,44,10,2,31,39,14,0,8,2,3,4,3,47,25/26
713017,Fernando Fernandes,26.05.09_Corinthians,1,7.4,74,0,57,1,0,0,0,3,30,1,0,5,29,0,0,2,2,3,5,6,67,25/26
723896,Jordan Williams,26.05.09_Corinthians,1,19.0,1207,0,490,464,173,12,0,66,108,37,8,55,123,29,0,2,3,5,9,6,85,25/26
719433,Juan Arengo,26.05.09_Corinthians,1,25.8,1279,4,425,492,204,78,19,76,107,27,4,73,104,25,0,7,4,4,6,7,82,25/26
712072,Lucas Rodriguez,26.05.09_Corinthians,1,26.0,874,5,253,322,151,74,34,44,76,16,9,46,72,22,0,2,4,8,5,3,70,25/26
690902,Murilo Ferraz,26.05.09_Corinthians,1,5.3,52,0,38,0,0,0,0,3,25,0,0,6,24,0,0,14,0,0,0,0,15,25/26
723475,Rafael Rachel,26.05.09_Corinthians,1,25.8,1596,2,490,605,341,79,9,82,132,44,9,70,139,38,2,0,6,8,8,3,80,25/26
723467,Ricardo Fischer,26.05.09_Corinthians,1,24.2,1004,1,358,358,174,56,1,63,69,24,9,63,77,27,0,10,2,2,3,5,62,25/26
703343,Winicius Braga,26.05.09_Corinthians,1,21.0,872,0,304,426,99,11,0,41,78,19,7,40,82,25,0,6,8,2,7,4,75,25/26
709501,Yuri Neptune,26.05.09_Corinthians,1,20.7,346,0,118,114,74,9,0,19,56,7,3,24,56,8,0,7,1,0,1,0,16,25/26
692169,Alexandre Paranhos,26.05.09_Corinthians,2,20.8,554,0,217,208,81,11,0,30,61,13,1,33,52,16,0,9,6,2,2,3,49,25/26
723898,Erik McCree,26.05.09_Corinthians,2,26.5,1228,1,420,472,219,63,8,59,102,20,7,65,93,22,0,6,4,3,4,1,46,25/26
713017,Fernando Fernandes,26.05.09_Corinthians,2,12.9,101,0,68,7,2,0,0,6,42,0,2,9,40,0,0,1,3,6,9,5,88,25/26
723896,Jordan Williams,26.05.09_Corinthians,2,23.5,927,0,407,321,103,40,0,55,86,14,9,61,87,20,0,0,3,6,8,7,89,25/26
719433,Juan Arengo,26.05.09_Corinthians,2,26.2,1839,4,659,648,276,157,42,84,106,36,12,74,110,46,1,0,3,5,5,12,104,25/26
712072,Lucas Rodriguez,26.05.09_Corinthians,2,26.8,315,2,77,103,56,38,26,13,30,6,3,10,29,8,1,3,4,6,6,3,68,25/26
690902,Murilo Ferraz,26.05.09_Corinthians,2,4.9,46,0,28,0,0,0,0,9,22,0,0,12,20,0,0,7,0,0,0,0,7,25/26
723475,Rafael Rachel,26.05.09_Corinthians,2,26.5,600,1,231,224,89,15,13,34,58,17,2,29,64,11,0,7,11,2,2,4,62,25/26
723467,Ricardo Fischer,26.05.09_Corinthians,2,25.6,1370,3,517,476,217,88,9,82,83,35,7,86,86,25,0,5,7,4,3,2,52,25/26
703343,Winicius Braga,26.05.09_Corinthians,2,23.2,1003,0,317,432,181,34,0,55,79,22,2,42,97,18,0,7,6,3,5,4,71,25/26
709501,Yuri Neptune,26.05.09_Corinthians,2,21.7,670,0,236,251,128,23,0,41,64,11,3,31,61,17,0,13,4,3,2,3,52,25/26
692169,Alexandre Paranhos,26.05.09_Corinthians,3,19.9,583,0,242,244,48,8,0,37,62,21,2,30,66,22,0,4,4,2,2,0,24,25/26
723898,Erik McCree,26.05.09_Corinthians,3,23.4,1149,0,463,450,167,19,0,65,97,23,3,57,106,18,0,4,4,3,4,2,47,25/26
713017,Fernando Fernandes,26.05.09_Corinthians,3,6.9,69,0,43,5,0,0,0,8,35,1,0,8,37,0,0,5,5,5,3,1,46,25/26
723896,Jordan Williams,26.05.09_Corinthians,3,17.2,195,0,77,81,28,0,0,7,16,6,0,11,20,3,0,15,1,1,1,0,24,25/26
719433,Juan Arengo,26.05.09_Corinthians,3,26.1,1513,1,587,553,245,48,7,76,130,30,3,84,112,31,1,0,1,6,7,9,94,25/26
712072,Lucas Rodriguez,26.05.09_Corinthians,3,23.6,341,0,126,123,46,24,0,12,45,10,2,12,47,7,0,9,6,2,1,0,32,25/26
690902,Murilo Ferraz,26.05.09_Corinthians,3,4.3,17,0,8,0,0,0,0,6,9,0,0,7,8,0,0,3,0,0,0,0,3,25/26
723475,Rafael Rachel,26.05.09_Corinthians,3,24.0,1349,0,426,550,240,83,0,63,119,28,5,55,116,27,0,2,8,5,4,2,58,25/26
723467,Ricardo Fischer,26.05.09_Corinthians,3,23.0,1562,0,610,567,255,51,0,90,92,24,11,74,117,22,0,0,6,4,5,8,85,25/26
703343,Winicius Braga,26.05.09_Corinthians,3,17.5,831,0,307,381,111,0,0,39,74,20,8,38,82,23,0,9,2,2,5,5,65,25/26
709501,Yuri Neptune,26.05.09_Corinthians,3,26.0,637,2,246,239,77,20,19,30,75,10,1,30,80,6,0,7,2,3,2,1,33,25/26
692169,Alexandre Paranhos,26.05.09_Corinthians,4,22.9,657,0,274,231,85,23,0,52,66,16,0,45,62,18,0,9,1,1,4,4,49,25/26
723898,Erik McCree,26.05.09_Corinthians,4,23.0,1729,0,722,659,257,38,0,82,107,36,4,81,119,26,0,2,6,8,4,1,60,25/26
713017,Fernando Fernandes,26.05.09_Corinthians,4,10.4,202,0,157,5,0,0,0,20,57,2,0,23,52,1,0,2,3,4,6,6,75,25/26
723896,Jordan Williams,26.05.09_Corinthians,4,26.0,984,1,442,360,100,22,8,40,82,31,3,53,91,12,1,7,4,6,4,2,60,25/26
719433,Juan Arengo,26.05.09_Corinthians,4,26.0,1510,3,527,515,261,125,19,77,97,36,10,59,112,32,0,2,8,4,10,5,93,25/26
712072,Lucas Rodriguez,26.05.09_Corinthians,4,10.5,61,0,38,3,0,0,0,14,22,0,1,12,26,1,0,3,2,1,1,1,16,25/26
690902,Murilo Ferraz,26.05.09_Corinthians,4,6.2,94,0,62,1,0,0,0,15,26,1,0,24,18,0,0,6,1,1,1,1,18,25/26
723475,Rafael Rachel,26.05.09_Corinthians,4,26.1,1272,1,483,518,143,65,12,66,100,29,8,61,110,28,1,3,8,7,7,4,89,25/26
723467,Ricardo Fischer,26.05.09_Corinthians,4,22.6,1694,0,720,597,267,44,0,102,100,31,5,83,113,27,0,1,8,5,5,9,96,25/26
703343,Winicius Braga,26.05.09_Corinthians,4,22.1,1023,0,414,418,129,22,0,49,96,18,6,49,97,25,0,8,6,4,6,3,75,25/26
709501,Yuri Neptune,26.05.09_Corinthians,4,5.9,176,0,143,0,0,0,0,15,46,0,0,20,42,0,0,24,1,0,0,0,25,25/26
692169,Alexandre Paranhos,26.05.12_Corinthians,1,25.1,507,1,189,187,80,15,5,31,59,18,0,32,65,11,0,1,2,2,4,6,55,25/26
723898,Erik McCree,26.05.12_Corinthians,1,15.4,193,0,96,73,7,0,0,15,32,4,0,16,34,3,0,8,0,0,0,0,10,25/26
713017,Fernando Fernandes,26.05.12_Corinthians,1,6.8,125,0,88,4,0,0,0,6,61,1,0,10,61,0,0,8,0,0,0,0,8,25/26
723896,Jordan Williams,26.05.12_Corinthians,1,26.1,1121,3,399,436,169,46,26,57,74,24,6,52,78,30,0,2,2,2,5,8,70,25/26
719433,Juan Arengo,26.05.12_Corinthians,1,27.0,1516,3,482,570,252,139,28,86,96,29,10,63,107,28,2,0,2,2,5,10,79,25/26
712072,Lucas Rodriguez,26.05.12_Corinthians,1,7.4,54,0,35,2,0,0,0,4,29,1,0,5,29,0,0,13,2,0,0,0,16,25/26
690902,Murilo Ferraz,26.05.12_Corinthians,1,4.6,26,0,15,0,0,0,0,8,15,0,0,9,14,0,0,7,0,0,0,0,7,25/26
723475,Rafael Rachel,26.05.12_Corinthians,1,27.2,1346,2,370,556,268,87,20,77,102,36,7,70,107,33,0,0,2,3,7,7,76,25/26
723467,Ricardo Fischer,26.05.12_Corinthians,1,26.1,1336,2,402,547,282,41,21,57,87,22,14,53,93,31,0,1,4,2,4,8,68,25/26
724919,Tim Frazier,26.05.12_Corinthians,1,5.5,78,0,42,0,0,0,0,39,20,0,0,47,13,0,0,10,6,0,0,0,23,25/26
703343,Winicius Braga,26.05.12_Corinthians,1,20.2,963,0,318,442,157,10,0,45,81,23,7,43,87,25,0,4,3,2,5,5,61,25/26
709501,Yuri Neptune,26.05.12_Corinthians,1,21.4,443,0,156,126,121,7,0,25,52,14,1,27,57,8,0,1,1,6,5,2,47,25/26
692169,Alexandre Paranhos,26.05.12_Corinthians,2,22.5,678,0,230,299,78,33,0,47,60,18,3,50,64,16,0,5,2,2,2,4,42,25/26
723898,Erik McCree,26.05.12_Corinthians,2,21.7,959,0,407,386,112,17,0,47,64,21,4,55,71,13,0,4,5,4,3,1,47,25/26
713017,Fernando Fernandes,26.05.12_Corinthians,2,10.8,161,0,92,28,0,0,0,12,67,5,1,17,69,1,0,5,0,0,0,0,5,25/26
723896,Jordan Williams,26.05.12_Corinthians,2,25.1,1346,1,426,600,220,47,6,69,96,24,9,60,100,33,0,2,5,4,2,2,43,25/26
719433,Juan Arengo,26.05.12_Corinthians,2,22.4,1006,0,352,432,142,42,0,55,77,23,6,50,91,18,0,1,9,4,4,6,73,25/26
712072,Lucas Rodriguez,26.05.12_Corinthians,2,10.4,92,0,50,12,0,0,0,16,35,2,2,19,37,1,0,8,0,0,0,0,8,25/26
690902,Murilo Ferraz,26.05.12_Corinthians,2,7.8,86,0,56,7,0,0,0,14,30,1,0,12,32,0,0,6,0,0,0,0,7,25/26
723475,Rafael Rachel,26.05.12_Corinthians,2,22.2,1140,0,410,389,204,86,0,51,88,32,7,58,98,22,0,0,9,6,5,2,66,25/26
723467,Ricardo Fischer,26.05.12_Corinthians,2,25.0,1376,1,532,499,265,20,4,63,96,28,10,64,97,33,0,1,3,3,5,8,76,25/26
724919,Tim Frazier,26.05.12_Corinthians,2,15.9,285,0,179,50,17,0,0,19,39,6,0,33,32,1,0,2,14,3,1,1,45,25/26
703343,Winicius Braga,26.05.12_Corinthians,2,21.4,770,0,286,360,78,12,0,25,85,14,2,33,77,14,0,10,3,3,4,3,56,25/26
709501,Yuri Neptune,26.05.12_Corinthians,2,19.8,173,0,123,5,20,7,0,7,31,2,0,6,34,1,0,10,1,0,0,0,13,25/26
692169,Alexandre Paranhos,26.05.12_Corinthians,3,22.8,687,0,240,310,83,21,0,40,74,14,1,39,76,14,0,4,3,2,5,1,40,25/26
723898,Erik McCree,26.05.12_Corinthians,3,23.1,903,0,357,400,88,16,0,76,64,19,4,65,85,13,0,10,3,1,3,3,45,25/26
713017,Fernando Fernandes,26.05.12_Corinthians,3,10.4,171,0,107,15,0,0,0,17,77,6,2,20,86,1,0,7,0,0,0,0,8,25/26
723896,Jordan Williams,26.05.12_Corinthians,3,25.0,1355,2,576,537,137,30,11,81,104,31,9,57,123,26,0,1,6,7,7,4,81,25/26
719433,Juan Arengo,26.05.12_Corinthians,3,26.1,1536,5,507,580,262,89,32,83,132,29,9,83,116,35,1,0,7,5,8,7,94,25/26
712072,Lucas Rodriguez,26.05.12_Corinthians,3,11.8,159,0,84,36,0,0,0,15,62,8,1,13,73,1,0,12,4,0,0,0,23,25/26
690902,Murilo Ferraz,26.05.12_Corinthians,3,6.4,30,0,17,1,0,0,0,4,16,1,0,4,17,0,0,3,0,0,0,0,3,25/26
723475,Rafael Rachel,26.05.12_Corinthians,3,26.0,928,1,346,328,160,41,8,66,71,19,4,50,92,10,0,10,6,4,4,2,61,25/26
723467,Ricardo Fischer,26.05.12_Corinthians,3,26.2,1443,3,545,457,263,81,21,86,112,32,9,91,104,37,0,2,3,4,5,7,73,25/26
724919,Tim Frazier,26.05.12_Corinthians,3,18.9,264,0,143,65,18,7,0,19,33,9,0,26,34,2,0,6,14,1,0,0,40,25/26
703343,Winicius Braga,26.05.12_Corinthians,3,21.3,833,0,303,406,73,16,0,54,72,22,4,48,89,16,0,10,4,4,5,4,67,25/26
709501,Yuri Neptune,26.05.12_Corinthians,3,26.9,625,2,174,233,123,37,24,26,56,19,4,31,60,14,1,5,3,3,1,0,27,25/26
692169,Alexandre Paranhos,26.05.12_Corinthians,4,15.5,238,0,85,89,39,0,0,22,37,6,2,17,39,7,0,4,1,1,1,1,17,25/26
723898,Erik McCree,26.05.12_Corinthians,4,26.1,1542,2,673,628,134,21,16,94,115,35,6,87,135,24,1,4,4,3,2,6,62,25/26
713017,Fernando Fernandes,26.05.12_Corinthians,4,10.5,150,0,99,14,0,0,0,17,60,2,0,20,57,1,0,7,0,0,0,0,8,25/26
723896,Jordan Williams,26.05.12_Corinthians,4,21.6,1319,0,525,543,162,27,0,78,98,40,7,76,106,33,0,5,8,4,7,5,85,25/26
719433,Juan Arengo,26.05.12_Corinthians,4,26.2,1926,4,590,663,414,150,34,107,131,36,17,101,127,48,0,0,5,7,7,12,119,25/26
712072,Lucas Rodriguez,26.05.12_Corinthians,4,0.0,0,0,0,0,0,0,0,0,0,0,0,0,0,0,0,3,3,3,2,2,36,25/26
690902,Murilo Ferraz,26.05.12_Corinthians,4,5.9,60,0,36,0,0,0,0,13,30,0,0,9,34,0,0,5,2,1,1,0,15,25/26
723475,Rafael Rachel,26.05.12_Corinthians,4,26.0,1263,1,419,468,239,80,9,43,95,33,11,53,102,31,0,2,13,6,6,3,88,25/26
723467,Ricardo Fischer,26.05.12_Corinthians,4,5.4,18,0,12,0,0,0,0,3,5,0,0,6,3,0,0,4,2,1,0,1,14,25/26
724919,Tim Frazier,26.05.12_Corinthians,4,18.1,1482,0,658,579,177,1,0,67,127,25,3,86,115,19,0,1,6,6,7,3,71,25/26
703343,Winicius Braga,26.05.12_Corinthians,4,20.9,584,0,212,270,69,13,0,46,44,13,0,37,50,10,0,17,2,1,4,1,49,25/26
709501,Yuri Neptune,26.05.12_Corinthians,4,24.5,341,1,154,61,69,12,3,39,44,5,2,31,51,8,0,6,2,3,1,1,28,25/26
