npf,nome,nome_sessao,quarto_jg,vel_max,dist_total,sprints,zv1,zv2,zv3,zv4,zv5,dcel1,dcel2,dcel3,dcel4,acel1,acel2,acel3,acel4,fc1,fc2,fc3,fc4,fc5,trimp,temp
692169,Alexandre Paranhos,23.10.13_Flamengo,1,25.9,1029,2,280,464,198,36,10,67,85,23,4,50,79,30,0,7,2,2,6,5,63,23/24
713851,Danilo Fuzaro,23.10.13_Flamengo,1,22.5,627,0,165,235,161,26,0,40,58,15,4,30,66,18,0,8,7,2,3,3,51,23/24
708457,Felipe Vezaro,23.10.13_Flamengo,1,26.0,1138,1,331,473,232,49,14,68,71,30,3,57,74,27,0,2,1,2,5,6,61,23/24
714249,Franco Baralle,23.10.13_Flamengo,1,26.0,976,1,301,401,178,46,6,68,74,15,5,57,56,25,1,5,6,1,3,8,70,23/24
714245,Gemerson Barbosa,23.10.13_Flamengo,1,23.2,652,0,178,267,159,16,0,26,70,14,5,25,70,17,0,6,1,1,3,4,46,23/24
714195,Luciano Gonzalez,23.10.13_Flamengo,1,26.8,1270,3,445,467,215,84,13,64,84,22,11,59,90,33,1,6,2,3,7,5,70,23/24
714313,Nicolas Copello,23.10.13_Flamengo,1,20.5,740,0,251,302,130,23,0,45,73,12,1,37,71,13,0,9,2,1,3,6,57,23/24
714226,Rafael Mineiro,23.10.13_Flamengo,1,23.5,561,0,135,225,123,44,0,29,64,13,6,30,57,22,0,12,2,1,3,3,47,23/24
703456,Renan Lenz,23.10.13_Flamengo,1,25.0,1134,1,319,497,182,85,4,47,109,19,4,58,99,28,0,0,2,6,4,10,87,23/24
703343,Winicius Braga,23.10.13_Flamengo,1,5.6,52,0,38,0,0,0,0,3,26,0,0,8,23,0,0,4,0,0,0,0,4,23/24
709501,Yuri Neptune,23.10.13_Flamengo,1,25.8,572,1,218,174,124,19,5,30,73,9,3,20,73,11,1,3,1,1,4,2,34,23/24
692169,Alexandre Paranhos,23.10.13_Flamengo,2,25.9,1528,2,577,599,228,41,6,79,135,36,8,80,141,37,0,7,4,5,9,6,98,23/24
713851,Danilo Fuzaro,23.10.13_Flamengo,2,25.6,392,1,182,96,46,20,4,33,58,2,2,33,57,6,0,20,6,2,2,0,47,23/24
708457,Felipe Vezaro,23.10.13_Flamengo,2,24.4,1537,2,582,509,273,100,2,82,106,32,8,93,108,35,0,3,12,6,3,7,96,23/24
714249,Franco Baralle,23.10.13_Flamengo,2,26.0,1288,2,546,385,181,81,8,78,115,29,7,90,104,31,0,8,6,3,5,9,95,23/24
714245,Gemerson Barbosa,23.10.13_Flamengo,2,27.9,964,6,321,281,158,110,55,38,78,14,6,32,80,15,1,4,16,3,4,6,89,23/24
714195,Luciano Gonzalez,23.10.13_Flamengo,2,28.2,1479,3,572,438,273,89,51,72,112,21,9,66,85,41,3,6,9,3,4,10,101,23/24
714313,Nicolas Copello,23.10.13_Flamengo,2,23.8,1412,0,563,466,252,67,0,82,117,29,8,81,116,32,0,0,9,5,7,11,115,23/24
714226,Rafael Mineiro,23.10.13_Flamengo,2,17.9,526,0,263,176,43,0,0,38,74,7,3,38,70,11,0,22,3,1,2,1,44,23/24
703456,Renan Lenz,23.10.13_Flamengo,2,26.1,1496,3,636,476,211,97,21,60,115,27,12,52,114,36,2,0,4,12,7,9,119,23/24
703343,Winicius Braga,23.10.13_Flamengo,2,8.8,228,0,163,34,0,0,0,11,53,2,0,14,53,0,0,2,0,0,0,0,2,23/24
709501,Yuri Neptune,23.10.13_Flamengo,2,6.8,264,0,208,13,0,0,0,20,72,2,0,24,72,0,0,22,2,0,0,0,26,23/24
692169,Alexandre Paranhos,23.10.13_Flamengo,3,26.0,953,1,284,438,128,53,8,51,78,25,3,36,86,24,0,4,3,1,4,6,60,23/24
713851,Danilo Fuzaro,23.10.13_Flamengo,3,23.9,450,0,137,148,89,50,0,29,45,12,3,24,53,10,1,8,4,0,2,2,35,23/24
708457,Felipe Vezaro,23.10.13_Flamengo,3,26.8,1322,2,332,537,309,100,11,72,78,18,7,74,66,29,1,1,2,3,5,8,69,23/24
714249,Franco Baralle,23.10.13_Flamengo,3,25.9,1044,1,359,383,203,34,13,70,74,20,12,62,77,26,0,0,5,2,3,7,64,23/24
714245,Gemerson Barbosa,23.10.13_Flamengo,3,26.0,233,1,69,85,39,12,9,12,30,8,2,7,35,6,1,11,4,1,1,1,28,23/24
714195,Luciano Gonzalez,23.10.13_Flamengo,3,26.0,1329,2,401,481,291,110,8,63,92,31,9,58,82,45,0,0,1,2,4,10,75,23/24
714313,Nicolas Copello,23.10.13_Flamengo,3,19.9,423,0,171,168,49,8,0,35,46,12,1,39,49,7,0,1,10,1,1,4,50,23/24
714226,Rafael Mineiro,23.10.13_Flamengo,3,20.3,453,0,131,178,109,6,0,22,56,14,1,21,58,10,0,7,1,0,1,3,28,23/24
703456,Renan Lenz,23.10.13_Flamengo,3,25.6,1327,2,381,580,211,99,7,68,101,32,4,52,108,30,1,0,0,4,6,8,76,23/24
703343,Winicius Braga,23.10.13_Flamengo,3,10.6,52,0,28,7,0,0,0,5,29,3,0,5,33,0,0,1,0,0,0,0,1,23/24
709501,Yuri Neptune,23.10.13_Flamengo,3,10.9,143,0,92,23,0,0,0,7,61,2,0,12,63,0,0,10,2,0,0,0,14,23/24
692169,Alexandre Paranhos,23.10.13_Flamengo,4,24.6,1151,1,387,572,120,12,2,73,107,26,6,73,121,19,0,8,4,3,5,6,77,23/24
713851,Danilo Fuzaro,23.10.13_Flamengo,4,26.0,1635,2,675,583,217,71,11,82,138,28,15,91,126,43,0,0,2,7,6,14,117,23/24
708457,Felipe Vezaro,23.10.13_Flamengo,4,23.8,635,0,223,266,81,21,0,43,79,13,2,45,73,16,0,10,3,1,4,3,52,23/24
714249,Franco Baralle,23.10.13_Flamengo,4,24.1,1014,1,460,317,126,46,1,66,85,15,6,70,93,20,0,6,9,4,4,3,67,23/24
714245,Gemerson Barbosa,23.10.13_Flamengo,4,25.7,801,2,344,223,133,52,7,33,75,14,10,27,83,17,0,9,10,2,2,5,69,23/24
714195,Luciano Gonzalez,23.10.13_Flamengo,4,20.1,611,0,296,170,88,15,0,41,67,11,3,36,65,11,0,10,10,3,4,0,54,23/24
714313,Nicolas Copello,23.10.13_Flamengo,4,23.9,1654,0,697,588,250,45,0,96,129,31,6,103,131,26,0,0,2,5,8,13,115,23/24
714226,Rafael Mineiro,23.10.13_Flamengo,4,24.6,1630,1,555,694,259,39,3,91,157,42,8,85,161,44,0,0,5,6,9,9,108,23/24
703456,Renan Lenz,23.10.13_Flamengo,4,6.4,184,0,149,2,0,0,0,15,46,0,0,14,46,0,0,2,21,6,0,0,62,23/24
703343,Winicius Braga,23.10.13_Flamengo,4,10.0,232,0,174,36,0,0,0,14,31,2,0,21,28,0,0,1,0,0,0,0,1,23/24
709501,Yuri Neptune,23.10.13_Flamengo,4,7.9,281,0,183,49,0,0,0,28,71,7,0,33,77,0,0,7,1,0,0,0,8,23/24
692169,Alexandre Paranhos,23.10.21_Botafogo,1,23.8,996,0,306,445,155,46,0,57,87,20,6,62,77,32,0,2,2,3,6,2,52,23/24
713851,Danilo Fuzaro,23.10.21_Botafogo,1,26.3,728,2,241,312,78,31,26,47,67,18,2,30,66,21,0,5,4,2,4,3,53,23/24
708457,Felipe Vezaro,23.10.21_Botafogo,1,24.4,1213,2,319,506,253,96,5,64,85,26,7,76,77,27,0,2,4,1,6,6,65,23/24
714249,Franco Baralle,23.10.21_Botafogo,1,23.7,659,0,201,290,117,28,0,46,50,19,2,44,47,17,0,7,1,2,4,2,41,23/24
714245,Gemerson Barbosa,23.10.21_Botafogo,1,26.6,859,2,190,334,187,103,17,41,68,21,7,27,63,25,0,3,7,1,2,7,59,23/24
714195,Luciano Gonzalez,23.10.21_Botafogo,1,23.9,1180,0,322,446,298,84,0,54,62,32,5,37,78,34,0,5,2,2,5,5,60,23/24
714313,Nicolas Copello,23.10.21_Botafogo,1,24.1,678,1,226,280,123,18,1,41,54,15,7,43,59,18,0,7,2,3,5,2,47,23/24
714226,Rafael Mineiro,23.10.21_Botafogo,1,17.5,377,0,108,204,48,0,0,28,37,5,1,19,41,6,0,2,0,1,3,1,19,23/24
703456,Renan Lenz,23.10.21_Botafogo,1,23.2,718,0,214,351,107,25,0,38,61,8,3,30,63,11,0,0,6,5,6,2,60,23/24
703343,Winicius Braga,23.10.21_Botafogo,1,7.2,50,0,39,2,0,0,0,1,21,1,0,0,22,0,0,2,0,0,0,0,2,23/24
692169,Alexandre Paranhos,23.10.21_Botafogo,2,24.0,518,1,193,196,71,30,1,24,40,12,4,36,39,11,0,1,1,4,6,5,64,23/24
713851,Danilo Fuzaro,23.10.21_Botafogo,2,23.6,912,0,337,306,183,45,0,46,82,19,4,47,68,25,0,0,11,2,2,7,72,23/24
708457,Felipe Vezaro,23.10.21_Botafogo,2,24.8,593,1,215,213,102,25,3,35,59,11,4,44,54,11,0,13,2,2,1,3,39,23/24
714249,Franco Baralle,23.10.21_Botafogo,2,23.4,765,0,339,269,102,20,0,35,54,18,1,54,50,14,0,6,3,3,5,1,44,23/24
714245,Gemerson Barbosa,23.10.21_Botafogo,2,26.5,844,7,242,279,156,82,57,38,63,20,3,34,65,15,1,6,6,2,1,6,63,23/24
714195,Luciano Gonzalez,23.10.21_Botafogo,2,26.0,874,1,309,252,177,96,6,40,61,18,8,32,54,30,0,9,3,2,4,4,57,23/24
714313,Nicolas Copello,23.10.21_Botafogo,2,26.1,1050,2,420,372,148,32,25,52,79,24,6,52,84,23,0,4,4,4,5,5,68,23/24
714226,Rafael Mineiro,23.10.21_Botafogo,2,20.1,984,0,399,397,137,11,0,50,92,24,3,37,85,31,0,7,3,2,4,4,55,23/24
703456,Renan Lenz,23.10.21_Botafogo,2,26.0,841,2,316,316,119,31,27,36,81,15,1,26,77,13,1,0,10,3,3,5,69,23/24
703343,Winicius Braga,23.10.21_Botafogo,2,6.3,71,0,60,1,0,0,0,5,13,0,0,5,14,0,0,0,0,0,0,0,0,23/24
692169,Alexandre Paranhos,23.10.21_Botafogo,3,26.1,898,1,233,430,136,50,10,60,69,30,2,47,79,25,0,3,1,1,4,5,50,23/24
713851,Danilo Fuzaro,23.10.21_Botafogo,3,27.7,1068,1,348,438,167,50,13,73,68,25,5,67,78,25,1,4,5,1,4,8,72,23/24
708457,Felipe Vezaro,23.10.21_Botafogo,3,23.0,747,0,227,287,140,54,0,49,58,14,6,51,60,17,0,5,3,3,6,0,43,23/24
714249,Franco Baralle,23.10.21_Botafogo,3,22.6,624,0,285,195,79,35,0,52,37,10,4,46,42,12,0,4,4,3,4,0,41,23/24
714245,Gemerson Barbosa,23.10.21_Botafogo,3,26.0,591,1,187,201,108,53,9,23,60,12,2,38,54,14,0,9,4,2,3,3,52,23/24
714195,Luciano Gonzalez,23.10.21_Botafogo,3,23.4,823,0,271,362,127,33,0,36,74,24,6,38,76,23,0,9,1,0,3,6,56,23/24
714313,Nicolas Copello,23.10.21_Botafogo,3,22.9,806,0,292,299,158,23,0,46,70,17,6,47,63,20,0,10,2,1,4,5,58,23/24
714226,Rafael Mineiro,23.10.21_Botafogo,3,21.8,715,0,222,283,149,28,0,41,71,11,1,34,72,17,0,2,2,3,5,0,36,23/24
703456,Renan Lenz,23.10.21_Botafogo,3,22.7,861,0,248,368,157,60,0,47,59,25,6,30,61,34,0,2,9,2,3,6,67,23/24
703343,Winicius Braga,23.10.21_Botafogo,3,21.6,532,0,177,251,74,5,0,32,60,13,0,26,56,16,0,2,2,3,2,0,25,23/24
692169,Alexandre Paranhos,23.10.21_Botafogo,4,20.2,312,0,117,118,48,11,0,13,34,7,0,15,35,7,0,2,1,1,1,1,13,23/24
713851,Danilo Fuzaro,23.10.21_Botafogo,4,6.4,23,0,15,1,0,0,0,3,7,1,0,8,4,0,0,19,2,0,0,0,22,23/24
708457,Felipe Vezaro,23.10.21_Botafogo,4,26.0,905,1,259,402,159,43,7,57,67,17,5,66,59,22,0,6,4,2,3,5,60,23/24
714249,Franco Baralle,23.10.21_Botafogo,4,19.2,805,0,331,337,87,9,0,43,63,16,3,65,57,16,0,5,4,3,6,1,49,23/24
714245,Gemerson Barbosa,23.10.21_Botafogo,4,26.8,1094,5,292,386,213,121,45,65,68,19,11,53,57,30,1,2,6,3,3,7,70,23/24
714195,Luciano Gonzalez,23.10.21_Botafogo,4,22.9,548,0,190,169,126,35,0,17,49,14,4,24,43,15,1,13,1,1,4,0,36,23/24
714313,Nicolas Copello,23.10.21_Botafogo,4,22.2,559,0,221,164,100,45,0,22,45,14,4,35,41,15,0,12,2,1,3,2,39,23/24
714226,Rafael Mineiro,23.10.21_Botafogo,4,22.0,475,0,141,219,70,26,0,30,41,10,3,12,51,10,0,4,1,1,2,2,27,23/24
703456,Renan Lenz,23.10.21_Botafogo,4,26.1,1043,1,333,413,196,56,11,42,71,23,4,40,72,25,0,0,7,4,5,4,67,23/24
703343,Winicius Braga,23.10.21_Botafogo,4,19.0,689,0,205,375,73,7,0,44,54,23,3,29,78,10,0,6,1,2,4,1,37,23/24
709501,Yuri Neptune,23.10.21_Botafogo,1,8.9,87,0,61,7,0,0,0,3,38,1,0,7,35,0,0,16,2,0,0,0,19,23/24
709501,Yuri Neptune,23.10.21_Botafogo,2,23.5,965,0,283,349,242,57,0,46,73,21,4,52,74,22,0,2,3,2,4,5,59,23/24
709501,Yuri Neptune,23.10.21_Botafogo,3,5.8,46,0,35,0,0,0,0,3,22,0,0,4,22,0,0,20,0,0,0,0,21,23/24
709501,Yuri Neptune,23.10.21_Botafogo,4,22.9,1054,0,323,403,233,55,0,55,80,28,8,49,87,27,0,6,4,3,2,7,65,23/24
692169,Alexandre Paranhos,23.10.23_Vasco,1,24.7,687,1,233,268,123,32,3,28,52,23,3,43,55,21,0,6,1,1,3,4,41,23/24
713851,Danilo Fuzaro,23.10.23_Vasco,1,25.4,1077,2,336,384,216,88,5,58,81,21,5,54,72,32,0,0,6,3,4,8,75,23/24
708457,Felipe Vezaro,23.10.23_Vasco,1,26.0,1425,4,389,607,277,78,22,88,100,27,7,84,90,35,0,0,2,4,4,10,84,23/24
714249,Franco Baralle,23.10.23_Vasco,1,26.0,866,2,262,350,164,36,12,57,67,14,7,54,56,24,0,0,10,1,2,8,70,23/24
714245,Gemerson Barbosa,23.10.23_Vasco,1,26.8,701,2,203,221,146,82,16,32,60,14,5,26,63,17,1,5,2,1,2,4,41,23/24
714195,Luciano Gonzalez,23.10.23_Vasco,1,26.3,825,1,247,284,179,71,11,38,61,21,3,37,52,26,0,3,1,1,4,5,49,23/24
714313,Nicolas Copello,23.10.23_Vasco,1,26.0,759,2,293,239,145,40,13,43,50,12,10,36,56,20,0,8,2,1,2,6,55,23/24
714226,Rafael Mineiro,23.10.23_Vasco,1,22.7,1009,0,326,394,138,114,0,34,87,21,8,35,87,28,0,6,3,1,5,5,63,23/24
703456,Renan Lenz,23.10.23_Vasco,1,25.3,1005,2,309,344,232,72,7,41,90,20,2,36,86,25,1,0,5,5,4,7,75,23/24
703343,Winicius Braga,23.10.23_Vasco,1,5.7,20,0,12,0,0,0,0,2,15,0,0,3,14,0,0,2,0,0,0,0,2,23/24
709501,Yuri Neptune,23.10.23_Vasco,1,6.6,98,0,74,2,0,0,0,6,45,1,0,7,46,0,0,3,0,0,0,0,3,23/24
692169,Alexandre Paranhos,23.10.23_Vasco,2,25.9,1081,3,406,378,160,59,19,52,102,17,4,58,91,26,0,6,4,3,6,4,69,23/24
713851,Danilo Fuzaro,23.10.23_Vasco,2,27.4,1152,4,456,313,186,82,36,61,106,27,13,64,106,34,1,0,7,6,6,10,105,23/24
708457,Felipe Vezaro,23.10.23_Vasco,2,24.7,1450,1,515,532,278,43,3,101,117,33,5,103,107,32,0,0,4,9,9,7,107,23/24
714249,Franco Baralle,23.10.23_Vasco,2,26.0,1140,1,493,327,168,59,7,83,98,18,11,99,76,30,0,2,8,7,8,4,92,23/24
714245,Gemerson Barbosa,23.10.23_Vasco,2,21.9,606,0,200,233,79,62,0,32,55,16,4,33,57,15,0,7,12,3,3,4,69,23/24
714195,Luciano Gonzalez,23.10.23_Vasco,2,26.0,638,7,273,176,64,56,39,28,50,10,9,27,47,21,1,13,7,2,4,3,63,23/24
714313,Nicolas Copello,23.10.23_Vasco,2,24.1,846,1,336,346,106,18,1,42,68,20,4,49,74,16,0,4,12,3,4,6,83,23/24
714226,Rafael Mineiro,23.10.23_Vasco,2,21.1,1379,0,506,523,269,15,0,73,122,32,8,70,132,30,0,5,5,6,9,4,89,23/24
703456,Renan Lenz,23.10.23_Vasco,2,26.9,679,2,250,252,91,31,25,23,60,14,3,26,63,13,1,0,16,5,3,5,82,23/24
703343,Winicius Braga,23.10.23_Vasco,2,7.0,75,0,57,3,0,0,0,3,29,0,0,8,25,0,0,1,0,0,0,0,1,23/24
709501,Yuri Neptune,23.10.23_Vasco,2,7.3,141,0,103,9,0,0,0,9,52,0,0,13,51,0,0,1,0,0,0,0,1,23/24
692169,Alexandre Paranhos,23.10.23_Vasco,3,26.1,1265,3,457,548,123,65,14,78,100,20,7,75,113,23,1,7,4,3,5,8,81,23/24
713851,Danilo Fuzaro,23.10.23_Vasco,3,25.9,940,2,473,254,111,32,8,60,83,21,7,57,96,15,0,0,9,6,7,5,85,23/24
708457,Felipe Vezaro,23.10.23_Vasco,3,21.6,824,0,305,289,151,24,0,60,79,15,2,70,73,8,0,12,3,3,4,2,54,23/24
714249,Franco Baralle,23.10.23_Vasco,3,26.0,1332,3,518,514,144,47,32,91,88,20,7,87,88,22,0,4,6,3,6,7,85,23/24
714245,Gemerson Barbosa,23.10.23_Vasco,3,25.9,560,2,205,166,84,65,4,38,51,9,3,40,54,8,1,12,6,3,2,2,49,23/24
714195,Luciano Gonzalez,23.10.23_Vasco,3,26.0,1686,5,597,580,320,105,31,78,99,33,10,63,98,43,0,0,6,4,4,11,99,23/24
714313,Nicolas Copello,23.10.23_Vasco,3,22.9,418,0,229,106,30,24,0,34,42,8,1,31,42,6,0,13,8,3,2,0,49,23/24
714226,Rafael Mineiro,23.10.23_Vasco,3,22.1,1286,0,515,537,134,39,0,68,115,26,4,62,109,33,0,6,5,5,4,6,78,23/24
703456,Renan Lenz,23.10.23_Vasco,3,18.2,567,0,253,230,54,1,0,36,56,7,0,36,57,6,0,1,14,8,2,1,68,23/24
703343,Winicius Braga,23.10.23_Vasco,3,11.4,208,0,128,61,0,0,0,16,31,1,0,16,29,0,0,1,1,0,0,0,3,23/24
709501,Yuri Neptune,23.10.23_Vasco,3,21.3,484,0,176,192,76,10,0,31,57,7,1,32,59,7,0,3,3,1,2,0,20,23/24
692169,Alexandre Paranhos,23.10.23_Vasco,4,20.6,518,0,205,198,65,10,0,43,56,10,0,34,56,10,0,10,3,2,3,1,38,23/24
713851,Danilo Fuzaro,23.10.23_Vasco,4,26.5,1193,3,446,344,213,102,21,65,100,29,5,56,98,32,1,4,9,4,5,10,99,23/24
708457,Felipe Vezaro,23.10.23_Vasco,4,25.1,1363,1,474,525,237,53,7,72,118,34,5,85,105,37,0,3,8,6,9,4,94,23/24
714249,Franco Baralle,23.10.23_Vasco,4,26.0,545,1,229,147,85,33,11,35,61,13,3,33,55,16,0,20,4,2,3,1,51,23/24
714245,Gemerson Barbosa,23.10.23_Vasco,4,26.7,1109,6,349,363,203,87,51,42,107,24,6,51,103,23,0,3,10,3,4,10,99,23/24
714195,Luciano Gonzalez,23.10.23_Vasco,4,26.6,1510,4,665,390,230,117,40,69,122,26,9,66,106,34,1,2,7,6,8,8,102,23/24
714313,Nicolas Copello,23.10.23_Vasco,4,26.8,1237,6,493,429,141,60,51,64,112,24,10,81,112,20,2,4,6,3,8,9,101,23/24
714226,Rafael Mineiro,23.10.23_Vasco,4,21.8,1268,0,441,514,219,29,0,80,120,23,4,67,117,32,0,5,1,4,7,8,87,23/24
703456,Renan Lenz,23.10.23_Vasco,4,24.3,539,2,215,176,79,23,5,27,70,10,4,32,66,11,0,4,15,5,3,3,78,23/24
703343,Winicius Braga,23.10.23_Vasco,4,7.1,45,0,32,2,0,0,0,4,17,1,0,7,17,0,0,0,0,0,0,0,0,23/24
709501,Yuri Neptune,23.10.23_Vasco,4,5.7,72,0,51,0,0,0,0,11,32,0,0,13,31,0,0,1,0,0,0,0,1,23/24
713851,Danilo Fuzaro,23.11.08_São José,1,29.0,524,1,216,151,66,31,20,32,52,12,2,34,50,12,0,9,7,2,3,1,49,23/24
708457,Felipe Vezaro,23.11.08_São José,1,25.5,1283,1,410,471,269,82,3,72,93,25,10,48,91,36,0,6,2,3,6,6,73,23/24
714249,Franco Baralle,23.11.08_São José,1,22.8,782,0,273,325,111,35,0,43,70,14,5,57,49,18,0,1,4,2,3,3,45,23/24
714245,Gemerson Barbosa,23.11.08_São José,1,25.4,918,1,265,354,198,56,6,59,71,22,2,58,66,23,0,7,2,3,3,7,66,23/24
709202,Leandro Moura,23.11.08_São José,1,5.5,32,0,22,0,0,0,0,5,18,0,0,3,19,0,0,4,0,0,0,0,4,23/24
714195,Luciano Gonzalez,23.11.08_São José,1,25.1,1065,2,351,385,209,79,3,59,71,23,10,48,74,34,0,7,2,2,6,4,60,23/24
714313,Nicolas Copello,23.11.08_São José,1,27.7,1081,4,403,370,139,81,35,68,77,28,9,69,74,29,2,1,7,2,4,9,81,23/24
714226,Rafael Mineiro,23.11.08_São José,1,24.6,1127,1,316,555,167,36,3,67,87,26,8,55,105,27,0,6,2,3,4,8,72,23/24
703456,Renan Lenz,23.11.08_São José,1,26.0,819,2,220,365,134,54,14,39,75,17,3,23,78,20,0,0,8,5,2,7,76,23/24
703343,Winicius Braga,23.11.08_São José,1,18.2,458,0,163,203,65,3,0,28,49,10,1,23,53,6,0,11,4,1,2,3,44,23/24
709501,Yuri Neptune,23.11.08_São José,1,7.8,43,0,26,3,0,0,0,7,21,2,0,8,23,0,0,2,0,0,0,0,2,23/24
713851,Danilo Fuzaro,23.11.08_São José,2,22.3,1042,0,360,383,204,40,0,56,95,21,5,64,88,26,0,7,6,3,7,4,75,23/24
708457,Felipe Vezaro,23.11.08_São José,2,25.4,1073,1,375,413,177,56,7,66,74,23,2,58,75,24,0,10,4,7,4,2,63,23/24
714249,Franco Baralle,23.11.08_São José,2,23.0,1035,0,434,374,97,60,0,78,80,18,7,68,83,23,0,8,5,5,6,3,69,23/24
714245,Gemerson Barbosa,23.11.08_São José,2,21.6,387,0,150,134,63,14,0,22,46,7,2,18,46,8,0,7,14,2,1,2,56,23/24
709202,Leandro Moura,23.11.08_São José,2,5.9,93,0,71,0,0,0,0,14,29,0,0,15,30,0,0,0,0,0,0,0,0,23/24
714195,Luciano Gonzalez,23.11.08_São José,2,25.3,1334,1,461,431,294,97,3,65,82,31,3,52,82,37,0,7,3,2,6,6,71,23/24
714313,Nicolas Copello,23.11.08_São José,2,19.1,530,0,221,188,78,6,0,37,55,9,0,49,41,7,0,10,10,1,2,4,61,23/24
714226,Rafael Mineiro,23.11.08_São José,2,20.4,890,0,293,401,133,23,0,42,82,26,3,47,80,28,0,13,3,1,3,6,65,23/24
703456,Renan Lenz,23.11.08_São José,2,26.1,1484,3,500,517,297,99,15,57,117,32,7,53,117,35,1,0,4,6,10,6,98,23/24
703343,Winicius Braga,23.11.08_São José,2,21.2,787,0,297,368,70,6,0,55,89,12,4,54,95,11,0,9,5,3,4,6,73,23/24
709501,Yuri Neptune,23.11.08_São José,2,18.9,87,0,42,9,12,8,0,11,26,0,0,11,25,1,0,1,0,0,0,0,1,23/24
713851,Danilo Fuzaro,23.11.08_São José,3,25.0,1245,1,543,385,144,81,4,79,118,26,8,89,114,29,0,4,10,6,8,5,97,23/24
708457,Felipe Vezaro,23.11.08_São José,3,25.8,1136,3,412,357,229,72,6,60,88,30,6,68,87,26,0,10,6,3,4,4,68,23/24
714249,Franco Baralle,23.11.08_São José,3,23.3,832,0,385,273,76,35,0,67,72,16,4,64,81,14,0,11,5,3,4,2,54,23/24
714245,Gemerson Barbosa,23.11.08_São José,3,26.0,688,2,300,210,92,34,11,39,71,6,7,50,68,11,0,15,9,3,2,3,64,23/24
709202,Leandro Moura,23.11.08_São José,3,17.3,353,0,181,111,18,0,0,37,66,3,0,43,63,1,0,3,1,0,0,0,6,23/24
714195,Luciano Gonzalez,23.11.08_São José,3,26.7,1836,4,814,588,224,89,36,93,147,42,6,95,144,36,2,9,5,7,8,2,85,23/24
714313,Nicolas Copello,23.11.08_São José,3,26.0,1271,3,552,374,196,58,14,64,113,28,9,93,104,27,1,3,10,5,6,9,107,23/24
714226,Rafael Mineiro,23.11.08_São José,3,21.3,1348,0,601,474,176,11,0,90,143,38,3,78,148,36,0,6,9,4,8,6,97,23/24
703456,Renan Lenz,23.11.08_São José,3,26.1,1695,2,652,686,194,83,21,108,126,27,7,64,148,33,1,0,7,8,9,8,116,23/24
703343,Winicius Braga,23.11.08_São José,3,19.5,698,0,278,309,55,18,0,44,73,17,2,48,79,10,0,18,6,3,2,4,64,23/24
709501,Yuri Neptune,23.11.08_São José,3,18.7,503,0,252,173,35,3,0,31,86,8,3,39,93,6,0,5,3,1,0,0,15,23/24
713851,Danilo Fuzaro,23.11.08_São José,4,25.8,1062,3,329,368,240,54,12,66,108,19,4,50,90,31,1,8,5,3,8,4,78,23/24
708457,Felipe Vezaro,23.11.08_São José,4,19.3,687,0,299,242,70,15,0,47,87,16,1,58,78,14,0,12,5,5,2,1,48,23/24
714249,Franco Baralle,23.11.08_São José,4,23.7,857,0,346,262,138,36,0,58,75,12,7,73,62,20,1,11,5,5,5,1,60,23/24
714245,Gemerson Barbosa,23.11.08_São José,4,24.8,1108,2,381,420,159,94,7,67,87,27,6,62,84,29,0,9,5,4,3,6,73,23/24
709202,Leandro Moura,23.11.08_São José,4,6.9,159,0,116,11,0,0,0,13,48,1,0,25,38,0,0,4,0,0,0,0,4,23/24
714195,Luciano Gonzalez,23.11.08_São José,4,24.1,1502,1,644,564,168,63,1,84,113,21,10,73,98,34,0,5,4,5,8,4,78,23/24
714313,Nicolas Copello,23.11.08_São José,4,25.4,1110,2,499,362,110,59,13,73,102,21,10,74,93,27,0,5,5,3,6,9,93,23/24
714226,Rafael Mineiro,23.11.08_São José,4,26.0,1302,2,444,590,182,18,11,66,133,40,4,53,147,33,0,6,4,4,7,7,89,23/24
703456,Renan Lenz,23.11.08_São José,4,25.0,622,1,297,228,43,6,6,33,96,6,3,31,90,9,0,1,14,8,5,0,72,23/24
703343,Winicius Braga,23.11.08_São José,4,22.6,565,0,260,213,41,7,0,28,90,14,2,32,96,12,0,6,12,3,2,4,70,23/24
709501,Yuri Neptune,23.11.08_São José,4,7.1,156,0,117,13,0,0,0,8,49,2,0,10,50,0,0,3,0,0,0,0,3,23/24
713851,Danilo Fuzaro,23.11.10_Mogi,1,26.5,853,3,259,278,187,66,20,46,68,19,6,38,64,23,0,6,6,1,2,6,61,23/24
708457,Felipe Vezaro,23.11.10_Mogi,1,22.6,958,0,301,339,218,71,0,55,67,19,4,31,64,25,0,1,2,2,6,4,50,23/24
714249,Franco Baralle,23.11.10_Mogi,1,26.1,904,2,284,360,173,26,17,58,72,23,4,72,54,29,1,8,1,1,6,4,58,23/24
714245,Gemerson Barbosa,23.11.10_Mogi,1,27.0,755,4,190,283,144,77,30,21,60,19,7,22,59,22,1,7,2,1,2,6,51,23/24
709202,Leandro Moura,23.11.10_Mogi,1,6.7,97,0,76,1,0,0,0,9,36,0,0,8,39,0,0,8,14,0,0,0,36,23/24
714195,Luciano Gonzalez,23.11.10_Mogi,1,26.0,1232,4,389,457,190,116,30,62,91,29,10,48,93,39,1,5,3,3,8,2,64,23/24
714313,Nicolas Copello,23.11.10_Mogi,1,21.9,548,0,226,191,71,26,0,27,65,9,5,29,54,15,0,7,1,1,3,4,45,23/24
714226,Rafael Mineiro,23.11.10_Mogi,1,21.3,1189,0,363,557,200,23,0,77,96,29,6,50,111,30,0,5,3,2,3,8,72,23/24
703456,Renan Lenz,23.11.10_Mogi,1,26.3,1453,6,413,567,262,77,81,60,124,27,6,52,118,36,1,0,0,4,5,13,94,23/24
703343,Winicius Braga,23.11.10_Mogi,1,6.0,55,0,40,0,0,0,0,5,24,0,0,6,23,0,0,12,1,0,0,0,14,23/24
709501,Yuri Neptune,23.11.10_Mogi,1,20.7,474,0,173,178,80,20,0,26,46,12,3,22,51,14,0,9,1,1,2,3,35,23/24
713851,Danilo Fuzaro,23.11.10_Mogi,2,6.8,105,0,74,8,0,0,0,10,28,1,0,16,24,0,0,30,3,0,0,0,36,23/24
708457,Felipe Vezaro,23.11.10_Mogi,2,26.7,722,3,279,268,65,45,23,51,72,10,1,43,73,9,0,16,4,3,4,1,52,23/24
714249,Franco Baralle,23.11.10_Mogi,2,26.0,1053,2,477,346,125,20,13,82,86,18,5,77,79,21,0,9,8,6,4,1,65,23/24
714245,Gemerson Barbosa,23.11.10_Mogi,2,26.2,718,1,303,233,93,41,7,44,77,15,1,40,75,11,0,16,10,1,4,4,72,23/24
709202,Leandro Moura,23.11.10_Mogi,2,26.4,1220,4,474,447,158,59,28,60,95,22,7,74,81,29,0,11,4,7,6,6,93,23/24
714195,Luciano Gonzalez,23.11.10_Mogi,2,26.1,1629,2,759,487,219,85,13,67,120,37,7,69,113,32,3,7,8,7,7,3,89,23/24
714313,Nicolas Copello,23.11.10_Mogi,2,25.1,1062,2,452,343,144,49,5,57,95,23,8,72,90,23,0,8,8,4,7,6,98,23/24
714226,Rafael Mineiro,23.11.10_Mogi,2,21.8,1383,0,528,596,172,29,0,75,127,32,2,75,122,26,1,11,6,5,7,4,87,23/24
703456,Renan Lenz,23.11.10_Mogi,2,25.9,1403,4,512,549,183,81,24,70,114,20,9,57,102,33,1,0,11,10,7,5,108,23/24
703343,Winicius Braga,23.11.10_Mogi,2,18.8,492,0,167,208,81,6,0,29,47,14,1,28,51,14,0,0,2,3,3,0,25,23/24
709501,Yuri Neptune,23.11.10_Mogi,2,26.0,557,1,266,138,62,40,10,31,71,7,3,30,67,9,0,23,5,1,2,4,59,23/24
713851,Danilo Fuzaro,23.11.10_Mogi,3,28.4,1022,1,447,351,112,18,20,55,93,28,10,60,93,27,1,10,9,5,6,5,91,23/24
708457,Felipe Vezaro,23.11.10_Mogi,3,23.6,1201,0,483,418,186,45,0,69,106,27,4,68,102,25,0,12,6,6,5,1,66,23/24
714249,Franco Baralle,23.11.10_Mogi,3,26.0,1226,3,484,410,204,40,10,77,99,29,6,86,93,30,0,6,5,6,7,2,75,23/24
714245,Gemerson Barbosa,23.11.10_Mogi,3,27.1,554,1,211,191,73,25,12,42,62,9,3,46,60,8,0,14,6,3,3,2,54,23/24
709202,Leandro Moura,23.11.10_Mogi,3,18.2,225,0,86,84,28,2,0,13,38,6,1,17,38,4,0,27,7,0,0,0,41,23/24
714195,Luciano Gonzalez,23.11.10_Mogi,3,25.2,1352,3,577,409,214,74,13,63,113,24,7,66,101,33,0,8,7,5,7,2,71,23/24
714313,Nicolas Copello,23.11.10_Mogi,3,19.9,770,0,422,197,92,4,0,54,83,15,0,68,73,10,0,16,8,6,3,1,66,23/24
714226,Rafael Mineiro,23.11.10_Mogi,3,23.1,1691,0,638,678,252,44,0,92,162,40,7,89,157,49,0,4,8,7,10,7,111,23/24
703456,Renan Lenz,23.11.10_Mogi,3,26.4,1391,6,567,484,143,81,51,62,113,36,7,66,116,30,1,1,12,8,9,4,106,23/24
703343,Winicius Braga,23.11.10_Mogi,3,0.0,0,0,0,0,0,0,0,0,0,0,0,0,0,0,0,0,0,0,0,0,0,23/24
709501,Yuri Neptune,23.11.10_Mogi,3,19.8,227,0,137,46,13,5,0,15,45,3,0,14,46,1,0,10,1,1,0,0,15,23/24
713851,Danilo Fuzaro,23.11.10_Mogi,4,25.9,1402,1,626,451,200,39,5,75,120,28,8,79,104,38,0,9,9,6,9,5,107,23/24
708457,Felipe Vezaro,23.11.10_Mogi,4,21.7,612,0,277,204,75,10,0,39,73,8,1,46,68,9,0,9,3,3,2,0,32,23/24
714249,Franco Baralle,23.11.10_Mogi,4,22.1,919,0,454,274,101,15,0,64,88,12,8,80,75,17,0,11,4,4,6,0,56,23/24
714245,Gemerson Barbosa,23.11.10_Mogi,4,22.5,391,0,220,92,36,7,0,25,55,3,3,32,50,6,0,18,3,2,3,1,42,23/24
709202,Leandro Moura,23.11.10_Mogi,4,9.9,158,0,114,11,0,0,0,17,51,1,0,18,50,1,0,29,4,1,0,0,39,23/24
714195,Luciano Gonzalez,23.11.10_Mogi,4,23.8,2013,0,1004,587,235,82,0,113,162,35,10,110,166,33,0,8,12,10,7,1,93,23/24
714313,Nicolas Copello,23.11.10_Mogi,4,26.0,946,1,495,241,95,44,8,55,89,17,8,66,92,17,0,15,7,4,3,5,81,23/24
714226,Rafael Mineiro,23.11.10_Mogi,4,19.2,1583,0,699,620,169,11,0,82,172,36,7,86,172,32,0,12,8,5,9,4,98,23/24
703456,Renan Lenz,23.11.10_Mogi,4,22.3,1474,0,698,539,133,27,0,77,136,33,4,74,132,33,0,2,12,9,12,3,116,23/24
703343,Winicius Braga,23.11.10_Mogi,4,5.1,6,0,5,0,0,0,0,0,1,0,0,1,0,0,0,1,0,0,0,0,1,23/24
709501,Yuri Neptune,23.11.10_Mogi,4,6.7,161,0,116,13,0,0,0,8,51,2,0,16,47,0,0,8,0,0,0,0,8,23/24
692169,Alexandre Paranhos,23.11.16_Bauru,1,26.0,649,1,201,313,76,13,7,41,64,19,2,37,69,18,1,2,3,3,4,2,40,23/24
713851,Danilo Fuzaro,23.11.16_Bauru,1,26.0,701,1,228,255,135,39,6,40,68,11,7,42,74,15,0,5,5,2,3,3,48,23/24
708457,Felipe Vezaro,23.11.16_Bauru,1,26.1,1321,1,334,645,242,54,11,87,74,26,10,69,79,33,0,0,4,2,3,9,70,23/24
714249,Franco Baralle,23.11.16_Bauru,1,21.0,909,0,277,385,192,19,0,67,61,20,5,63,62,22,0,5,3,1,3,6,56,23/24
714245,Gemerson Barbosa,23.11.16_Bauru,1,22.4,552,0,167,245,88,23,0,37,55,13,2,37,54,10,0,3,2,2,5,4,54,23/24
709202,Leandro Moura,23.11.16_Bauru,1,18.0,140,0,101,10,5,1,0,16,38,0,1,17,38,1,0,11,4,0,0,0,19,23/24
714195,Luciano Gonzalez,23.11.16_Bauru,1,26.0,831,2,290,305,133,54,18,40,55,15,2,40,60,14,0,6,2,2,5,0,36,23/24
714313,Nicolas Copello,23.11.16_Bauru,1,26.1,534,2,209,174,73,31,16,32,53,8,2,38,48,11,0,7,3,2,3,2,44,23/24
714226,Rafael Mineiro,23.11.16_Bauru,1,24.3,908,1,267,401,164,34,1,58,81,27,6,52,85,28,0,6,2,2,2,6,51,23/24
703456,Renan Lenz,23.11.16_Bauru,1,24.4,951,1,226,419,223,54,5,46,66,16,4,38,65,23,0,0,4,4,2,5,54,23/24
703343,Winicius Braga,23.11.16_Bauru,1,6.1,50,0,35,0,0,0,0,7,27,0,0,9,24,0,0,9,1,0,0,0,11,23/24
709501,Yuri Neptune,23.11.16_Bauru,1,11.9,166,0,98,47,0,0,0,6,53,2,0,9,52,0,0,11,2,1,0,0,17,23/24
692169,Alexandre Paranhos,23.11.16_Bauru,2,26.6,1129,3,434,438,123,60,26,47,100,22,3,37,95,29,1,5,2,2,8,2,55,23/24
713851,Danilo Fuzaro,23.11.16_Bauru,2,26.2,1496,4,468,548,282,121,22,73,106,32,12,59,109,38,1,1,7,4,6,8,94,23/24
708457,Felipe Vezaro,23.11.16_Bauru,2,20.0,649,0,251,229,120,10,0,38,66,10,3,38,51,14,1,14,4,4,3,1,49,23/24
714249,Franco Baralle,23.11.16_Bauru,2,26.3,1361,3,570,438,200,63,22,86,100,20,10,89,75,36,0,4,5,5,9,4,83,23/24
714245,Gemerson Barbosa,23.11.16_Bauru,2,25.7,888,1,326,309,168,42,4,45,87,10,1,46,80,15,0,3,11,4,5,5,78,23/24
709202,Leandro Moura,23.11.16_Bauru,2,7.6,136,0,107,12,0,0,0,9,30,1,0,15,26,0,0,10,2,1,0,0,22,23/24
714195,Luciano Gonzalez,23.11.16_Bauru,2,26.8,838,2,352,266,102,51,35,36,64,15,5,37,58,20,1,9,3,3,4,1,42,23/24
714313,Nicolas Copello,23.11.16_Bauru,2,24.3,410,1,222,100,50,9,3,26,42,7,1,29,33,9,0,16,5,3,2,1,47,23/24
714226,Rafael Mineiro,23.11.16_Bauru,2,19.6,765,0,259,303,158,11,0,42,62,16,5,33,61,23,0,16,2,2,2,4,54,23/24
703456,Renan Lenz,23.11.16_Bauru,2,27.6,1204,3,368,536,161,51,46,52,87,24,6,53,96,22,2,0,8,8,7,4,87,23/24
703343,Winicius Braga,23.11.16_Bauru,2,7.3,130,0,109,4,0,0,0,10,22,2,0,12,25,0,0,3,0,0,0,0,3,23/24
709501,Yuri Neptune,23.11.16_Bauru,2,17.4,437,0,196,151,71,0,0,19,45,6,0,24,47,2,0,10,3,1,2,2,34,23/24
692169,Alexandre Paranhos,23.11.16_Bauru,3,26.6,982,6,294,420,130,52,48,51,70,15,12,50,82,21,0,4,2,2,4,5,52,23/24
713851,Danilo Fuzaro,23.11.16_Bauru,3,27.7,662,2,215,254,101,34,21,41,63,11,5,41,62,17,0,3,9,2,4,2,53,23/24
708457,Felipe Vezaro,23.11.16_Bauru,3,24.9,929,2,255,428,182,24,5,61,60,22,5,52,63,20,1,6,4,1,2,4,47,23/24
714249,Franco Baralle,23.11.16_Bauru,3,26.1,895,1,293,333,163,51,12,52,61,27,4,69,59,22,0,7,3,2,4,3,53,23/24
714245,Gemerson Barbosa,23.11.16_Bauru,3,28.0,803,2,224,311,138,65,26,45,74,19,4,37,74,19,1,6,3,1,4,5,56,23/24
709202,Leandro Moura,23.11.16_Bauru,3,5.7,84,0,67,0,0,0,0,12,22,0,0,11,24,0,0,13,1,0,0,0,16,23/24
714195,Luciano Gonzalez,23.11.16_Bauru,3,26.4,1466,8,492,447,249,129,91,77,104,30,11,72,97,35,3,2,4,3,8,4,67,23/24
714313,Nicolas Copello,23.11.16_Bauru,3,22.0,505,0,203,192,68,15,0,37,52,9,0,39,41,9,0,12,1,2,4,2,43,23/24
714226,Rafael Mineiro,23.11.16_Bauru,3,20.4,767,0,228,359,148,6,0,52,61,10,3,37,70,7,0,10,2,1,2,5,50,23/24
703456,Renan Lenz,23.11.16_Bauru,3,21.8,646,0,197,299,102,15,0,41,62,10,4,28,68,14,0,1,11,3,3,2,55,23/24
703343,Winicius Braga,23.11.16_Bauru,3,6.7,52,0,36,3,0,0,0,6,22,0,0,7,21,0,0,3,0,0,0,0,4,23/24
709501,Yuri Neptune,23.11.16_Bauru,3,7.2,86,0,67,4,0,0,0,6,27,1,0,7,26,0,0,3,0,0,0,0,3,23/24
692169,Alexandre Paranhos,23.11.16_Bauru,4,6.0,63,0,41,0,0,0,0,13,30,0,0,16,28,0,0,1,0,0,0,0,1,23/24
713851,Danilo Fuzaro,23.11.16_Bauru,4,26.0,1135,1,402,378,231,58,15,60,97,26,2,58,92,28,0,2,5,2,5,8,75,23/24
708457,Felipe Vezaro,23.11.16_Bauru,4,26.1,1159,2,313,446,250,95,13,66,80,29,7,55,73,39,0,5,3,2,5,6,69,23/24
714249,Franco Baralle,23.11.16_Bauru,4,5.5,47,0,38,0,0,0,0,3,9,0,0,10,4,0,0,13,0,0,0,0,13,23/24
714245,Gemerson Barbosa,23.11.16_Bauru,4,25.4,1220,3,361,441,290,74,13,54,95,18,6,55,85,25,0,2,3,3,5,8,77,23/24
709202,Leandro Moura,23.11.16_Bauru,4,27.5,570,2,186,255,61,11,23,33,57,5,3,39,56,4,1,9,3,2,2,2,42,23/24
714195,Luciano Gonzalez,23.11.16_Bauru,4,6.1,46,0,38,0,0,0,0,6,7,0,0,7,6,0,0,11,0,0,0,0,11,23/24
714313,Nicolas Copello,23.11.16_Bauru,4,22.3,1337,0,524,444,260,49,0,73,91,40,6,78,101,32,0,0,3,4,8,6,81,23/24
714226,Rafael Mineiro,23.11.16_Bauru,4,6.6,53,0,41,1,0,0,0,4,18,0,0,2,21,0,0,12,0,0,0,0,12,23/24
703456,Renan Lenz,23.11.16_Bauru,4,26.4,1438,4,431,572,230,100,53,73,101,34,10,68,101,39,1,0,4,4,6,6,77,23/24
703343,Winicius Braga,23.11.16_Bauru,4,21.8,666,0,189,355,71,22,0,38,76,10,0,40,67,11,0,1,1,2,4,3,37,23/24
709501,Yuri Neptune,23.11.16_Bauru,4,21.0,568,0,182,230,114,14,0,35,61,10,2,23,69,10,0,4,1,1,2,2,28,23/24
692169,Alexandre Paranhos,23.11.18_Franca,1,25.8,1003,1,323,462,145,27,3,58,85,16,3,44,92,24,0,7,1,2,6,4,57,23/24
713851,Danilo Fuzaro,23.11.18_Franca,1,25.8,595,1,242,228,69,11,6,39,74,12,3,49,61,14,0,8,3,3,4,1,45,23/24
708457,Felipe Vezaro,23.11.18_Franca,1,21.5,1277,0,366,529,283,57,0,78,95,20,8,59,99,26,0,2,2,4,6,6,69,23/24
714249,Franco Baralle,23.11.18_Franca,1,22.1,859,0,279,375,137,31,0,54,71,16,4,48,78,16,1,8,3,0,4,5,57,23/24
714245,Gemerson Barbosa,23.11.18_Franca,1,26.2,422,1,122,168,79,18,9,24,49,10,1,23,50,7,1,7,2,1,3,1,31,23/24
709202,Leandro Moura,23.11.18_Franca,1,9.8,102,0,68,8,0,0,0,12,37,4,0,16,41,0,0,15,4,0,0,0,24,23/24
714195,Luciano Gonzalez,23.11.18_Franca,1,26.6,1226,3,389,411,252,94,31,58,97,28,5,59,86,34,1,4,2,3,6,6,68,23/24
714313,Nicolas Copello,23.11.18_Franca,1,25.7,623,1,286,168,104,19,7,41,66,13,1,36,59,13,0,8,1,4,5,1,50,23/24
714226,Rafael Mineiro,23.11.18_Franca,1,22.7,1080,0,354,477,186,22,0,55,95,27,2,46,89,28,0,5,2,3,5,5,63,23/24
703456,Renan Lenz,23.11.18_Franca,1,26.1,584,2,199,221,82,32,16,24,70,13,1,24,71,14,0,0,9,4,5,2,60,23/24
703343,Winicius Braga,23.11.18_Franca,1,7.1,63,0,42,6,0,0,0,7,26,0,0,13,21,0,0,15,3,0,0,0,20,23/24
709501,Yuri Neptune,23.11.18_Franca,1,6.9,92,0,68,2,0,0,0,6,46,0,0,6,48,0,0,6,0,0,0,0,6,23/24
692169,Alexandre Paranhos,23.11.18_Franca,2,25.0,898,1,358,334,113,42,5,51,68,19,8,53,78,19,0,5,3,1,5,4,51,23/24
713851,Danilo Fuzaro,23.11.18_Franca,2,26.2,924,2,409,295,108,43,13,50,92,23,3,61,85,16,1,13,7,4,8,1,72,23/24
708457,Felipe Vezaro,23.11.18_Franca,2,21.4,710,0,244,251,141,35,0,48,60,6,3,45,57,13,0,18,4,2,3,3,55,23/24
714249,Franco Baralle,23.11.18_Franca,2,21.2,1159,0,498,386,186,39,0,57,79,20,9,77,70,21,0,10,7,5,7,2,78,23/24
714245,Gemerson Barbosa,23.11.18_Franca,2,26.7,696,1,283,241,94,30,9,37,71,14,4,33,73,11,1,17,4,2,5,1,57,23/24
709202,Leandro Moura,23.11.18_Franca,2,5.9,119,0,96,0,0,0,0,12,34,0,0,10,35,0,0,13,0,0,0,0,14,23/24
714195,Luciano Gonzalez,23.11.18_Franca,2,26.2,806,2,317,272,107,53,19,42,72,18,3,49,71,14,0,8,3,1,3,2,37,23/24
714313,Nicolas Copello,23.11.18_Franca,2,24.3,1065,1,504,339,122,40,1,59,91,33,3,78,89,22,0,10,3,6,8,5,90,23/24
714226,Rafael Mineiro,23.11.18_Franca,2,24.4,1443,1,484,619,249,28,3,65,132,31,7,63,139,29,0,6,6,4,8,8,100,23/24
703456,Renan Lenz,23.11.18_Franca,2,25.8,792,1,350,302,60,29,5,47,86,14,3,38,88,16,0,3,16,5,6,2,83,23/24
703343,Winicius Braga,23.11.18_Franca,2,6.4,102,0,70,9,0,0,0,10,32,1,0,11,33,0,0,11,0,0,0,0,11,23/24
709501,Yuri Neptune,23.11.18_Franca,2,6.0,141,0,119,0,0,0,0,8,43,0,0,9,40,1,0,0,0,0,0,0,0,23/24
692169,Alexandre Paranhos,23.11.18_Franca,3,20.6,547,0,212,227,71,7,0,36,52,12,0,25,58,10,0,4,1,1,4,1,30,23/24
713851,Danilo Fuzaro,23.11.18_Franca,3,25.4,826,1,338,260,169,16,3,44,69,22,3,42,69,24,0,11,2,3,5,3,56,23/24
708457,Felipe Vezaro,23.11.18_Franca,3,26.5,1490,1,495,538,334,53,12,86,111,32,8,85,110,33,0,1,2,5,6,11,97,23/24
714249,Franco Baralle,23.11.18_Franca,3,21.5,711,0,244,283,130,19,0,43,55,10,7,40,50,22,0,5,2,3,5,1,43,23/24
714245,Gemerson Barbosa,23.11.18_Franca,3,26.3,1410,4,443,522,251,104,34,63,115,20,14,62,108,33,0,2,2,2,6,10,86,23/24
709202,Leandro Moura,23.11.18_Franca,3,6.0,88,0,66,0,0,0,0,10,37,0,0,11,38,0,0,5,0,0,0,0,5,23/24
714195,Luciano Gonzalez,23.11.18_Franca,3,0.0,0,0,0,0,0,0,0,0,0,0,0,0,0,0,0,0,0,0,0,0,0,23/24
714313,Nicolas Copello,23.11.18_Franca,3,25.2,721,1,304,272,86,19,3,48,66,15,4,44,65,18,0,11,2,2,5,4,62,23/24
714226,Rafael Mineiro,23.11.18_Franca,3,23.4,988,0,296,405,216,19,0,48,101,28,6,49,113,23,0,8,3,3,6,6,73,23/24
703456,Renan Lenz,23.11.18_Franca,3,23.4,470,0,197,155,62,26,0,20,58,6,2,12,59,8,0,13,7,1,2,2,45,23/24
703343,Winicius Braga,23.11.18_Franca,3,11.4,44,0,28,4,0,0,0,5,20,0,1,8,19,2,0,4,0,0,0,0,4,23/24
709501,Yuri Neptune,23.11.18_Franca,3,8.0,104,0,72,7,0,0,0,9,45,4,0,9,50,1,0,1,0,0,0,0,1,23/24
692169,Alexandre Paranhos,23.11.18_Franca,4,26.1,423,1,196,160,14,9,10,25,57,14,0,37,54,10,0,4,2,1,2,0,20,23/24
713851,Danilo Fuzaro,23.11.18_Franca,4,24.4,1109,1,400,373,209,68,2,46,89,36,10,54,97,35,1,4,11,4,6,3,79,23/24
708457,Felipe Vezaro,23.11.18_Franca,4,26.6,1029,1,438,362,129,25,13,51,91,21,4,67,98,15,0,15,8,4,4,3,73,23/24
714249,Franco Baralle,23.11.18_Franca,4,18.9,451,0,216,137,62,2,0,36,38,9,1,42,36,7,0,11,2,1,3,0,30,23/24
714245,Gemerson Barbosa,23.11.18_Franca,4,26.7,656,3,237,226,79,37,28,42,80,14,3,53,71,11,1,14,9,3,2,5,75,23/24
709202,Leandro Moura,23.11.18_Franca,4,10.5,95,0,60,13,0,0,0,12,30,2,0,20,25,0,0,8,0,0,0,0,9,23/24
714195,Luciano Gonzalez,23.11.18_Franca,4,0.0,0,0,0,0,0,0,0,0,0,0,0,0,0,0,0,0,0,0,0,0,0,23/24
714313,Nicolas Copello,23.11.18_Franca,4,25.4,1239,1,550,396,157,53,8,51,120,25,10,102,95,21,0,4,9,10,7,5,101,23/24
714226,Rafael Mineiro,23.11.18_Franca,4,21.8,1474,0,581,584,181,57,0,81,138,44,3,83,152,32,0,4,9,7,8,7,107,23/24
703456,Renan Lenz,23.11.18_Franca,4,25.2,796,1,330,293,96,24,3,44,90,13,3,40,88,15,0,14,10,2,5,3,74,23/24
703343,Winicius Braga,23.11.18_Franca,4,10.5,64,0,43,5,0,0,0,6,23,1,1,7,23,0,0,4,0,0,0,0,4,23/24
709501,Yuri Neptune,23.11.18_Franca,4,11.8,184,0,138,15,0,0,0,10,61,1,0,19,57,0,0,2,0,0,0,0,2,23/24
692169,Alexandre Paranhos,23.11.23_São Paulo,1,26.1,767,1,219,343,141,26,9,39,50,27,6,37,61,25,0,7,0,2,3,4,44,23/24
713851,Danilo Fuzaro,23.11.23_São Paulo,1,23.8,810,0,213,318,202,38,0,50,70,23,4,40,70,29,0,1,6,2,3,6,61,23/24
708457,Felipe Vezaro,23.11.23_São Paulo,1,25.9,661,1,162,306,137,8,11,42,63,12,3,44,59,15,0,2,3,2,2,2,30,23/24
714249,Franco Baralle,23.11.23_São Paulo,1,22.5,1163,0,417,503,156,31,0,75,91,27,7,69,93,32,0,1,3,3,6,5,66,23/24
714245,Gemerson Barbosa,23.11.23_São Paulo,1,26.0,725,3,220,275,162,31,10,46,57,13,3,37,50,18,1,4,1,1,5,3,42,23/24
714195,Luciano Gonzalez,23.11.23_São Paulo,1,26.0,1159,3,342,477,207,72,26,47,82,29,5,62,62,35,0,4,1,2,7,4,59,23/24
714313,Nicolas Copello,23.11.23_São Paulo,1,21.4,343,0,115,107,79,20,0,20,34,8,4,29,31,11,0,5,1,2,2,0,21,23/24
714226,Rafael Mineiro,23.11.23_São Paulo,1,23.7,990,0,283,512,128,30,0,58,90,24,5,55,85,26,0,4,2,2,4,6,60,23/24
703456,Renan Lenz,23.11.23_São Paulo,1,17.9,359,0,123,147,65,0,0,13,51,1,5,19,47,5,0,0,8,6,3,0,49,23/24
692169,Alexandre Paranhos,23.11.23_São Paulo,2,25.9,765,1,321,286,82,26,8,42,78,14,4,43,76,20,0,6,1,2,3,3,42,23/24
713851,Danilo Fuzaro,23.11.23_São Paulo,2,19.4,706,0,324,210,113,20,0,36,64,9,4,33,54,17,0,6,10,3,2,4,62,23/24
708457,Felipe Vezaro,23.11.23_São Paulo,2,26.0,1549,2,567,556,271,83,10,82,119,28,6,90,94,40,0,0,5,6,4,8,87,23/24
714249,Franco Baralle,23.11.23_São Paulo,2,26.0,986,1,465,337,108,11,7,69,77,11,2,60,65,21,0,9,3,3,7,2,64,23/24
714245,Gemerson Barbosa,23.11.23_São Paulo,2,27.3,1251,2,412,436,244,88,24,64,85,19,8,51,93,28,0,2,6,5,5,6,81,23/24
714195,Luciano Gonzalez,23.11.23_São Paulo,2,26.0,945,4,419,271,130,60,31,55,57,13,3,31,60,15,1,11,3,3,4,2,50,23/24
714313,Nicolas Copello,23.11.23_São Paulo,2,26.6,1084,1,453,432,119,31,12,57,69,25,3,70,79,12,1,6,4,8,5,2,65,23/24
714226,Rafael Mineiro,23.11.23_São Paulo,2,22.5,841,0,361,299,113,30,0,52,65,15,4,48,69,18,0,13,3,2,5,2,53,23/24
703456,Renan Lenz,23.11.23_São Paulo,2,19.6,828,0,288,329,155,19,0,48,72,9,3,39,59,21,0,1,12,4,5,4,71,23/24
692169,Alexandre Paranhos,23.11.23_São Paulo,3,24.3,1097,1,364,495,133,63,2,49,101,23,3,71,78,28,0,3,1,2,7,6,65,23/24
713851,Danilo Fuzaro,23.11.23_São Paulo,3,26.4,1074,3,452,332,157,57,24,42,107,18,11,53,87,35,0,1,6,3,4,9,79,23/24
708457,Felipe Vezaro,23.11.23_São Paulo,3,21.6,687,0,325,229,78,12,0,49,60,13,2,49,57,11,0,9,3,3,2,1,38,23/24
714249,Franco Baralle,23.11.23_São Paulo,3,24.1,1016,1,421,338,151,58,2,62,76,21,5,60,72,19,0,7,3,3,6,2,57,23/24
714245,Gemerson Barbosa,23.11.23_São Paulo,3,26.0,739,1,221,275,158,49,8,43,64,12,5,38,56,16,0,9,3,2,5,3,54,23/24
714195,Luciano Gonzalez,23.11.23_São Paulo,3,26.1,1049,1,308,385,220,82,24,38,69,17,7,36,59,28,0,7,2,1,6,4,55,23/24
714313,Nicolas Copello,23.11.23_São Paulo,3,22.6,606,0,249,241,52,31,0,37,57,12,5,40,67,10,0,9,3,3,5,1,49,23/24
714226,Rafael Mineiro,23.11.23_São Paulo,3,20.8,999,0,346,414,164,31,0,50,94,30,5,40,108,25,0,7,2,3,6,4,62,23/24
703456,Renan Lenz,23.11.23_São Paulo,3,20.6,420,0,177,170,41,6,0,28,47,6,1,28,49,5,0,2,12,4,3,1,53,23/24
692169,Alexandre Paranhos,23.11.23_São Paulo,4,22.7,1283,0,518,546,140,13,0,76,113,33,9,73,133,29,0,4,5,3,8,5,79,23/24
713851,Danilo Fuzaro,23.11.23_São Paulo,4,15.6,87,0,53,11,4,0,0,9,26,2,0,11,25,2,0,15,10,1,0,0,39,23/24
708457,Felipe Vezaro,23.11.23_São Paulo,4,21.7,1113,0,437,408,177,23,0,77,88,23,3,75,89,19,0,7,3,5,5,3,61,23/24
714249,Franco Baralle,23.11.23_São Paulo,4,26.1,1099,2,456,396,141,27,11,59,89,22,9,83,72,27,0,9,5,4,5,3,66,23/24
714245,Gemerson Barbosa,23.11.23_São Paulo,4,24.0,371,0,194,81,40,25,0,25,56,6,2,20,59,5,0,17,6,1,2,1,40,23/24
714195,Luciano Gonzalez,23.11.23_São Paulo,4,25.3,1211,1,510,462,129,53,4,62,86,23,4,50,85,23,0,8,5,5,6,2,65,23/24
714313,Nicolas Copello,23.11.23_São Paulo,4,26.0,1533,3,572,595,206,90,10,79,112,34,8,79,128,28,0,0,3,7,11,5,97,23/24
714226,Rafael Mineiro,23.11.23_São Paulo,4,26.2,1388,1,516,589,184,27,11,70,127,27,10,80,122,30,1,3,7,4,8,4,81,23/24
703456,Renan Lenz,23.11.23_São Paulo,4,21.0,266,0,134,81,15,13,0,17,37,4,1,17,39,2,0,1,2,4,8,8,86,23/24
692169,Alexandre Paranhos,23.11.25_Paulistano,1,24.8,650,1,182,272,140,22,5,46,51,18,6,36,55,22,0,5,1,0,4,3,38,23/24
713851,Danilo Fuzaro,23.11.25_Paulistano,1,26.0,814,3,213,286,205,45,19,49,74,18,7,39,73,26,0,2,7,1,2,7,65,23/24
708457,Felipe Vezaro,23.11.25_Paulistano,1,26.0,662,2,207,244,119,37,19,48,60,10,6,42,62,13,0,6,0,1,2,5,37,23/24
714249,Franco Baralle,23.11.25_Paulistano,1,24.8,1012,1,341,437,150,24,6,67,91,22,4,64,67,34,0,3,3,2,8,3,63,23/24
714245,Gemerson Barbosa,23.11.25_Paulistano,1,27.0,956,3,258,390,201,51,22,48,70,15,6,47,70,16,1,3,2,2,5,4,55,23/24
714195,Luciano Gonzalez,23.11.25_Paulistano,1,26.1,1074,2,351,359,229,88,11,45,61,34,8,41,68,35,0,3,3,2,7,3,57,23/24
714226,Rafael Mineiro,23.11.25_Paulistano,1,25.1,1032,1,255,496,184,55,3,42,83,35,7,37,99,30,1,5,3,2,5,6,63,23/24
703456,Renan Lenz,23.11.25_Paulistano,1,18.2,405,0,129,190,62,2,0,22,52,7,2,20,54,10,0,0,11,4,2,3,58,23/24
709501,Yuri Neptune,23.11.25_Paulistano,1,6.5,59,0,44,2,0,0,0,8,19,0,0,11,19,0,0,8,0,0,0,0,9,23/24
692169,Alexandre Paranhos,23.11.25_Paulistano,2,20.5,640,0,244,283,60,17,0,37,57,17,2,38,54,20,0,3,2,1,3,3,35,23/24
713851,Danilo Fuzaro,23.11.25_Paulistano,2,26.1,717,1,286,270,101,3,5,41,84,15,2,51,74,15,1,7,9,4,7,1,66,23/24
708457,Felipe Vezaro,23.11.25_Paulistano,2,23.6,977,0,360,398,151,19,0,55,93,15,4,64,76,20,1,8,6,5,2,6,71,23/24
714249,Franco Baralle,23.11.25_Paulistano,2,21.7,843,0,374,285,114,24,0,59,51,14,7,50,56,22,0,2,3,3,4,2,41,23/24
714245,Gemerson Barbosa,23.11.25_Paulistano,2,25.8,1174,4,422,407,199,77,10,66,104,25,9,54,102,29,1,2,9,4,8,4,83,23/24
714195,Luciano Gonzalez,23.11.25_Paulistano,2,26.1,1092,2,431,324,168,89,25,66,85,24,11,67,98,33,0,7,3,3,8,1,59,23/24
714226,Rafael Mineiro,23.11.25_Paulistano,2,21.3,1172,0,409,513,180,23,0,74,108,21,3,66,113,18,0,9,5,5,6,2,68,23/24
703456,Renan Lenz,23.11.25_Paulistano,2,19.2,495,0,226,202,41,3,0,25,50,9,4,27,52,10,0,1,18,2,2,4,71,23/24
709501,Yuri Neptune,23.11.25_Paulistano,2,6.3,108,0,85,2,0,0,0,8,39,0,0,10,37,0,0,1,0,0,0,0,1,23/24
692169,Alexandre Paranhos,23.11.25_Paulistano,3,21.4,687,0,206,298,123,20,0,38,66,22,4,40,78,19,0,1,1,2,6,1,39,23/24
713851,Danilo Fuzaro,23.11.25_Paulistano,3,24.6,742,1,236,321,114,23,3,49,79,19,2,36,69,25,0,10,3,2,5,4,59,23/24
708457,Felipe Vezaro,23.11.25_Paulistano,3,22.7,1209,0,378,513,217,43,0,68,96,23,9,61,85,32,0,3,4,4,5,7,77,23/24
714249,Franco Baralle,23.11.25_Paulistano,3,21.1,993,0,427,373,113,17,0,87,74,20,11,74,86,18,0,5,4,3,3,2,46,23/24
714245,Gemerson Barbosa,23.11.25_Paulistano,3,24.1,1070,1,325,468,184,56,1,61,70,25,5,45,84,22,0,4,6,3,5,5,69,23/24
714195,Luciano Gonzalez,23.11.25_Paulistano,3,26.1,1017,2,377,401,139,49,16,65,70,17,8,60,67,21,1,5,3,2,5,2,52,23/24
714226,Rafael Mineiro,23.11.25_Paulistano,3,20.2,820,0,305,333,135,10,0,37,73,20,8,50,64,29,0,9,4,2,3,5,58,23/24
703456,Renan Lenz,23.11.25_Paulistano,3,20.8,554,0,211,236,64,15,0,23,56,13,0,29,57,9,0,1,12,2,4,4,66,23/24
709501,Yuri Neptune,23.11.25_Paulistano,3,5.3,69,0,55,0,0,0,0,5,27,0,0,5,27,0,0,1,0,0,0,0,1,23/24
692169,Alexandre Paranhos,23.11.25_Paulistano,4,26.3,1225,2,423,526,167,49,9,76,112,24,9,66,112,30,1,6,4,5,4,7,79,23/24
713851,Danilo Fuzaro,23.11.25_Paulistano,4,5.1,50,0,29,0,0,0,0,13,23,0,0,14,23,0,0,22,3,0,0,0,27,23/24
708457,Felipe Vezaro,23.11.25_Paulistano,4,24.2,1596,1,562,646,256,65,1,72,136,40,8,87,117,47,0,1,7,6,6,8,98,23/24
714249,Franco Baralle,23.11.25_Paulistano,4,22.6,1073,0,465,336,152,49,0,57,88,25,9,78,71,30,0,7,4,4,6,2,60,23/24
714245,Gemerson Barbosa,23.11.25_Paulistano,4,25.8,475,1,195,143,74,18,4,29,66,12,2,29,71,10,0,15,7,2,4,0,51,23/24
714195,Luciano Gonzalez,23.11.25_Paulistano,4,25.2,1497,1,568,530,239,82,3,88,109,29,10,72,105,42,0,6,4,6,8,2,75,23/24
714226,Rafael Mineiro,23.11.25_Paulistano,4,25.2,1157,1,438,483,157,21,2,68,104,27,4,66,100,26,1,10,7,3,5,3,68,23/24
703456,Renan Lenz,23.11.25_Paulistano,4,17.0,451,0,125,245,60,0,0,32,47,9,1,28,45,7,0,5,17,2,1,4,67,23/24
709501,Yuri Neptune,23.11.25_Paulistano,4,24.4,277,1,134,78,14,21,3,20,47,3,1,16,46,4,0,3,2,1,0,0,10,23/24
692169,Alexandre Paranhos,23.11.29_Unifacisa,1,21.0,651,0,181,331,80,21,0,46,57,24,4,35,77,18,0,5,0,1,3,4,42,23/24
713851,Danilo Fuzaro,23.11.29_Unifacisa,1,26.0,1102,1,293,443,264,48,8,55,98,27,10,65,89,36,0,0,2,2,2,11,73,23/24
708457,Felipe Vezaro,23.11.29_Unifacisa,1,24.6,354,2,126,134,32,36,5,18,46,6,3,20,43,8,0,4,1,0,1,1,17,23/24
714249,Franco Baralle,23.11.29_Unifacisa,1,25.9,795,1,308,312,117,14,8,56,62,12,5,49,61,17,0,5,2,3,3,3,46,23/24
714245,Gemerson Barbosa,23.11.29_Unifacisa,1,27.3,770,4,181,297,176,62,32,31,62,13,6,27,53,21,0,5,1,1,2,6,47,23/24
709202,Leandro Moura,23.11.29_Unifacisa,1,15.1,171,0,91,44,14,0,0,14,36,2,0,21,35,2,0,9,6,1,1,0,28,23/24
714195,Luciano Gonzalez,23.11.29_Unifacisa,1,24.3,1151,1,339,431,258,89,2,39,89,21,6,51,72,30,0,3,2,2,5,3,51,23/24
714313,Nicolas Copello,23.11.29_Unifacisa,1,23.0,634,0,248,215,116,26,0,37,46,15,1,45,52,10,0,5,2,2,4,2,38,23/24
714226,Rafael Mineiro,23.11.29_Unifacisa,1,23.8,1023,0,250,493,201,49,0,56,80,27,5,61,73,34,0,4,1,1,3,8,57,23/24
703456,Renan Lenz,23.11.29_Unifacisa,1,22.0,275,0,76,132,37,17,0,13,26,8,0,16,31,5,0,0,11,3,1,2,44,23/24
703343,Winicius Braga,23.11.29_Unifacisa,1,5.4,20,0,13,0,0,0,0,4,12,0,0,2,14,0,0,6,0,0,0,0,6,23/24
709501,Yuri Neptune,23.11.29_Unifacisa,1,25.0,157,1,77,41,13,6,2,9,39,3,2,7,43,3,0,7,1,1,1,0,15,23/24
692169,Alexandre Paranhos,23.11.29_Unifacisa,2,18.7,794,0,297,343,96,6,0,59,75,21,2,54,90,13,0,10,2,1,4,2,46,23/24
713851,Danilo Fuzaro,23.11.29_Unifacisa,2,22.2,712,0,298,234,104,22,0,45,68,21,3,46,67,19,0,0,13,8,3,4,80,23/24
708457,Felipe Vezaro,23.11.29_Unifacisa,2,23.1,1036,0,336,397,198,60,0,52,87,23,8,55,76,27,0,12,3,2,3,4,57,23/24
714249,Franco Baralle,23.11.29_Unifacisa,2,22.6,837,0,333,301,123,23,0,49,65,21,3,77,48,19,0,14,3,3,4,2,55,23/24
714245,Gemerson Barbosa,23.11.29_Unifacisa,2,25.9,808,1,259,348,105,53,8,46,62,16,4,43,65,17,0,7,9,3,3,5,72,23/24
709202,Leandro Moura,23.11.29_Unifacisa,2,26.1,290,1,176,57,19,5,9,21,39,0,3,17,43,2,0,19,4,2,1,0,38,23/24
714195,Luciano Gonzalez,23.11.29_Unifacisa,2,23.7,1141,0,419,392,191,88,0,53,104,24,11,61,99,31,0,10,2,3,4,5,64,23/24
714313,Nicolas Copello,23.11.29_Unifacisa,2,26.3,792,1,319,331,93,7,9,40,63,15,2,48,55,16,0,15,3,2,4,5,63,23/24
714226,Rafael Mineiro,23.11.29_Unifacisa,2,20.8,1135,0,403,553,98,34,0,68,102,31,3,60,112,23,0,10,4,3,4,6,70,23/24
703456,Renan Lenz,23.11.29_Unifacisa,2,21.1,433,0,182,147,64,13,0,22,48,3,3,18,51,8,0,4,18,2,1,3,63,23/24
703343,Winicius Braga,23.11.29_Unifacisa,2,6.0,85,0,72,1,0,0,0,5,19,0,0,6,16,0,0,1,0,0,0,0,1,23/24
709501,Yuri Neptune,23.11.29_Unifacisa,2,15.1,275,0,184,58,12,0,0,13,45,2,0,13,41,2,0,8,2,1,0,0,16,23/24
692169,Alexandre Paranhos,23.11.29_Unifacisa,3,22.0,1032,0,350,460,156,21,0,54,81,28,4,53,99,23,0,3,2,2,7,4,59,23/24
713851,Danilo Fuzaro,23.11.29_Unifacisa,3,24.3,715,1,243,250,131,55,2,47,52,19,4,35,58,18,0,3,11,1,3,6,73,23/24
708457,Felipe Vezaro,23.11.29_Unifacisa,3,29.2,840,2,241,317,179,43,19,51,66,26,7,56,71,25,1,6,2,4,4,2,49,23/24
714249,Franco Baralle,23.11.29_Unifacisa,3,25.3,1543,3,622,546,211,76,10,90,101,35,8,84,107,38,0,1,4,5,10,5,89,23/24
714245,Gemerson Barbosa,23.11.29_Unifacisa,3,26.6,1143,5,326,424,189,133,30,48,96,16,6,45,83,27,1,7,3,2,7,6,75,23/24
709202,Leandro Moura,23.11.29_Unifacisa,3,5.5,48,0,37,0,0,0,0,5,18,0,0,7,16,0,0,12,0,0,0,0,12,23/24
714195,Luciano Gonzalez,23.11.29_Unifacisa,3,26.4,1216,2,451,357,205,129,28,50,80,30,9,49,71,34,1,4,4,6,6,1,58,23/24
714313,Nicolas Copello,23.11.29_Unifacisa,3,23.3,373,0,171,95,60,21,0,29,34,5,3,29,32,7,1,15,4,3,3,0,43,23/24
714226,Rafael Mineiro,23.11.29_Unifacisa,3,20.1,1126,0,393,506,168,9,0,60,94,39,2,59,112,33,0,6,2,4,6,6,76,23/24
703456,Renan Lenz,23.11.29_Unifacisa,3,7.3,37,0,21,1,0,0,0,7,20,1,0,6,24,0,0,14,11,0,0,0,36,23/24
703343,Winicius Braga,23.11.29_Unifacisa,3,5.4,16,0,10,0,0,0,0,4,9,0,0,4,9,0,0,0,0,0,0,0,0,23/24
709501,Yuri Neptune,23.11.29_Unifacisa,3,6.5,59,0,44,3,0,0,0,6,22,0,0,2,24,0,0,2,0,0,0,0,2,23/24
692169,Alexandre Paranhos,23.11.29_Unifacisa,4,8.1,118,0,79,7,0,0,0,10,49,0,0,18,44,0,0,2,0,0,0,0,2,23/24
713851,Danilo Fuzaro,23.11.29_Unifacisa,4,23.0,1231,0,536,409,189,29,0,62,105,33,4,65,97,32,0,1,13,7,9,4,101,23/24
708457,Felipe Vezaro,23.11.29_Unifacisa,4,21.7,1015,0,386,381,150,40,0,61,100,20,5,63,84,27,0,11,5,3,6,3,67,23/24
714249,Franco Baralle,23.11.29_Unifacisa,4,25.1,1130,3,522,393,94,28,5,82,99,27,8,98,94,19,0,11,8,5,6,2,77,23/24
714245,Gemerson Barbosa,23.11.29_Unifacisa,4,9.7,162,0,115,16,0,0,0,17,45,3,1,19,48,1,0,16,16,0,0,0,49,23/24
709202,Leandro Moura,23.11.29_Unifacisa,4,21.9,452,0,236,131,41,5,0,34,69,8,1,40,67,6,0,10,6,3,0,0,33,23/24
714195,Luciano Gonzalez,23.11.29_Unifacisa,4,25.8,1741,5,699,527,297,115,21,73,148,40,11,74,129,44,1,8,8,7,9,1,85,23/24
714313,Nicolas Copello,23.11.29_Unifacisa,4,20.0,509,0,227,175,58,15,0,36,47,7,4,34,38,14,0,23,2,1,2,3,56,23/24
714226,Rafael Mineiro,23.11.29_Unifacisa,4,21.1,1604,0,572,761,195,9,0,84,143,39,4,85,160,32,0,5,7,3,8,10,109,23/24
703456,Renan Lenz,23.11.29_Unifacisa,4,25.8,1467,2,568,580,202,45,10,81,129,28,4,72,144,27,0,0,7,11,6,9,114,23/24
703343,Winicius Braga,23.11.29_Unifacisa,4,6.9,112,0,77,3,0,0,0,10,53,1,0,15,51,0,0,2,0,0,0,0,2,23/24
709501,Yuri Neptune,23.11.29_Unifacisa,4,16.2,259,0,155,61,11,0,0,12,57,10,0,21,67,1,0,5,1,0,0,0,8,23/24
692169,Alexandre Paranhos,23.12.01_Fortaleza,1,23.3,946,0,327,380,147,48,0,45,76,30,7,40,81,40,0,3,3,2,3,3,45,23/24
713851,Danilo Fuzaro,23.12.01_Fortaleza,1,27.4,1378,4,462,448,282,107,26,69,92,24,14,51,95,38,1,0,2,3,7,6,76,23/24
708457,Felipe Vezaro,23.12.01_Fortaleza,1,25.0,700,1,226,284,129,19,6,38,68,16,3,38,60,18,0,3,1,2,3,3,36,23/24
714249,Franco Baralle,23.12.01_Fortaleza,1,23.0,800,0,263,291,190,19,0,47,64,18,7,50,44,30,0,3,1,1,5,2,41,23/24
714245,Gemerson Barbosa,23.12.01_Fortaleza,1,22.1,432,0,145,171,76,12,0,20,55,6,0,32,43,8,0,7,3,1,4,0,32,23/24
709202,Leandro Moura,23.12.01_Fortaleza,1,9.4,113,0,65,28,0,0,0,10,38,2,0,10,35,3,0,7,8,2,0,0,33,23/24
714195,Luciano Gonzalez,23.12.01_Fortaleza,1,26.0,1147,3,319,457,197,103,35,58,56,33,11,38,72,36,0,2,3,3,6,1,44,23/24
714313,Nicolas Copello,23.12.01_Fortaleza,1,22.7,655,0,230,224,120,50,0,33,56,18,4,33,50,18,0,3,0,1,6,2,39,23/24
714226,Rafael Mineiro,23.12.01_Fortaleza,1,21.8,1117,0,331,535,191,21,0,55,97,27,4,48,103,26,0,4,2,2,7,3,58,23/24
703456,Renan Lenz,23.12.01_Fortaleza,1,21.8,394,0,134,156,68,12,0,30,46,4,0,14,51,6,0,0,13,2,4,0,48,23/24
703343,Winicius Braga,23.12.01_Fortaleza,1,6.8,46,0,30,1,0,0,0,4,29,0,0,3,31,0,0,5,0,0,0,0,5,23/24
709501,Yuri Neptune,23.12.01_Fortaleza,1,20.9,178,0,69,37,38,12,0,15,38,3,2,12,38,4,0,8,1,1,1,0,15,23/24
692169,Alexandre Paranhos,23.12.01_Fortaleza,2,26.0,1584,3,578,601,255,59,24,68,115,39,14,62,133,43,0,2,3,2,7,10,95,23/24
713851,Danilo Fuzaro,23.12.01_Fortaleza,2,26.6,886,3,317,269,143,81,28,49,64,22,8,45,68,26,2,6,9,2,5,3,66,23/24
708457,Felipe Vezaro,23.12.01_Fortaleza,2,25.9,1387,2,446,540,269,82,8,72,99,16,8,73,73,32,0,6,4,3,5,8,80,23/24
714249,Franco Baralle,23.12.01_Fortaleza,2,26.0,1388,2,562,470,192,80,23,98,94,27,8,82,99,29,1,3,4,3,8,4,72,23/24
714245,Gemerson Barbosa,23.12.01_Fortaleza,2,5.8,95,0,74,0,0,0,0,12,24,0,0,13,22,0,0,14,0,0,0,0,15,23/24
709202,Leandro Moura,23.12.01_Fortaleza,2,7.3,130,0,92,15,0,0,0,11,30,1,0,20,26,0,0,20,2,0,0,0,25,23/24
714195,Luciano Gonzalez,23.12.01_Fortaleza,2,26.3,1426,2,557,480,200,106,19,69,112,25,6,60,97,35,1,6,5,5,5,0,56,23/24
714313,Nicolas Copello,23.12.01_Fortaleza,2,26.0,436,2,172,121,74,29,17,20,33,5,3,33,22,8,0,19,2,1,0,3,41,23/24
714226,Rafael Mineiro,23.12.01_Fortaleza,2,22.6,809,0,313,345,97,13,0,43,82,21,1,39,90,15,0,8,2,2,5,1,44,23/24
703456,Renan Lenz,23.12.01_Fortaleza,2,25.0,908,1,346,358,115,44,6,52,73,18,2,39,75,19,0,0,14,2,3,6,76,23/24
703343,Winicius Braga,23.12.01_Fortaleza,2,7.4,93,0,74,2,0,0,0,7,24,2,0,10,25,0,0,2,0,0,0,0,2,23/24
709501,Yuri Neptune,23.12.01_Fortaleza,2,6.3,164,0,135,2,0,0,0,12,42,0,0,14,40,0,0,6,0,0,0,0,6,23/24
692169,Alexandre Paranhos,23.12.01_Fortaleza,3,24.6,779,1,231,361,129,17,2,33,75,23,2,43,74,21,0,6,1,1,3,5,48,23/24
713851,Danilo Fuzaro,23.12.01_Fortaleza,3,25.3,918,1,277,362,163,63,5,66,85,13,7,65,77,21,1,5,9,3,6,3,70,23/24
708457,Felipe Vezaro,23.12.01_Fortaleza,3,22.7,731,0,227,333,105,37,0,49,56,18,2,45,58,18,1,13,2,2,3,3,50,23/24
714249,Franco Baralle,23.12.01_Fortaleza,3,26.1,1043,1,424,360,168,35,7,57,80,25,1,70,67,28,0,8,4,3,5,2,54,23/24
714245,Gemerson Barbosa,23.12.01_Fortaleza,3,26.0,808,2,286,302,116,46,17,54,62,15,5,57,66,16,0,2,4,3,6,2,54,23/24
709202,Leandro Moura,23.12.01_Fortaleza,3,7.3,32,0,20,2,0,0,0,7,13,1,0,5,16,0,0,16,0,0,0,0,17,23/24
714195,Luciano Gonzalez,23.12.01_Fortaleza,3,26.1,1471,4,527,502,252,106,41,74,105,25,12,69,93,37,0,6,4,5,7,0,56,23/24
714313,Nicolas Copello,23.12.01_Fortaleza,3,26.2,680,1,286,255,88,7,11,41,60,12,1,45,55,12,1,8,6,3,6,1,59,23/24
714226,Rafael Mineiro,23.12.01_Fortaleza,3,21.4,543,0,139,237,114,29,0,24,50,16,3,29,43,19,0,7,1,1,2,2,31,23/24
703456,Renan Lenz,23.12.01_Fortaleza,3,25.8,1008,1,404,395,130,32,5,60,93,10,2,47,102,15,0,0,9,4,6,6,85,23/24
703343,Winicius Braga,23.12.01_Fortaleza,3,6.7,30,0,20,2,0,0,0,4,14,0,0,4,14,0,0,0,0,0,0,0,0,23/24
709501,Yuri Neptune,23.12.01_Fortaleza,3,5.9,51,0,35,0,0,0,0,6,29,0,0,7,29,0,0,1,0,0,0,0,1,23/24
692169,Alexandre Paranhos,23.12.01_Fortaleza,4,20.3,843,0,299,398,95,6,0,42,79,23,3,34,82,25,0,3,3,1,4,4,50,23/24
713851,Danilo Fuzaro,23.12.01_Fortaleza,4,21.3,212,0,106,54,25,9,0,15,31,5,2,13,28,8,0,15,4,1,2,0,33,23/24
708457,Felipe Vezaro,23.12.01_Fortaleza,4,26.0,1410,1,479,594,232,41,15,83,106,33,6,78,103,31,0,1,4,3,5,9,81,23/24
714249,Franco Baralle,23.12.01_Fortaleza,4,26.3,1285,2,481,514,150,63,21,91,89,26,11,79,102,29,0,1,6,2,7,6,75,23/24
714245,Gemerson Barbosa,23.12.01_Fortaleza,4,26.7,643,3,169,232,100,84,28,29,56,17,7,33,64,16,0,4,10,2,1,5,56,23/24
709202,Leandro Moura,23.12.01_Fortaleza,4,8.3,77,0,54,9,0,0,0,9,17,2,0,10,17,1,0,7,4,1,0,0,20,23/24
714195,Luciano Gonzalez,23.12.01_Fortaleza,4,26.1,1367,3,463,521,245,71,14,74,98,27,6,55,108,34,0,3,4,5,8,1,63,23/24
714313,Nicolas Copello,23.12.01_Fortaleza,4,6.1,24,0,13,0,0,0,0,6,9,0,0,9,7,0,0,19,0,0,0,0,19,23/24
714226,Rafael Mineiro,23.12.01_Fortaleza,4,25.4,1024,1,449,387,121,18,3,57,88,19,5,47,93,22,0,8,3,2,5,3,54,23/24
703456,Renan Lenz,23.12.01_Fortaleza,4,20.8,600,0,220,244,106,8,0,33,56,14,1,28,64,10,0,1,11,5,1,4,61,23/24
703343,Winicius Braga,23.12.01_Fortaleza,4,8.3,53,0,30,3,0,0,0,11,29,0,0,7,32,0,0,1,0,0,0,0,1,23/24
709501,Yuri Neptune,23.12.01_Fortaleza,4,10.5,136,0,94,20,0,0,0,3,44,2,0,13,41,1,0,3,0,0,0,0,3,23/24
692169,Alexandre Paranhos,23.12.06_Cerrado,1,20.7,614,0,214,290,64,19,0,29,57,13,2,27,61,13,0,3,2,1,2,2,24,23/24
713851,Danilo Fuzaro,23.12.06_Cerrado,1,23.2,805,0,247,335,166,23,0,39,70,23,6,37,65,28,0,1,6,1,3,6,57,23/24
708457,Felipe Vezaro,23.12.06_Cerrado,1,21.2,1210,0,344,570,232,28,0,69,81,31,6,61,89,32,0,1,2,3,2,9,67,23/24
714249,Franco Baralle,23.12.06_Cerrado,1,19.5,786,0,284,353,103,6,0,55,56,23,5,49,65,20,0,3,1,1,5,2,39,23/24
714245,Gemerson Barbosa,23.12.06_Cerrado,1,26.1,910,1,236,413,188,37,11,48,65,18,2,41,74,13,0,5,2,1,2,7,56,23/24
709202,Leandro Moura,23.12.06_Cerrado,1,10.0,48,0,26,8,0,0,0,7,17,2,0,11,17,1,0,13,4,0,0,0,21,23/24
714195,Luciano Gonzalez,23.12.06_Cerrado,1,25.7,664,1,214,245,149,30,4,25,58,14,4,36,48,16,0,2,1,1,5,0,27,23/24
714313,Nicolas Copello,23.12.06_Cerrado,1,19.8,746,0,253,334,120,12,0,46,54,19,2,36,69,11,0,0,2,2,3,4,43,23/24
714226,Rafael Mineiro,23.12.06_Cerrado,1,18.7,698,0,243,345,80,2,0,33,63,19,7,41,77,17,0,1,1,1,3,4,39,23/24
703456,Renan Lenz,23.12.06_Cerrado,1,19.4,631,0,190,294,106,13,0,30,59,12,3,35,63,12,0,0,9,2,2,4,53,23/24
703343,Winicius Braga,23.12.06_Cerrado,1,6.8,40,0,26,2,0,0,0,4,21,2,0,5,24,0,0,3,0,0,0,0,3,23/24
709501,Yuri Neptune,23.12.06_Cerrado,1,9.0,59,0,40,6,0,0,0,5,22,0,0,7,21,0,0,2,0,0,0,0,2,23/24
692169,Alexandre Paranhos,23.12.06_Cerrado,2,24.0,548,0,260,182,53,25,0,36,37,15,3,26,47,13,0,2,1,1,3,0,19,23/24
713851,Danilo Fuzaro,23.12.06_Cerrado,2,26.0,1328,1,466,519,250,33,9,68,98,29,7,58,89,41,0,1,4,3,8,6,77,23/24
708457,Felipe Vezaro,23.12.06_Cerrado,2,22.0,776,0,251,269,186,39,0,30,58,19,5,32,52,24,0,10,2,2,4,4,54,23/24
714249,Franco Baralle,23.12.06_Cerrado,2,24.7,1398,1,542,579,171,34,3,67,109,35,4,81,105,26,0,1,4,4,7,6,77,23/24
714245,Gemerson Barbosa,23.12.06_Cerrado,2,26.7,1452,6,424,568,243,133,42,73,85,31,9,72,85,34,1,3,3,2,3,11,83,23/24
709202,Leandro Moura,23.12.06_Cerrado,2,7.1,99,0,83,3,0,0,0,5,17,0,0,6,19,0,0,5,0,0,0,0,5,23/24
714195,Luciano Gonzalez,23.12.06_Cerrado,2,26.0,882,3,316,336,132,61,10,41,59,21,5,35,57,25,1,7,1,1,4,4,46,23/24
714313,Nicolas Copello,23.12.06_Cerrado,2,16.4,259,0,119,88,39,0,0,13,21,6,0,16,16,7,0,17,2,1,0,1,31,23/24
714226,Rafael Mineiro,23.12.06_Cerrado,2,19.6,1093,0,356,538,160,3,0,60,87,16,3,48,87,19,0,5,2,1,4,7,63,23/24
703456,Renan Lenz,23.12.06_Cerrado,2,26.0,403,1,164,143,62,6,7,17,40,4,2,10,38,11,0,1,17,1,1,2,52,23/24
703343,Winicius Braga,23.12.06_Cerrado,2,7.6,86,0,58,13,0,0,0,5,27,0,0,6,27,0,0,1,0,0,0,0,1,23/24
709501,Yuri Neptune,23.12.06_Cerrado,2,5.9,68,0,61,0,0,0,0,3,12,0,0,6,9,0,0,0,0,0,0,0,0,23/24
692169,Alexandre Paranhos,23.12.06_Cerrado,3,21.5,362,0,168,109,40,21,0,24,43,5,1,21,45,9,0,1,0,1,2,0,14,23/24
713851,Danilo Fuzaro,23.12.06_Cerrado,3,26.1,1350,3,405,502,295,86,18,63,97,30,10,60,92,38,0,0,3,2,5,9,76,23/24
708457,Felipe Vezaro,23.12.06_Cerrado,3,22.9,564,0,195,238,77,19,0,52,59,9,2,42,59,11,0,10,2,2,3,3,42,23/24
714249,Franco Baralle,23.12.06_Cerrado,3,24.6,803,1,288,271,156,46,5,49,54,22,8,48,67,21,0,7,2,1,4,4,51,23/24
714245,Gemerson Barbosa,23.12.06_Cerrado,3,24.1,1268,1,303,531,281,117,1,57,81,32,7,62,77,34,0,1,4,2,4,9,74,23/24
709202,Leandro Moura,23.12.06_Cerrado,3,10.9,80,0,50,14,0,0,0,7,29,1,0,9,28,0,0,5,0,0,0,0,5,23/24
714195,Luciano Gonzalez,23.12.06_Cerrado,3,24.3,1178,1,311,440,256,135,1,51,79,35,8,46,76,38,0,5,1,1,5,6,62,23/24
714313,Nicolas Copello,23.12.06_Cerrado,3,16.7,490,0,205,200,54,0,0,33,45,16,2,36,54,9,0,9,1,2,4,2,40,23/24
714226,Rafael Mineiro,23.12.06_Cerrado,3,19.4,1020,0,328,462,179,15,0,70,80,24,6,48,96,26,0,3,2,2,4,8,68,23/24
703456,Renan Lenz,23.12.06_Cerrado,3,17.8,407,0,146,173,67,0,0,33,44,5,0,19,42,8,0,3,12,1,2,1,45,23/24
703343,Winicius Braga,23.12.06_Cerrado,3,6.5,59,0,39,1,0,0,0,8,32,1,0,8,34,0,0,2,0,0,0,0,2,23/24
709501,Yuri Neptune,23.12.06_Cerrado,3,7.7,73,0,53,3,0,0,0,5,30,1,0,7,29,1,0,0,0,0,0,0,0,23/24
692169,Alexandre Paranhos,23.12.06_Cerrado,4,24.9,1494,1,555,625,165,55,12,97,133,39,7,83,148,46,0,1,5,4,10,8,102,23/24
713851,Danilo Fuzaro,23.12.06_Cerrado,4,22.1,211,0,90,52,33,8,0,18,41,5,0,25,37,6,0,20,5,1,2,0,39,23/24
708457,Felipe Vezaro,23.12.06_Cerrado,4,20.7,471,0,216,160,44,12,0,36,67,10,0,35,63,12,0,17,4,1,3,1,45,23/24
714249,Franco Baralle,23.12.06_Cerrado,4,25.9,1123,1,504,404,111,15,6,94,103,17,4,88,88,25,0,6,7,7,5,2,71,23/24
714245,Gemerson Barbosa,23.12.06_Cerrado,4,24.2,726,1,252,262,111,62,3,30,70,16,2,41,65,14,0,8,11,3,4,2,68,23/24
709202,Leandro Moura,23.12.06_Cerrado,4,9.4,104,0,55,23,0,0,0,16,37,3,0,10,42,2,0,11,1,0,0,0,12,23/24
714195,Luciano Gonzalez,23.12.06_Cerrado,4,26.0,1037,2,419,337,165,63,8,54,78,13,9,64,68,20,1,11,4,2,5,5,66,23/24
714313,Nicolas Copello,23.12.06_Cerrado,4,21.9,1598,0,612,624,242,40,0,103,145,32,8,96,142,33,0,0,0,4,10,14,123,23/24
714226,Rafael Mineiro,23.12.06_Cerrado,4,17.1,541,0,248,200,56,0,0,33,64,11,3,35,66,12,0,15,3,2,4,2,50,23/24
703456,Renan Lenz,23.12.06_Cerrado,4,26.1,1173,3,419,465,156,44,33,64,108,28,5,51,109,27,0,0,7,6,8,7,99,23/24
703343,Winicius Braga,23.12.06_Cerrado,4,7.0,62,0,44,1,0,0,0,4,33,1,0,10,31,0,0,2,0,0,0,0,2,23/24
709501,Yuri Neptune,23.12.06_Cerrado,4,7.5,112,0,83,9,0,0,0,6,40,2,0,3,44,1,0,1,0,0,0,0,1,23/24
692169,Alexandre Paranhos,23.12.14_Corinthians,1,26.0,732,3,185,310,149,49,16,39,52,19,5,39,48,23,1,3,1,1,4,3,39,23/24
713851,Danilo Fuzaro,23.12.14_Corinthians,1,25.1,1224,2,368,401,331,75,6,63,98,18,8,63,78,32,1,0,3,3,5,8,78,23/24
708457,Felipe Vezaro,23.12.14_Corinthians,1,22.8,1104,0,308,413,284,63,0,54,74,24,4,48,68,29,0,4,2,2,4,7,68,23/24
714249,Franco Baralle,23.12.14_Corinthians,1,26.0,940,1,330,379,150,30,10,55,67,15,3,44,65,21,0,5,2,2,5,5,62,23/24
714245,Gemerson Barbosa,23.12.14_Corinthians,1,26.1,925,1,233,330,208,113,9,43,62,22,7,35,59,26,0,0,6,3,4,7,71,23/24
714195,Luciano Gonzalez,23.12.14_Corinthians,1,22.7,820,0,265,309,172,35,0,40,62,23,4,39,53,29,0,2,1,2,6,3,44,23/24
714226,Rafael Mineiro,23.12.14_Corinthians,1,22.8,806,0,240,333,163,43,0,35,62,24,5,34,74,23,0,2,1,2,5,3,45,23/24
703456,Renan Lenz,23.12.14_Corinthians,1,26.0,766,2,183,332,156,51,17,38,64,12,4,23,70,18,0,0,9,2,4,4,62,23/24
703343,Winicius Braga,23.12.14_Corinthians,1,6.0,40,0,31,0,0,0,0,5,14,0,0,3,16,0,0,11,0,0,0,0,11,23/24
709501,Yuri Neptune,23.12.14_Corinthians,1,25.7,638,1,196,262,140,14,7,39,46,11,2,23,42,22,0,4,2,1,1,5,37,23/24
692169,Alexandre Paranhos,23.12.14_Corinthians,2,26.0,1085,1,438,426,130,28,6,56,101,26,5,65,102,28,0,4,5,4,7,4,75,23/24
713851,Danilo Fuzaro,23.12.14_Corinthians,2,22.9,1182,0,460,412,209,40,0,50,95,29,9,64,91,29,1,4,9,4,7,8,103,23/24
708457,Felipe Vezaro,23.12.14_Corinthians,2,20.9,894,0,354,259,202,21,0,58,82,11,5,63,70,17,0,17,7,4,3,1,63,23/24
714249,Franco Baralle,23.12.14_Corinthians,2,22.7,1114,0,501,337,174,23,0,75,78,22,3,76,76,21,0,10,10,6,4,3,80,23/24
714245,Gemerson Barbosa,23.12.14_Corinthians,2,24.0,988,0,378,286,201,65,0,56,70,17,7,69,59,21,0,1,14,6,7,5,98,23/24
714195,Luciano Gonzalez,23.12.14_Corinthians,2,23.7,1693,0,698,542,260,124,0,79,115,34,11,70,120,36,1,3,5,6,10,8,112,23/24
714226,Rafael Mineiro,23.12.14_Corinthians,2,23.9,668,0,243,277,90,26,0,30,60,18,2,31,71,13,0,20,4,2,3,2,58,23/24
703456,Renan Lenz,23.12.14_Corinthians,2,26.0,1055,3,299,441,154,86,35,56,82,21,4,41,85,23,0,1,1,4,7,10,95,23/24
703343,Winicius Braga,23.12.14_Corinthians,2,6.9,124,0,90,11,0,0,0,7,41,0,0,11,38,0,0,5,0,0,0,0,5,23/24
709501,Yuri Neptune,23.12.14_Corinthians,2,25.9,761,1,353,238,115,20,4,33,60,10,5,21,66,13,0,9,12,2,3,6,82,23/24
692169,Alexandre Paranhos,23.12.14_Corinthians,3,21.5,624,0,200,314,76,6,0,38,46,21,3,29,75,13,0,5,1,1,3,2,32,23/24
713851,Danilo Fuzaro,23.12.14_Corinthians,3,26.0,1013,4,304,402,193,56,22,48,73,26,7,39,74,35,0,2,8,2,5,6,73,23/24
708457,Felipe Vezaro,23.12.14_Corinthians,3,18.3,790,0,190,414,156,6,0,44,68,14,4,32,68,18,0,12,2,2,3,5,54,23/24
714249,Franco Baralle,23.12.14_Corinthians,3,26.5,1135,2,427,450,133,30,20,70,96,30,10,83,99,24,0,1,7,3,5,7,77,23/24
714245,Gemerson Barbosa,23.12.14_Corinthians,3,26.2,896,1,267,328,197,56,14,43,55,20,3,46,57,15,0,4,7,5,3,5,69,23/24
714195,Luciano Gonzalez,23.12.14_Corinthians,3,25.9,752,1,222,278,183,30,6,37,55,17,8,30,58,22,0,9,4,2,4,2,51,23/24
714226,Rafael Mineiro,23.12.14_Corinthians,3,20.8,887,0,211,474,159,13,0,55,73,23,3,42,77,28,0,10,3,2,3,3,50,23/24
703456,Renan Lenz,23.12.14_Corinthians,3,18.2,529,0,159,244,109,1,0,20,48,14,1,22,40,17,0,0,0,1,2,7,42,23/24
703343,Winicius Braga,23.12.14_Corinthians,3,6.5,28,0,19,1,0,0,0,3,15,0,0,5,14,0,0,0,0,0,0,0,0,23/24
709501,Yuri Neptune,23.12.14_Corinthians,3,18.5,398,0,156,142,70,6,0,17,50,11,2,18,49,12,0,12,5,1,2,0,35,23/24
692169,Alexandre Paranhos,23.12.14_Corinthians,4,20.6,807,0,340,341,79,11,0,46,68,17,3,42,75,15,0,3,3,3,5,1,43,23/24
713851,Danilo Fuzaro,23.12.14_Corinthians,4,28.6,1180,3,427,405,219,48,20,63,97,27,9,62,98,32,1,2,6,6,6,6,83,23/24
708457,Felipe Vezaro,23.12.14_Corinthians,4,22.6,925,0,320,345,185,41,0,47,65,18,4,44,69,21,0,9,3,2,3,4,56,23/24
714249,Franco Baralle,23.12.14_Corinthians,4,23.5,1097,0,460,359,187,29,0,63,86,20,8,64,72,31,0,7,5,3,6,4,68,23/24
714245,Gemerson Barbosa,23.12.14_Corinthians,4,25.4,871,1,303,262,190,68,5,48,59,15,8,44,63,21,0,5,7,3,4,4,67,23/24
714195,Luciano Gonzalez,23.12.14_Corinthians,4,25.9,762,2,255,276,143,52,10,31,49,17,5,30,38,25,0,13,3,2,3,3,52,23/24
714226,Rafael Mineiro,23.12.14_Corinthians,4,21.1,892,0,372,308,143,22,0,48,87,23,2,36,93,18,0,11,2,2,5,5,61,23/24
703456,Renan Lenz,23.12.14_Corinthians,4,25.9,848,2,229,371,157,56,8,36,68,19,5,28,65,25,0,0,0,0,0,4,22,23/24
703343,Winicius Braga,23.12.14_Corinthians,4,20.8,440,0,221,160,24,8,0,25,46,11,1,29,51,9,0,1,1,2,2,0,18,23/24
709501,Yuri Neptune,23.12.14_Corinthians,4,22.2,434,0,190,149,62,11,0,22,51,7,3,18,52,10,0,9,1,1,3,1,29,23/24
692169,Alexandre Paranhos,23.12.16_Pinheiros,1,26.1,809,1,248,397,99,23,10,46,60,34,2,38,81,23,1,4,1,1,4,4,43,23/24
713851,Danilo Fuzaro,23.12.16_Pinheiros,1,26.0,1366,3,409,537,288,54,20,71,102,44,10,60,105,49,0,0,0,2,3,13,84,23/24
708457,Felipe Vezaro,23.12.16_Pinheiros,1,19.4,609,0,187,249,135,4,0,44,64,15,3,31,50,23,0,3,2,2,4,0,31,23/24
714249,Franco Baralle,23.12.16_Pinheiros,1,22.1,1077,0,388,495,124,22,0,70,88,23,6,75,80,32,0,2,3,2,5,7,68,23/24
714245,Gemerson Barbosa,23.12.16_Pinheiros,1,26.6,605,2,150,234,131,41,24,33,47,20,0,33,45,15,0,5,1,1,2,4,38,23/24
712072,Lucas Rodriguez,23.12.16_Pinheiros,1,4.6,38,0,17,0,0,0,0,10,24,0,0,11,23,0,0,7,0,0,0,0,7,23/24
714195,Luciano Gonzalez,23.12.16_Pinheiros,1,25.8,1281,2,403,544,211,78,8,64,80,15,14,60,75,33,1,2,3,3,6,5,63,23/24
714226,Rafael Mineiro,23.12.16_Pinheiros,1,20.0,919,0,293,459,115,11,0,70,92,22,3,47,94,29,0,6,1,1,4,7,61,23/24
703456,Renan Lenz,23.12.16_Pinheiros,1,20.9,594,0,194,282,72,13,0,32,69,12,2,32,71,11,0,0,8,3,4,4,59,23/24
703343,Winicius Braga,23.12.16_Pinheiros,1,6.0,38,0,24,0,0,0,0,5,28,0,0,6,27,0,0,15,0,0,0,0,16,23/24
709501,Yuri Neptune,23.12.16_Pinheiros,1,19.0,244,0,116,71,32,7,0,16,37,3,1,10,37,5,0,6,3,2,1,0,24,23/24
692169,Alexandre Paranhos,23.12.16_Pinheiros,2,26.2,1245,1,457,478,211,32,11,60,99,31,5,57,105,31,0,1,1,2,5,11,83,23/24
713851,Danilo Fuzaro,23.12.16_Pinheiros,2,26.7,1096,2,389,349,202,84,14,47,96,25,7,51,105,23,1,3,6,3,2,2,42,23/24
708457,Felipe Vezaro,23.12.16_Pinheiros,2,24.5,1367,1,479,550,234,42,2,79,108,24,10,79,96,36,0,0,6,4,5,8,83,23/24
714249,Franco Baralle,23.12.16_Pinheiros,2,26.2,987,1,421,343,123,40,14,62,68,19,5,65,58,20,0,9,4,3,5,2,57,23/24
714245,Gemerson Barbosa,23.12.16_Pinheiros,2,26.0,406,1,199,121,48,12,5,18,38,6,1,16,40,7,0,15,4,1,2,2,43,23/24
712072,Lucas Rodriguez,23.12.16_Pinheiros,2,26.2,567,2,202,182,93,43,14,34,54,11,5,33,44,15,1,3,2,2,1,1,21,23/24
714195,Luciano Gonzalez,23.12.16_Pinheiros,2,25.2,1048,1,426,382,136,51,7,42,86,22,8,43,84,25,1,6,4,2,6,6,70,23/24
714226,Rafael Mineiro,23.12.16_Pinheiros,2,24.0,774,1,362,286,64,18,1,44,75,25,1,32,92,16,0,12,1,3,5,2,53,23/24
703456,Renan Lenz,23.12.16_Pinheiros,2,25.9,880,2,327,394,80,37,7,53,81,21,4,41,84,25,0,0,8,4,5,6,78,23/24
703343,Winicius Braga,23.12.16_Pinheiros,2,14.6,107,0,65,21,3,0,0,9,28,2,0,12,28,1,0,7,0,0,0,0,7,23/24
709501,Yuri Neptune,23.12.16_Pinheiros,2,18.1,331,0,184,89,28,1,0,12,55,8,0,18,55,4,0,7,1,2,1,1,25,23/24
692169,Alexandre Paranhos,23.12.16_Pinheiros,3,23.3,870,0,359,381,71,14,0,55,75,21,5,52,91,19,0,7,6,1,2,9,74,23/24
713851,Danilo Fuzaro,23.12.16_Pinheiros,3,25.0,1015,1,390,366,154,39,3,54,85,24,7,60,76,29,0,2,3,3,6,6,71,23/24
708457,Felipe Vezaro,23.12.16_Pinheiros,3,25.0,1420,1,509,539,253,51,1,94,104,36,8,82,115,41,0,1,7,4,6,8,90,23/24
714249,Franco Baralle,23.12.16_Pinheiros,3,23.4,1128,0,488,392,149,33,0,82,83,21,9,92,86,22,0,9,3,2,6,5,72,23/24
714245,Gemerson Barbosa,23.12.16_Pinheiros,3,26.3,692,2,309,221,79,21,25,24,73,10,4,37,71,12,0,10,4,1,2,3,42,23/24
712072,Lucas Rodriguez,23.12.16_Pinheiros,3,14.3,347,0,130,165,18,0,0,29,44,3,1,36,40,3,0,9,2,2,1,0,23,23/24
714195,Luciano Gonzalez,23.12.16_Pinheiros,3,26.2,1083,1,514,346,109,54,10,51,81,24,6,67,77,20,1,11,3,4,5,2,60,23/24
714226,Rafael Mineiro,23.12.16_Pinheiros,3,19.9,1155,0,488,449,144,15,0,78,105,25,4,61,126,18,0,8,3,2,6,6,76,23/24
703456,Renan Lenz,23.12.16_Pinheiros,3,24.4,1211,1,490,459,172,40,3,57,106,31,6,61,125,21,0,0,7,6,7,6,87,23/24
703343,Winicius Braga,23.12.16_Pinheiros,3,10.3,217,0,134,64,0,0,0,15,31,3,0,18,31,2,0,4,2,0,0,0,9,23/24
709501,Yuri Neptune,23.12.16_Pinheiros,3,14.5,308,0,171,100,9,0,0,17,51,3,1,20,43,9,0,5,3,1,0,0,20,23/24
692169,Alexandre Paranhos,23.12.16_Pinheiros,4,24.1,437,1,196,160,44,11,1,22,41,16,1,29,51,10,0,9,1,1,3,2,34,23/24
713851,Danilo Fuzaro,23.12.16_Pinheiros,4,21.1,1142,0,383,459,203,30,0,67,96,32,2,69,92,28,0,1,3,6,5,4,64,23/24
708457,Felipe Vezaro,23.12.16_Pinheiros,4,22.4,502,0,194,177,97,13,0,18,47,6,1,31,35,9,0,13,2,1,2,3,45,23/24
714249,Franco Baralle,23.12.16_Pinheiros,4,18.6,639,0,294,232,81,2,0,32,53,12,2,40,51,9,0,10,1,3,4,0,39,23/24
714245,Gemerson Barbosa,23.12.16_Pinheiros,4,25.2,971,1,311,379,217,41,3,56,47,14,6,40,51,21,0,9,3,2,1,8,63,23/24
712072,Lucas Rodriguez,23.12.16_Pinheiros,4,26.0,529,1,216,180,87,19,7,29,36,5,5,26,39,8,0,2,4,2,2,0,24,23/24
714195,Luciano Gonzalez,23.12.16_Pinheiros,4,25.3,628,1,260,230,83,12,6,39,56,17,3,39,51,19,0,10,2,1,3,4,45,23/24
714226,Rafael Mineiro,23.12.16_Pinheiros,4,19.2,551,0,227,252,39,3,0,33,60,12,1,29,59,13,0,10,2,1,2,4,45,23/24
703456,Renan Lenz,23.12.16_Pinheiros,4,20.9,1558,0,558,746,165,28,0,93,135,27,2,68,137,34,0,0,0,5,11,7,92,23/24
703343,Winicius Braga,23.12.16_Pinheiros,4,23.8,649,0,218,277,110,17,0,33,46,20,2,21,66,11,0,2,2,3,4,1,36,23/24
709501,Yuri Neptune,23.12.16_Pinheiros,4,24.4,924,1,320,292,209,62,4,39,68,17,12,45,57,33,0,1,2,3,4,6,56,23/24
692169,Alexandre Paranhos,23.12.20_Brasília,1,26.4,856,2,206,433,122,49,20,47,54,25,2,36,64,20,1,4,2,1,5,3,47,23/24
713851,Danilo Fuzaro,23.12.20_Brasília,1,28.0,1313,5,369,451,302,119,31,59,78,41,12,58,84,45,0,0,2,2,3,10,74,23/24
708457,Felipe Vezaro,23.12.20_Brasília,1,21.0,646,0,195,293,97,31,0,39,52,16,2,33,54,16,0,5,1,1,6,1,35,23/24
713017,Fernando Fernandes,23.12.20_Brasília,1,6.1,31,0,20,0,0,0,0,7,17,0,0,8,16,0,0,10,0,0,0,0,10,23/24
714249,Franco Baralle,23.12.20_Brasília,1,25.1,945,1,337,369,153,46,3,51,58,21,6,52,57,28,0,4,2,2,6,2,47,23/24
709202,Leandro Moura,23.12.20_Brasília,1,5.7,49,0,34,0,0,0,0,9,21,0,0,12,18,0,0,13,4,0,0,0,21,23/24
712072,Lucas Rodriguez,23.12.20_Brasília,1,5.6,36,0,21,0,0,0,0,11,14,0,0,11,16,0,0,10,1,0,0,0,14,23/24
714195,Luciano Gonzalez,23.12.20_Brasília,1,25.5,1267,1,431,489,239,61,6,81,74,25,9,77,74,32,0,0,3,1,8,4,64,23/24
714226,Rafael Mineiro,23.12.20_Brasília,1,18.7,1220,0,354,607,214,9,0,74,91,34,4,60,103,35,0,2,2,2,4,7,63,23/24
703456,Renan Lenz,23.12.20_Brasília,1,26.0,633,2,162,276,113,35,25,29,52,14,5,26,53,18,0,0,10,1,3,2,49,23/24
703343,Winicius Braga,23.12.20_Brasília,1,14.6,213,0,121,68,5,0,0,8,41,1,0,12,36,3,0,10,2,0,1,0,20,23/24
709501,Yuri Neptune,23.12.20_Brasília,1,21.5,182,0,85,62,14,7,0,6,32,1,2,9,29,5,0,7,1,0,1,0,15,23/24
692169,Alexandre Paranhos,23.12.20_Brasília,2,24.1,784,1,306,345,76,17,1,46,73,19,0,51,72,13,0,4,2,2,5,0,36,23/24
713851,Danilo Fuzaro,23.12.20_Brasília,2,20.4,871,0,360,293,140,32,0,46,74,20,3,41,78,16,0,1,14,2,7,1,69,23/24
708457,Felipe Vezaro,23.12.20_Brasília,2,24.8,714,1,251,278,104,35,6,41,69,15,2,47,53,20,0,13,2,3,4,1,46,23/24
713017,Fernando Fernandes,23.12.20_Brasília,2,6.8,141,0,118,1,0,0,0,8,35,0,0,17,26,1,0,7,0,0,0,0,7,23/24
714249,Franco Baralle,23.12.20_Brasília,2,26.0,820,2,327,278,132,33,17,43,60,11,5,55,45,18,0,6,2,2,4,2,45,23/24
709202,Leandro Moura,23.12.20_Brasília,2,6.5,91,0,71,1,0,0,0,9,22,1,0,10,20,1,0,18,0,0,0,0,19,23/24
712072,Lucas Rodriguez,23.12.20_Brasília,2,26.2,1077,1,349,458,172,48,11,60,79,22,4,55,81,21,0,4,6,2,4,4,58,23/24
714195,Luciano Gonzalez,23.12.20_Brasília,2,25.9,1093,1,542,337,123,33,11,47,78,21,6,56,82,21,0,9,4,3,4,3,55,23/24
714226,Rafael Mineiro,23.12.20_Brasília,2,19.0,876,0,347,354,136,7,0,42,69,16,2,51,54,18,0,12,3,2,5,1,49,23/24
703456,Renan Lenz,23.12.20_Brasília,2,26.6,1073,1,372,371,211,61,19,55,88,17,5,44,83,25,0,1,12,3,4,6,78,23/24
703343,Winicius Braga,23.12.20_Brasília,2,22.8,1001,0,302,451,172,44,0,48,82,19,3,30,94,16,0,10,3,2,3,7,69,23/24
709501,Yuri Neptune,23.12.20_Brasília,2,24.4,749,1,290,251,124,48,4,43,71,13,1,31,77,12,0,12,1,1,1,5,49,23/24
692169,Alexandre Paranhos,23.12.20_Brasília,3,22.0,735,0,228,313,134,30,0,47,58,21,2,25,71,20,0,2,0,0,4,5,41,23/24
713851,Danilo Fuzaro,23.12.20_Brasília,3,26.2,1143,5,332,404,255,75,31,63,80,26,5,50,70,35,0,2,3,2,4,6,63,23/24
708457,Felipe Vezaro,23.12.20_Brasília,3,21.0,646,0,195,293,97,31,0,39,52,16,2,33,54,16,0,5,1,1,6,1,35,23/24
713017,Fernando Fernandes,23.12.20_Brasília,3,5.2,21,0,13,0,0,0,0,6,9,0,0,6,9,0,0,2,0,0,0,0,2,23/24
714249,Franco Baralle,23.12.20_Brasília,3,26.0,965,1,297,400,167,34,19,67,70,21,6,65,58,28,0,5,1,3,5,4,55,23/24
709202,Leandro Moura,23.12.20_Brasília,3,5.7,6,0,4,0,0,0,0,1,4,0,0,1,4,0,0,6,0,0,0,0,6,23/24
712072,Lucas Rodriguez,23.12.20_Brasília,3,26.5,391,2,99,130,84,40,16,25,29,11,4,20,32,12,0,10,3,1,1,2,34,23/24
714195,Luciano Gonzalez,23.12.20_Brasília,3,23.1,1028,0,412,403,135,27,0,61,85,23,5,54,73,30,0,2,2,3,6,2,47,23/24
714226,Rafael Mineiro,23.12.20_Brasília,3,22.0,972,0,287,463,156,33,0,59,69,29,6,42,87,24,0,5,1,2,5,5,56,23/24
703456,Renan Lenz,23.12.20_Brasília,3,25.2,743,1,182,320,159,55,5,35,52,15,3,24,57,18,0,0,9,2,5,2,52,23/24
703343,Winicius Braga,23.12.20_Brasília,3,15.7,435,0,129,241,44,0,0,21,55,7,1,27,49,9,0,9,1,1,2,2,33,23/24
709501,Yuri Neptune,23.12.20_Brasília,3,5.3,19,0,14,0,0,0,0,0,11,0,0,1,11,0,0,1,0,0,0,0,1,23/24
692169,Alexandre Paranhos,23.12.20_Brasília,4,24.1,605,1,209,214,110,39,2,39,51,14,1,24,56,17,0,2,2,3,4,0,30,23/24
713851,Danilo Fuzaro,23.12.20_Brasília,4,26.6,1094,4,396,359,178,58,37,66,95,31,7,71,97,25,1,7,4,4,9,2,74,23/24
708457,Felipe Vezaro,23.12.20_Brasília,4,24.8,714,1,251,278,104,35,6,41,69,15,2,47,53,20,0,13,2,3,4,1,46,23/24
713017,Fernando Fernandes,23.12.20_Brasília,4,26.8,431,1,200,118,53,15,17,22,55,6,2,24,53,5,1,4,0,2,2,1,23,23/24
714249,Franco Baralle,23.12.20_Brasília,4,22.3,1066,0,510,353,102,26,0,83,84,21,7,74,82,24,0,6,6,6,5,0,56,23/24
709202,Leandro Moura,23.12.20_Brasília,4,26.4,702,4,266,213,83,53,44,31,70,14,5,48,60,14,2,3,1,3,3,3,37,23/24
712072,Lucas Rodriguez,23.12.20_Brasília,4,23.9,428,0,143,153,65,31,0,25,56,8,2,37,47,9,0,16,5,2,2,1,47,23/24
714195,Luciano Gonzalez,23.12.20_Brasília,4,26.0,741,1,312,250,113,22,9,32,60,15,3,38,51,19,1,4,3,4,2,1,33,23/24
714226,Rafael Mineiro,23.12.20_Brasília,4,17.6,823,0,286,360,139,0,0,45,91,13,3,37,84,19,0,6,2,2,5,2,50,23/24
703456,Renan Lenz,23.12.20_Brasília,4,26.0,1297,3,432,521,213,71,11,65,106,16,7,53,103,18,0,1,7,7,9,2,84,23/24
703343,Winicius Braga,23.12.20_Brasília,4,21.8,597,0,212,249,89,14,0,34,79,9,1,43,77,8,0,16,2,1,4,2,51,23/24
709501,Yuri Neptune,23.12.20_Brasília,4,20.4,446,0,177,141,93,8,0,28,54,6,2,27,51,8,0,1,1,1,2,1,18,23/24
692169,Alexandre Paranhos,23.12.22_Pato,1,25.0,1032,1,343,470,121,33,6,53,105,28,4,65,99,28,0,5,1,1,3,7,58,23/24
713851,Danilo Fuzaro,23.12.22_Pato,1,25.3,1525,2,456,558,350,93,7,79,125,41,8,89,122,43,0,0,3,2,5,11,87,23/24
708457,Felipe Vezaro,23.12.22_Pato,1,21.6,680,0,192,280,150,25,0,45,67,10,3,40,58,14,0,5,1,2,1,3,33,23/24
713017,Fernando Fernandes,23.12.22_Pato,1,6.1,104,0,76,1,0,0,0,13,39,2,0,15,41,0,0,6,0,0,0,0,6,23/24
714249,Franco Baralle,23.12.22_Pato,1,21.8,1139,0,368,440,202,62,0,76,84,20,5,72,79,26,0,4,2,2,6,6,64,23/24
709202,Leandro Moura,23.12.22_Pato,1,7.3,76,0,53,5,0,0,0,8,25,0,0,14,24,0,0,9,0,0,0,0,10,23/24
712072,Lucas Rodriguez,23.12.22_Pato,1,21.2,332,0,115,162,25,7,0,27,39,5,2,26,43,4,0,8,2,1,1,1,25,23/24
714195,Luciano Gonzalez,23.12.22_Pato,1,26.0,980,2,355,343,148,70,21,44,68,26,8,56,77,24,0,4,1,2,5,2,39,23/24
714226,Rafael Mineiro,23.12.22_Pato,1,20.0,1041,0,356,426,184,32,0,68,95,26,3,52,104,27,0,5,2,3,6,2,56,23/24
703456,Renan Lenz,23.12.22_Pato,1,26.0,735,3,207,310,110,46,32,43,67,15,3,32,66,18,1,7,6,3,3,2,49,23/24
703343,Winicius Braga,23.12.22_Pato,1,12.7,135,0,70,45,5,0,0,10,25,2,0,11,27,0,0,9,2,0,0,0,14,23/24
709501,Yuri Neptune,23.12.22_Pato,1,5.6,87,0,70,0,0,0,0,7,30,0,0,8,29,0,0,7,0,0,0,0,7,23/24
692169,Alexandre Paranhos,23.12.22_Pato,2,24.3,934,1,298,411,115,69,3,54,68,28,3,48,79,25,0,7,2,1,4,6,61,23/24
713851,Danilo Fuzaro,23.12.22_Pato,2,25.4,752,1,307,258,131,21,3,36,63,17,6,31,61,17,1,2,14,2,4,3,66,23/24
708457,Felipe Vezaro,23.12.22_Pato,2,25.0,1277,1,393,526,242,72,4,68,93,20,11,74,88,31,0,7,4,2,3,9,78,23/24
713017,Fernando Fernandes,23.12.22_Pato,2,7.7,146,0,116,4,0,0,0,12,37,1,0,14,40,0,0,6,0,0,0,0,6,23/24
714249,Franco Baralle,23.12.22_Pato,2,20.6,850,0,426,316,52,9,0,57,62,9,3,64,50,12,0,9,5,4,4,1,51,23/24
709202,Leandro Moura,23.12.22_Pato,2,6.6,102,0,84,3,0,0,0,8,21,0,0,7,22,0,0,10,0,0,0,0,10,23/24
712072,Lucas Rodriguez,23.12.22_Pato,2,5.7,58,0,47,0,0,0,0,8,10,0,0,10,9,0,0,15,0,0,0,0,16,23/24
714195,Luciano Gonzalez,23.12.22_Pato,2,24.3,889,1,338,312,136,59,1,44,68,21,7,48,64,19,1,8,1,2,4,2,43,23/24
714226,Rafael Mineiro,23.12.22_Pato,2,19.8,700,0,295,276,85,7,0,41,68,16,3,43,75,13,0,11,2,3,4,0,43,23/24
703456,Renan Lenz,23.12.22_Pato,2,26.1,1090,4,344,396,185,69,50,60,92,23,5,37,96,28,1,0,11,5,5,4,76,23/24
703343,Winicius Braga,23.12.22_Pato,2,20.1,641,0,251,280,63,5,0,27,65,12,3,37,65,12,0,5,3,2,3,1,34,23/24
709501,Yuri Neptune,23.12.22_Pato,2,24.1,1360,1,371,543,329,68,1,69,97,32,9,56,98,40,0,2,6,5,5,4,72,23/24
692169,Alexandre Paranhos,23.12.22_Pato,3,23.0,1122,0,439,467,114,46,0,60,79,39,1,50,106,27,0,6,3,2,3,6,62,23/24
713851,Danilo Fuzaro,23.12.22_Pato,3,26.2,1613,4,558,636,235,107,22,88,118,34,7,78,115,35,2,0,2,5,4,12,91,23/24
708457,Felipe Vezaro,23.12.22_Pato,3,20.9,741,0,281,309,89,22,0,49,70,12,3,50,68,14,0,8,4,2,3,0,37,23/24
713017,Fernando Fernandes,23.12.22_Pato,3,9.4,219,0,134,68,0,0,0,14,23,2,0,18,26,0,0,3,2,0,0,0,7,23/24
714249,Franco Baralle,23.12.22_Pato,3,24.1,1127,1,471,408,152,49,1,59,77,23,5,62,73,29,0,7,1,2,5,5,61,23/24
709202,Leandro Moura,23.12.22_Pato,3,10.3,191,0,135,37,0,0,0,19,28,2,0,16,29,2,0,3,1,0,0,0,5,23/24
712072,Lucas Rodriguez,23.12.22_Pato,3,9.0,179,0,120,48,0,0,0,16,17,0,0,9,16,0,0,6,2,0,0,0,9,23/24
714195,Luciano Gonzalez,23.12.22_Pato,3,25.9,1390,3,530,473,235,90,12,74,90,33,9,60,95,43,2,6,2,3,6,4,61,23/24
714226,Rafael Mineiro,23.12.22_Pato,3,20.3,1250,0,425,581,175,20,0,69,94,28,3,65,110,24,0,5,4,4,5,4,61,23/24
703456,Renan Lenz,23.12.22_Pato,3,21.8,778,0,348,304,74,15,0,50,69,22,3,41,78,19,0,1,9,7,4,1,63,23/24
703343,Winicius Braga,23.12.22_Pato,3,10.1,186,0,98,66,0,0,0,17,26,6,0,17,31,2,0,5,2,1,0,0,13,23/24
709501,Yuri Neptune,23.12.22_Pato,3,13.0,148,0,102,19,12,0,0,13,15,3,0,14,19,2,0,9,2,0,0,0,14,23/24
692169,Alexandre Paranhos,23.12.22_Pato,4,23.4,1289,0,584,497,104,24,0,66,136,33,6,64,157,24,0,5,4,5,9,5,86,23/24
713851,Danilo Fuzaro,23.12.22_Pato,4,26.6,1446,3,569,485,226,50,50,75,122,34,11,62,115,39,1,0,9,6,8,9,112,23/24
708457,Felipe Vezaro,23.12.22_Pato,4,25.9,1778,1,649,663,300,85,7,88,137,36,9,109,120,42,0,4,6,7,9,6,105,23/24
713017,Fernando Fernandes,23.12.22_Pato,4,9.8,144,0,98,17,0,0,0,7,53,4,0,17,51,2,0,3,0,0,0,0,3,23/24
714249,Franco Baralle,23.12.22_Pato,4,26.9,1482,1,638,479,202,55,15,92,128,23,8,96,110,34,1,7,7,6,9,3,88,23/24
709202,Leandro Moura,23.12.22_Pato,4,9.9,127,0,82,16,0,0,0,17,41,4,0,29,41,0,0,2,0,0,0,0,3,23/24
712072,Lucas Rodriguez,23.12.22_Pato,4,6.2,83,0,58,1,0,0,0,13,26,0,0,18,23,0,0,4,0,0,0,0,4,23/24
714195,Luciano Gonzalez,23.12.22_Pato,4,24.6,741,1,293,244,103,51,2,52,83,11,8,50,72,22,0,10,3,2,5,2,53,23/24
714226,Rafael Mineiro,23.12.22_Pato,4,18.8,730,0,305,229,141,11,0,38,77,16,3,30,85,14,0,17,4,4,3,1,52,23/24
703456,Renan Lenz,23.12.22_Pato,4,26.9,1498,1,530,616,205,62,12,68,140,39,5,76,145,26,1,1,7,6,12,6,111,23/24
703343,Winicius Braga,23.12.22_Pato,4,7.0,105,0,79,2,0,0,0,11,39,0,0,14,39,0,0,10,1,0,0,0,11,23/24
709501,Yuri Neptune,23.12.22_Pato,4,16.8,244,0,135,51,23,0,0,19,56,5,0,18,54,3,0,5,1,1,0,0,12,23/24
692169,Alexandre Paranhos,23.12.27_Caxias do Sul,1,25.9,704,2,176,345,101,42,13,42,55,19,4,28,66,20,0,3,0,1,3,4,38,23/24
686753,Daniel Duque,23.12.27_Caxias do Sul,1,4.7,23,0,12,0,0,0,0,5,18,0,0,3,20,0,0,20,2,0,0,0,24,23/24
713851,Danilo Fuzaro,23.12.27_Caxias do Sul,1,25.9,1417,2,413,496,304,117,9,70,120,27,11,80,102,36,1,1,5,3,4,10,86,23/24
708457,Felipe Vezaro,23.12.27_Caxias do Sul,1,24.7,704,1,257,235,128,48,2,34,63,12,8,37,54,19,0,4,3,1,3,3,40,23/24
714249,Franco Baralle,23.12.27_Caxias do Sul,1,23.7,1255,0,456,490,193,61,0,87,85,23,4,71,76,30,0,4,3,2,7,4,63,23/24
709202,Leandro Moura,23.12.27_Caxias do Sul,1,13.2,118,0,57,45,4,0,0,10,21,1,0,8,19,2,0,17,1,0,0,0,19,23/24
712072,Lucas Rodriguez,23.12.27_Caxias do Sul,1,5.3,38,0,24,0,0,0,0,10,16,0,0,10,16,0,0,12,1,0,0,0,14,23/24
714195,Luciano Gonzalez,23.12.27_Caxias do Sul,1,26.1,1374,6,419,525,223,111,46,64,100,30,11,67,82,37,2,5,3,4,10,1,66,23/24
714226,Rafael Mineiro,23.12.27_Caxias do Sul,1,19.9,1154,0,338,540,227,11,0,59,91,20,8,60,93,26,0,7,2,1,5,7,70,23/24
703456,Renan Lenz,23.12.27_Caxias do Sul,1,25.0,1027,2,351,383,137,97,11,41,84,22,7,41,83,29,1,2,6,5,6,2,68,23/24
703343,Winicius Braga,23.12.27_Caxias do Sul,1,21.6,479,0,158,198,71,27,0,22,56,11,3,24,50,13,0,10,3,1,2,2,40,23/24
709501,Yuri Neptune,23.12.27_Caxias do Sul,1,25.1,373,1,109,124,99,16,3,23,39,11,4,9,56,8,0,6,1,0,2,1,22,23/24
692169,Alexandre Paranhos,23.12.27_Caxias do Sul,2,22.7,1083,0,460,398,130,41,0,57,91,34,4,59,98,20,1,5,3,3,6,4,65,23/24
686753,Daniel Duque,23.12.27_Caxias do Sul,2,8.6,122,0,99,9,0,0,0,5,26,0,0,6,25,0,0,19,1,0,0,0,20,23/24
713851,Danilo Fuzaro,23.12.27_Caxias do Sul,2,29.1,1527,3,526,581,222,109,24,68,113,34,7,73,109,33,1,0,4,5,8,6,88,23/24
714249,Franco Baralle,23.12.27_Caxias do Sul,2,26.0,900,1,422,295,105,25,9,51,66,12,4,52,60,18,0,10,4,3,4,1,50,23/24
709202,Leandro Moura,23.12.27_Caxias do Sul,2,6.9,133,0,113,3,0,0,0,9,24,2,0,13,25,0,0,14,0,0,0,0,15,23/24
712072,Lucas Rodriguez,23.12.27_Caxias do Sul,2,23.7,811,0,291,315,126,38,0,51,65,18,4,53,64,21,0,10,4,1,2,5,55,23/24
714195,Luciano Gonzalez,23.12.27_Caxias do Sul,2,26.0,1234,3,472,386,234,87,11,63,91,21,6,49,87,29,0,6,4,4,7,2,67,23/24
714226,Rafael Mineiro,23.12.27_Caxias do Sul,2,19.4,778,0,306,348,88,4,0,41,75,19,0,35,80,13,0,12,3,3,4,2,53,23/24
703456,Renan Lenz,23.12.27_Caxias do Sul,2,26.3,1208,1,404,516,186,59,8,66,86,23,2,45,82,29,0,0,9,4,7,3,78,23/24
703343,Winicius Braga,23.12.27_Caxias do Sul,2,16.9,294,0,117,102,57,0,0,17,33,5,2,21,33,6,0,18,4,0,0,2,38,23/24
709501,Yuri Neptune,23.12.27_Caxias do Sul,2,24.7,880,1,328,237,197,76,4,41,77,11,7,27,75,24,0,7,6,2,2,7,71,23/24
692169,Alexandre Paranhos,23.12.27_Caxias do Sul,3,24.4,732,1,276,274,105,36,3,46,61,17,4,46,68,17,1,3,2,1,3,4,41,23/24
686753,Daniel Duque,23.12.27_Caxias do Sul,3,12.2,257,0,153,87,2,0,0,13,29,2,0,9,31,0,0,13,3,0,0,0,19,23/24
713851,Danilo Fuzaro,23.12.27_Caxias do Sul,3,28.8,1317,2,515,441,188,91,27,59,88,27,5,64,99,22,1,4,3,6,8,3,77,23/24
714249,Franco Baralle,23.12.27_Caxias do Sul,3,22.5,1100,0,522,365,125,27,0,72,78,20,5,81,76,24,0,6,4,4,6,2,60,23/24
709202,Leandro Moura,23.12.27_Caxias do Sul,3,16.1,295,0,155,95,28,0,0,22,35,1,0,23,31,2,0,12,1,2,0,0,19,23/24
712072,Lucas Rodriguez,23.12.27_Caxias do Sul,3,26.1,947,1,327,371,156,49,8,50,67,17,7,49,61,27,0,11,3,2,3,5,58,23/24
714195,Luciano Gonzalez,23.12.27_Caxias do Sul,3,25.1,1610,3,603,514,269,166,5,71,103,32,8,71,93,39,2,5,3,2,9,3,71,23/24
714226,Rafael Mineiro,23.12.27_Caxias do Sul,3,22.5,1437,0,507,588,269,26,0,67,109,30,10,64,106,40,0,4,3,3,5,7,77,23/24
703456,Renan Lenz,23.12.27_Caxias do Sul,3,26.1,1363,2,479,552,210,42,27,69,117,27,1,63,111,23,1,0,6,6,7,5,84,23/24
703343,Winicius Braga,23.12.27_Caxias do Sul,3,13.1,246,0,145,74,10,0,0,21,32,2,0,11,38,0,0,11,2,2,0,0,21,23/24
709501,Yuri Neptune,23.12.27_Caxias do Sul,3,19.8,660,0,299,208,109,14,0,24,60,13,2,24,65,12,0,14,4,1,2,2,42,23/24
692169,Alexandre Paranhos,23.12.27_Caxias do Sul,4,15.6,621,0,227,302,63,0,0,40,56,12,2,45,52,15,0,4,1,1,2,5,42,23/24
686753,Daniel Duque,23.12.27_Caxias do Sul,4,26.1,620,2,184,217,113,58,19,30,55,9,4,29,53,13,0,13,4,1,3,3,49,23/24
713851,Danilo Fuzaro,23.12.27_Caxias do Sul,4,6.0,102,0,81,1,0,0,0,8,20,0,0,17,13,0,0,4,4,4,4,5,62,23/24
714249,Franco Baralle,23.12.27_Caxias do Sul,4,17.6,609,0,319,190,58,0,0,39,53,13,0,38,47,13,0,8,3,4,2,0,34,23/24
709202,Leandro Moura,23.12.27_Caxias do Sul,4,27.1,1289,6,424,430,240,125,27,72,79,21,11,62,73,34,1,8,5,1,7,3,62,23/24
712072,Lucas Rodriguez,23.12.27_Caxias do Sul,4,26.8,1765,5,534,680,318,129,36,90,128,39,15,103,125,44,0,0,3,5,8,10,99,23/24
714195,Luciano Gonzalez,23.12.27_Caxias do Sul,4,6.0,121,0,107,0,0,0,0,3,18,0,0,9,15,0,0,2,0,0,0,0,2,23/24
714226,Rafael Mineiro,23.12.27_Caxias do Sul,4,17.5,639,0,230,272,107,0,0,32,65,15,3,33,62,17,0,11,2,2,3,3,44,23/24
703456,Renan Lenz,23.12.27_Caxias do Sul,4,22.6,671,0,351,201,34,43,0,37,77,10,3,38,71,16,0,6,11,3,5,1,58,23/24
703343,Winicius Braga,23.12.27_Caxias do Sul,4,21.8,958,0,306,452,128,31,0,58,91,13,6,47,96,16,0,4,2,1,3,8,66,23/24
709501,Yuri Neptune,23.12.27_Caxias do Sul,4,24.8,1775,1,567,690,355,87,3,65,154,51,11,65,152,53,0,0,1,3,3,17,111,23/24
692169,Alexandre Paranhos,23.12.29_União Corinthians,1,26.2,965,2,259,417,169,70,14,56,80,23,5,57,74,28,1,3,2,4,5,1,44,23/24
686753,Daniel Duque,23.12.29_União Corinthians,1,5.8,32,0,25,0,0,0,0,1,18,0,0,3,17,0,0,5,0,0,0,0,5,23/24
713851,Danilo Fuzaro,23.12.29_União Corinthians,1,26.1,1212,2,343,483,276,39,15,65,99,36,5,61,95,37,0,0,3,2,6,7,71,23/24
714249,Franco Baralle,23.12.29_União Corinthians,1,26.0,1125,2,359,419,243,51,14,55,68,33,8,60,68,34,0,4,1,2,5,5,62,23/24
709202,Leandro Moura,23.12.29_União Corinthians,1,8.9,39,0,23,7,0,0,0,4,15,2,0,7,17,0,0,5,0,0,0,0,5,23/24
712072,Lucas Rodriguez,23.12.29_União Corinthians,1,26.0,815,4,197,304,168,103,20,38,44,23,9,35,62,17,1,4,1,1,2,5,44,23/24
714195,Luciano Gonzalez,23.12.29_União Corinthians,1,25.9,1041,4,350,339,200,94,22,46,63,20,9,46,63,30,1,3,2,4,6,1,49,23/24
714226,Rafael Mineiro,23.12.29_União Corinthians,1,23.9,1153,0,367,574,146,21,0,64,100,26,8,67,103,31,0,3,2,3,7,4,62,23/24
703456,Renan Lenz,23.12.29_União Corinthians,1,26.0,674,2,220,297,73,37,16,37,69,15,0,23,67,14,1,6,4,3,5,0,44,23/24
703343,Winicius Braga,23.12.29_União Corinthians,1,5.2,27,0,19,0,0,0,0,5,10,0,0,4,10,0,0,4,0,0,0,0,4,23/24
709501,Yuri Neptune,23.12.29_União Corinthians,1,23.8,553,0,140,210,133,55,0,28,39,9,4,20,38,15,0,2,0,1,3,1,24,23/24
692169,Alexandre Paranhos,23.12.29_União Corinthians,2,7.9,123,0,98,7,0,0,0,9,21,1,0,13,21,0,0,1,1,0,0,0,2,23/24
686753,Daniel Duque,23.12.29_União Corinthians,2,6.2,98,0,78,2,0,0,0,6,32,0,0,11,28,0,0,4,0,0,0,0,5,23/24
713851,Danilo Fuzaro,23.12.29_União Corinthians,2,26.0,1044,3,393,306,172,95,18,50,92,28,9,66,94,25,1,6,8,3,8,3,74,23/24
714249,Franco Baralle,23.12.29_União Corinthians,2,26.1,1135,1,494,357,145,71,12,66,80,22,2,68,78,23,0,7,4,5,7,2,65,23/24
709202,Leandro Moura,23.12.29_União Corinthians,2,6.4,125,0,107,2,0,0,0,10,20,0,0,11,18,0,0,8,1,0,0,0,10,23/24
712072,Lucas Rodriguez,23.12.29_União Corinthians,2,26.2,405,1,178,113,62,13,11,19,40,5,4,32,36,6,0,11,11,2,2,0,48,23/24
714195,Luciano Gonzalez,23.12.29_União Corinthians,2,26.1,1372,2,554,518,158,63,19,72,95,28,6,82,97,27,0,7,6,5,7,1,65,23/24
714226,Rafael Mineiro,23.12.29_União Corinthians,2,21.2,999,0,385,399,139,23,0,49,89,26,3,56,100,15,0,11,3,4,7,1,62,23/24
703456,Renan Lenz,23.12.29_União Corinthians,2,26.0,978,3,356,350,123,81,26,54,76,23,3,38,91,19,0,4,10,5,5,4,73,23/24
703343,Winicius Braga,23.12.29_União Corinthians,2,19.1,1176,0,449,557,122,3,0,70,123,21,8,52,126,28,0,6,7,4,5,5,74,23/24
709501,Yuri Neptune,23.12.29_União Corinthians,2,26.0,1773,5,566,636,378,117,21,73,122,39,13,57,135,39,3,0,2,7,7,12,108,23/24
692169,Alexandre Paranhos,23.12.29_União Corinthians,3,23.7,943,0,298,453,127,19,0,53,92,29,4,61,85,31,0,2,2,2,5,4,52,23/24
686753,Daniel Duque,23.12.29_União Corinthians,3,6.4,25,0,16,1,0,0,0,7,9,0,0,9,8,0,0,2,0,0,0,0,3,23/24
713851,Danilo Fuzaro,23.12.29_União Corinthians,3,25.8,1085,2,356,359,202,106,12,56,91,27,4,65,87,26,1,6,2,2,8,4,70,23/24
714249,Franco Baralle,23.12.29_União Corinthians,3,26.0,775,1,305,268,111,43,6,56,59,14,5,54,58,18,0,4,2,4,3,3,48,23/24
709202,Leandro Moura,23.12.29_União Corinthians,3,24.5,532,1,212,203,66,30,3,29,35,6,1,32,43,5,0,10,1,3,3,0,36,23/24
712072,Lucas Rodriguez,23.12.29_União Corinthians,3,26.7,884,4,252,290,200,83,32,35,55,14,9,40,40,31,0,10,2,2,4,3,54,23/24
714195,Luciano Gonzalez,23.12.29_União Corinthians,3,24.8,1010,1,318,368,193,95,3,42,77,16,6,43,68,25,0,3,2,4,5,0,42,23/24
714226,Rafael Mineiro,23.12.29_União Corinthians,3,20.2,540,0,196,234,72,12,0,24,61,10,0,26,59,9,0,6,2,3,2,1,32,23/24
703456,Renan Lenz,23.12.29_União Corinthians,3,25.8,1105,2,394,433,193,35,8,54,93,26,4,57,85,28,0,2,7,2,9,4,74,23/24
703343,Winicius Braga,23.12.29_União Corinthians,3,23.5,590,0,224,256,77,7,0,35,64,8,5,25,69,10,0,10,2,1,3,3,44,23/24
709501,Yuri Neptune,23.12.29_União Corinthians,3,25.2,853,1,244,341,197,41,1,37,61,26,2,35,66,26,0,10,2,1,6,2,52,23/24
692169,Alexandre Paranhos,23.12.29_União Corinthians,4,15.4,247,0,117,99,9,0,0,18,30,8,0,19,34,5,0,1,0,1,1,0,8,23/24
686753,Daniel Duque,23.12.29_União Corinthians,4,26.7,1295,4,398,435,274,108,39,57,76,38,3,64,83,30,0,2,2,6,7,3,69,23/24
713851,Danilo Fuzaro,23.12.29_União Corinthians,4,9.2,64,0,39,13,0,0,0,4,15,0,0,11,9,0,0,12,0,0,0,0,12,23/24
714249,Franco Baralle,23.12.29_União Corinthians,4,20.1,399,0,241,82,36,10,0,24,39,4,2,35,30,6,0,5,2,2,1,0,22,23/24
709202,Leandro Moura,23.12.29_União Corinthians,4,26.6,2096,12,686,703,324,189,114,112,134,53,11,106,139,53,0,0,3,9,8,9,109,23/24
712072,Lucas Rodriguez,23.12.29_União Corinthians,4,27.1,1252,4,314,478,248,116,44,72,65,42,11,55,88,43,0,6,4,6,8,5,88,23/24
714195,Luciano Gonzalez,23.12.29_União Corinthians,4,5.8,102,0,91,0,0,0,0,4,20,0,0,8,17,0,0,3,0,0,0,0,3,23/24
714226,Rafael Mineiro,23.12.29_União Corinthians,4,25.0,709,1,240,301,120,10,6,33,75,21,2,30,82,21,0,9,1,2,4,2,48,23/24
703456,Renan Lenz,23.12.29_União Corinthians,4,8.3,148,0,112,11,0,0,0,19,41,1,0,16,40,1,0,23,4,0,0,0,32,23/24
703343,Winicius Braga,23.12.29_União Corinthians,4,21.4,1517,0,567,749,121,12,0,100,145,43,4,79,159,37,0,0,6,6,5,11,108,23/24
709501,Yuri Neptune,23.12.29_União Corinthians,4,26.4,2034,8,674,668,399,158,64,97,133,45,19,72,144,54,0,0,2,6,7,14,119,23/24
692169,Alexandre Paranhos,24.01.08_Botafogo,1,26.2,841,3,230,358,140,57,22,43,59,22,5,29,59,31,0,3,1,3,4,2,43,23/24
716240,Cristian Cortes,24.01.08_Botafogo,1,26.6,922,2,328,325,175,44,17,49,63,17,3,43,63,20,0,3,1,4,5,0,37,23/24
713851,Danilo Fuzaro,24.01.08_Botafogo,1,27.7,1050,1,295,430,203,57,12,62,93,31,7,44,84,43,0,0,7,2,5,8,77,23/24
708457,Felipe Vezaro,24.01.08_Botafogo,1,26.0,813,3,257,308,130,56,14,48,75,9,8,60,67,17,0,4,1,2,6,1,45,23/24
714249,Franco Baralle,24.01.08_Botafogo,1,23.4,778,0,243,371,113,15,0,48,72,12,4,46,61,18,0,9,2,2,4,5,58,23/24
714245,Gemerson Barbosa,24.01.08_Botafogo,1,26.9,797,3,218,277,134,109,26,26,70,15,8,35,63,24,1,8,2,1,3,6,54,23/24
712072,Lucas Rodriguez,24.01.08_Botafogo,1,5.6,52,0,35,0,0,0,0,11,26,0,0,10,27,0,0,15,2,0,0,0,19,23/24
714195,Luciano Gonzalez,24.01.08_Botafogo,1,26.0,755,2,293,253,101,74,9,35,57,20,2,37,61,16,1,10,3,1,4,3,50,23/24
714226,Rafael Mineiro,24.01.08_Botafogo,1,18.9,678,0,205,346,89,16,0,46,54,11,1,32,48,18,0,9,2,2,2,2,39,23/24
703456,Renan Lenz,24.01.08_Botafogo,1,26.0,892,2,260,376,172,30,12,48,79,20,4,45,87,24,0,0,8,4,7,3,68,23/24
703343,Winicius Braga,24.01.08_Botafogo,1,7.0,42,0,28,3,0,0,0,3,22,1,0,4,21,1,0,5,0,0,0,0,5,23/24
709501,Yuri Neptune,24.01.08_Botafogo,1,26.3,682,2,220,240,131,33,24,35,67,17,2,24,66,16,0,1,1,1,4,1,30,23/24
692169,Alexandre Paranhos,24.01.08_Botafogo,2,22.7,674,0,238,287,80,33,0,31,61,16,5,32,67,20,0,2,2,2,4,1,28,23/24
716240,Cristian Cortes,24.01.08_Botafogo,2,24.7,527,1,215,178,80,18,9,39,44,11,4,41,37,10,0,4,1,1,4,0,28,23/24
713851,Danilo Fuzaro,24.01.08_Botafogo,2,26.0,1212,1,383,482,227,55,6,74,91,27,7,79,91,28,0,1,5,4,7,6,79,23/24
708457,Felipe Vezaro,24.01.08_Botafogo,2,21.9,994,0,317,452,167,18,0,64,79,24,4,59,63,33,0,8,2,3,5,3,59,23/24
714249,Franco Baralle,24.01.08_Botafogo,2,24.3,799,1,365,288,84,25,3,49,54,20,2,61,37,21,0,8,4,2,4,5,62,23/24
714245,Gemerson Barbosa,24.01.08_Botafogo,2,26.1,606,1,211,223,104,36,9,24,44,9,5,33,47,11,0,9,5,3,1,5,54,23/24
712072,Lucas Rodriguez,24.01.08_Botafogo,2,20.7,395,0,138,146,74,10,0,24,46,6,1,32,37,9,0,8,1,1,2,1,28,23/24
714195,Luciano Gonzalez,24.01.08_Botafogo,2,24.3,1153,1,473,411,141,86,2,66,76,21,3,56,74,22,2,6,3,3,6,4,63,23/24
714226,Rafael Mineiro,24.01.08_Botafogo,2,18.4,1069,0,408,462,149,6,0,61,93,30,2,62,105,20,0,6,2,4,6,3,63,23/24
703456,Renan Lenz,24.01.08_Botafogo,2,26.1,765,4,221,300,137,46,28,38,73,15,3,20,75,22,0,0,14,1,2,5,67,23/24
703343,Winicius Braga,24.01.08_Botafogo,2,17.7,390,0,135,200,31,0,0,27,39,10,0,31,48,3,0,2,1,1,2,1,19,23/24
709501,Yuri Neptune,24.01.08_Botafogo,2,6.0,43,0,30,0,0,0,0,4,26,0,0,6,24,0,0,2,0,0,0,0,2,23/24
692169,Alexandre Paranhos,24.01.08_Botafogo,3,23.1,830,0,279,363,131,25,0,49,57,21,5,39,76,20,1,0,2,2,5,3,41,23/24
716240,Cristian Cortes,24.01.08_Botafogo,3,18.9,616,0,239,214,134,4,0,38,40,8,2,29,43,9,0,2,3,3,1,0,22,23/24
713851,Danilo Fuzaro,24.01.08_Botafogo,3,20.1,746,0,235,270,190,21,0,41,50,15,5,35,51,17,0,5,4,3,4,2,52,23/24
708457,Felipe Vezaro,24.01.08_Botafogo,3,21.7,814,0,237,343,150,48,0,64,62,14,3,52,56,24,0,7,1,2,4,3,49,23/24
714249,Franco Baralle,24.01.08_Botafogo,3,22.6,838,0,309,318,116,53,0,40,76,8,8,47,68,21,0,6,1,2,4,5,55,23/24
714245,Gemerson Barbosa,24.01.08_Botafogo,3,19.6,574,0,169,264,107,14,0,31,44,12,2,28,44,10,0,10,1,1,3,3,44,23/24
712072,Lucas Rodriguez,24.01.08_Botafogo,3,4.4,19,0,11,0,0,0,0,7,9,0,0,9,7,0,0,15,1,0,0,0,17,23/24
714195,Luciano Gonzalez,24.01.08_Botafogo,3,25.6,1320,1,405,526,243,95,4,70,94,22,11,50,91,34,1,3,1,1,7,6,69,23/24
714226,Rafael Mineiro,24.01.08_Botafogo,3,20.9,621,0,226,281,76,11,0,29,55,11,4,31,54,14,0,2,3,2,2,2,32,23/24
703456,Renan Lenz,24.01.08_Botafogo,3,25.0,853,2,280,364,126,45,5,42,75,17,4,46,70,19,0,1,8,2,3,7,65,23/24
703343,Winicius Braga,24.01.08_Botafogo,3,6.2,21,0,14,0,0,0,0,0,13,0,0,2,11,0,0,4,0,0,0,0,4,23/24
709501,Yuri Neptune,24.01.08_Botafogo,3,26.1,303,1,103,134,32,8,7,17,38,8,1,18,39,8,0,1,1,3,1,0,15,23/24
692169,Alexandre Paranhos,24.01.08_Botafogo,4,7.0,56,0,42,2,0,0,0,9,16,0,0,5,19,0,0,0,0,0,0,0,0,23/24
716240,Cristian Cortes,24.01.08_Botafogo,4,24.6,655,1,234,229,109,56,4,27,47,10,5,27,53,14,0,2,1,2,4,0,26,23/24
713851,Danilo Fuzaro,24.01.08_Botafogo,4,25.4,310,1,136,70,52,32,4,15,29,7,1,15,30,5,0,14,3,1,1,2,35,23/24
708457,Felipe Vezaro,24.01.08_Botafogo,4,19.8,902,0,297,381,149,25,0,57,77,22,3,57,80,22,0,5,3,3,6,2,52,23/24
714249,Franco Baralle,24.01.08_Botafogo,4,5.9,47,0,37,0,0,0,0,3,6,0,0,9,3,0,0,9,0,0,0,0,9,23/24
714245,Gemerson Barbosa,24.01.08_Botafogo,4,26.0,849,3,284,318,131,72,17,41,49,19,4,36,55,16,1,8,2,1,5,5,60,23/24
712072,Lucas Rodriguez,24.01.08_Botafogo,4,26.2,1492,7,407,571,291,132,46,75,82,32,15,67,84,40,1,2,2,5,4,8,76,23/24
714195,Luciano Gonzalez,24.01.08_Botafogo,4,5.8,49,0,44,0,0,0,0,1,7,0,0,5,4,0,0,7,0,0,0,0,7,23/24
714226,Rafael Mineiro,24.01.08_Botafogo,4,18.9,274,0,101,102,54,6,0,14,25,7,0,15,23,4,0,5,1,1,2,0,16,23/24
703456,Renan Lenz,24.01.08_Botafogo,4,23.4,846,0,321,346,128,17,0,40,85,13,1,37,87,14,0,1,9,3,5,4,66,23/24
703343,Winicius Braga,24.01.08_Botafogo,4,22.7,1260,0,417,677,105,11,0,80,121,27,2,63,121,27,0,1,3,3,3,8,65,23/24
709501,Yuri Neptune,24.01.08_Botafogo,4,26.1,1651,3,459,670,366,74,24,86,130,35,11,69,116,43,0,0,1,3,7,11,91,23/24
692169,Alexandre Paranhos,24.01.11_Flamengo,1,26.2,814,2,242,319,158,42,19,43,64,21,3,38,65,23,0,7,1,1,5,4,52,23/24
716240,Cristian Cortes,24.01.11_Flamengo,1,23.1,642,0,218,238,115,36,0,47,54,10,6,45,40,20,0,3,1,3,4,0,29,23/24
713851,Danilo Fuzaro,24.01.11_Flamengo,1,26.0,974,2,288,351,189,90,11,46,89,23,9,43,89,32,0,0,7,1,4,7,70,23/24
708457,Felipe Vezaro,24.01.11_Flamengo,1,23.9,1004,0,241,448,203,75,0,55,70,22,10,53,71,27,1,2,1,2,5,6,56,23/24
714249,Franco Baralle,24.01.11_Flamengo,1,26.1,874,1,292,361,135,23,7,82,62,11,5,60,60,19,0,1,6,1,2,9,70,23/24
714245,Gemerson Barbosa,24.01.11_Flamengo,1,27.0,538,3,132,207,91,53,31,25,49,9,5,21,46,14,0,9,3,1,1,5,45,23/24
712072,Lucas Rodriguez,24.01.11_Flamengo,1,4.2,5,0,4,0,0,0,0,0,3,0,0,0,3,0,0,1,0,0,0,0,1,23/24
714195,Luciano Gonzalez,24.01.11_Flamengo,1,21.0,1163,0,423,405,225,60,0,57,82,32,6,50,87,34,0,3,2,3,6,5,65,23/24
714226,Rafael Mineiro,24.01.11_Flamengo,1,25.6,1068,1,318,482,180,43,3,49,89,27,4,59,81,31,0,4,2,1,2,9,67,23/24
703456,Renan Lenz,24.01.11_Flamengo,1,26.0,800,1,176,373,178,36,8,37,73,17,2,36,65,20,0,0,8,3,4,3,60,23/24
703343,Winicius Braga,24.01.11_Flamengo,1,6.3,67,0,50,1,0,0,0,5,32,0,0,5,33,0,0,10,0,0,0,0,10,23/24
709501,Yuri Neptune,24.01.11_Flamengo,1,7.2,79,0,52,8,0,0,0,6,32,4,0,7,36,0,0,11,1,0,0,0,12,23/24
692169,Alexandre Paranhos,24.01.11_Flamengo,2,23.3,1449,0,551,626,182,22,0,63,126,43,8,56,158,34,0,2,5,5,8,6,89,23/24
716240,Cristian Cortes,24.01.11_Flamengo,2,23.3,509,0,236,171,56,13,0,38,44,9,2,42,39,11,0,4,2,1,3,0,23,23/24
713851,Danilo Fuzaro,24.01.11_Flamengo,2,26.9,823,2,299,291,87,70,17,50,90,22,4,63,83,18,1,3,12,5,5,3,72,23/24
708457,Felipe Vezaro,24.01.11_Flamengo,2,24.3,1239,1,439,496,220,33,2,78,95,15,9,62,90,24,0,5,7,4,4,6,78,23/24
714249,Franco Baralle,24.01.11_Flamengo,2,26.1,1212,4,516,414,141,53,21,74,81,30,8,86,88,26,0,3,7,5,5,4,74,23/24
714245,Gemerson Barbosa,24.01.11_Flamengo,2,9.3,85,0,60,5,0,0,0,11,25,0,1,12,28,0,0,11,15,0,0,0,42,23/24
712072,Lucas Rodriguez,24.01.11_Flamengo,2,12.6,72,0,36,7,2,0,0,17,25,1,1,19,25,0,0,6,2,1,1,0,19,23/24
714195,Luciano Gonzalez,24.01.11_Flamengo,2,26.8,1251,2,541,457,143,29,21,60,100,31,7,60,120,19,1,7,3,5,7,5,79,23/24
714226,Rafael Mineiro,24.01.11_Flamengo,2,18.7,264,0,152,58,26,3,0,14,45,6,1,17,48,4,0,17,7,1,1,1,40,23/24
703456,Renan Lenz,24.01.11_Flamengo,2,24.8,1841,2,586,864,269,54,8,86,141,36,4,75,143,39,0,0,1,8,11,7,105,23/24
703343,Winicius Braga,24.01.11_Flamengo,2,6.9,100,0,67,6,0,0,0,13,43,1,0,18,38,1,0,4,0,0,0,0,5,23/24
709501,Yuri Neptune,24.01.11_Flamengo,2,19.2,247,0,171,35,6,7,0,8,61,2,2,14,60,3,0,5,0,0,0,0,7,23/24
692169,Alexandre Paranhos,24.01.11_Flamengo,3,22.3,1415,0,436,679,184,40,0,88,119,33,7,82,133,35,0,9,5,3,7,7,89,23/24
716240,Cristian Cortes,24.01.11_Flamengo,3,25.9,510,1,223,116,85,28,6,52,44,9,2,48,49,6,0,7,2,3,0,0,23,23/24
713851,Danilo Fuzaro,24.01.11_Flamengo,3,26.9,1423,4,477,414,287,137,26,79,110,36,18,95,105,49,0,0,6,7,7,11,114,23/24
708457,Felipe Vezaro,24.01.11_Flamengo,3,22.1,586,0,232,189,85,39,0,28,77,8,1,36,74,11,0,18,5,3,3,0,50,23/24
714249,Franco Baralle,24.01.11_Flamengo,3,25.7,1273,3,505,475,181,42,12,89,89,21,9,77,75,37,0,8,7,3,5,8,91,23/24
714245,Gemerson Barbosa,24.01.11_Flamengo,3,26.1,678,2,226,209,117,62,17,36,69,15,4,41,72,12,0,12,9,1,3,4,66,23/24
712072,Lucas Rodriguez,24.01.11_Flamengo,3,11.3,67,0,34,10,0,0,0,17,26,0,0,14,28,1,0,7,2,1,0,0,17,23/24
714195,Luciano Gonzalez,24.01.11_Flamengo,3,25.7,1418,3,611,474,201,54,14,66,120,24,7,59,119,29,1,8,8,5,7,1,72,23/24
714226,Rafael Mineiro,24.01.11_Flamengo,3,20.1,263,0,119,88,25,5,0,19,42,6,1,25,41,9,0,21,4,1,1,1,46,23/24
703456,Renan Lenz,24.01.11_Flamengo,3,26.4,1321,2,460,546,197,50,18,70,105,23,5,71,100,25,0,0,14,7,5,4,91,23/24
703343,Winicius Braga,24.01.11_Flamengo,3,14.0,92,0,40,31,3,0,0,5,31,5,0,6,34,1,0,2,1,0,0,0,3,23/24
709501,Yuri Neptune,24.01.11_Flamengo,3,16.7,137,0,66,39,12,0,0,6,44,2,1,7,46,1,0,3,1,1,0,0,7,23/24
692169,Alexandre Paranhos,24.01.11_Flamengo,4,24.2,1562,2,506,714,239,41,3,97,103,40,8,74,129,39,0,1,3,3,8,9,91,23/24
716240,Cristian Cortes,24.01.11_Flamengo,4,22.7,272,0,148,65,21,11,0,23,35,1,1,24,29,4,0,2,2,2,0,0,11,23/24
713851,Danilo Fuzaro,24.01.11_Flamengo,4,27.4,1009,3,331,321,188,89,26,53,85,24,4,49,95,18,2,0,7,5,5,6,82,23/24
708457,Felipe Vezaro,24.01.11_Flamengo,4,26.0,1314,1,416,499,271,65,8,73,93,33,8,55,90,42,0,2,5,4,6,7,82,23/24
714249,Franco Baralle,24.01.11_Flamengo,4,26.0,1312,3,500,461,190,74,20,81,94,27,9,73,96,30,0,0,6,4,7,7,87,23/24
714245,Gemerson Barbosa,24.01.11_Flamengo,4,5.4,31,0,18,0,0,0,0,8,16,0,0,10,14,0,0,19,2,0,0,0,22,23/24
712072,Lucas Rodriguez,24.01.11_Flamengo,4,6.5,74,0,49,3,0,0,0,15,24,1,0,16,24,1,0,5,3,1,1,0,16,23/24
714195,Luciano Gonzalez,24.01.11_Flamengo,4,25.0,1364,2,523,494,178,108,13,67,88,28,15,79,79,43,0,3,4,3,6,6,78,23/24
714226,Rafael Mineiro,24.01.11_Flamengo,4,6.1,42,0,33,1,0,0,0,5,11,0,0,7,10,0,0,10,0,0,0,0,11,23/24
703456,Renan Lenz,24.01.11_Flamengo,4,26.2,1190,1,435,514,146,37,9,63,102,23,1,51,106,21,0,0,6,6,10,2,79,23/24
703343,Winicius Braga,24.01.11_Flamengo,4,7.5,51,0,34,6,0,0,0,4,20,2,0,5,22,0,0,4,1,1,0,0,11,23/24
709501,Yuri Neptune,24.01.11_Flamengo,4,7.1,123,0,88,7,0,0,0,13,41,1,0,11,46,0,0,2,0,0,0,0,2,23/24
692169,Alexandre Paranhos,24.01.13_Vasco,1,26.1,667,1,201,308,91,30,11,34,60,10,3,37,61,10,0,2,1,2,4,1,27,23/24
716240,Cristian Cortes,24.01.13_Vasco,1,18.9,595,0,212,233,107,7,0,44,45,12,5,38,55,15,0,3,1,0,4,1,29,23/24
713851,Danilo Fuzaro,24.01.13_Vasco,1,26.0,1003,3,303,331,234,80,17,47,75,17,7,36,53,35,1,3,4,2,4,6,64,23/24
708457,Felipe Vezaro,24.01.13_Vasco,1,25.9,834,1,287,318,139,42,11,52,66,17,2,53,66,16,0,4,1,1,4,3,40,23/24
714249,Franco Baralle,24.01.13_Vasco,1,22.9,889,0,300,410,105,37,0,57,67,16,5,47,66,21,0,5,2,2,4,4,52,23/24
714245,Gemerson Barbosa,24.01.13_Vasco,1,26.3,615,1,183,258,87,51,9,31,52,16,4,31,59,12,0,4,1,1,2,3,34,23/24
712072,Lucas Rodriguez,24.01.13_Vasco,1,5.4,50,0,29,0,0,0,0,17,16,0,0,16,17,0,0,11,1,0,0,0,13,23/24
714195,Luciano Gonzalez,24.01.13_Vasco,1,26.2,1201,1,417,445,203,79,15,59,72,24,13,48,87,25,2,3,3,4,6,2,53,23/24
714226,Rafael Mineiro,24.01.13_Vasco,1,24.3,964,1,262,437,186,41,5,66,61,28,5,41,75,28,0,3,2,3,5,3,52,23/24
703456,Renan Lenz,24.01.13_Vasco,1,26.3,877,2,272,359,135,45,29,53,85,21,2,48,82,25,0,2,6,2,3,6,60,23/24
703343,Winicius Braga,24.01.13_Vasco,1,6.9,53,0,37,2,0,0,0,2,29,0,0,3,29,0,0,4,0,0,0,0,4,23/24
709501,Yuri Neptune,24.01.13_Vasco,1,7.1,54,0,39,3,0,0,0,2,28,1,0,2,29,0,0,10,0,0,0,0,11,23/24
692169,Alexandre Paranhos,24.01.13_Vasco,2,26.0,1198,1,421,483,175,59,8,46,96,24,10,51,101,32,0,5,4,3,3,4,58,23/24
716240,Cristian Cortes,24.01.13_Vasco,2,23.0,459,0,193,133,91,18,0,29,40,4,1,39,23,8,0,11,1,1,1,2,28,23/24
713851,Danilo Fuzaro,24.01.13_Vasco,2,23.0,1107,0,378,449,168,57,0,66,82,29,8,65,88,26,0,5,7,2,2,1,41,23/24
708457,Felipe Vezaro,24.01.13_Vasco,2,23.6,905,0,368,288,169,42,0,45,63,18,2,51,59,20,0,9,3,3,4,0,41,23/24
714249,Franco Baralle,24.01.13_Vasco,2,26.2,1319,2,477,551,175,39,19,81,99,20,8,80,87,30,0,3,5,2,4,8,79,23/24
714245,Gemerson Barbosa,24.01.13_Vasco,2,26.1,469,1,169,157,82,32,9,23,27,9,3,23,34,9,0,16,3,1,1,3,40,23/24
712072,Lucas Rodriguez,24.01.13_Vasco,2,7.0,123,0,88,6,0,0,0,17,36,1,0,22,36,0,0,8,0,0,0,0,9,23/24
714195,Luciano Gonzalez,24.01.13_Vasco,2,26.0,1151,1,465,384,186,62,11,47,79,21,2,44,68,28,0,8,4,2,5,3,56,23/24
714226,Rafael Mineiro,24.01.13_Vasco,2,20.9,1181,0,451,494,177,17,0,63,96,30,3,60,95,24,0,5,4,3,6,3,60,23/24
703456,Renan Lenz,24.01.13_Vasco,2,27.0,624,1,235,246,72,25,19,30,57,8,0,23,57,10,0,0,15,5,2,2,61,23/24
703343,Winicius Braga,24.01.13_Vasco,2,5.7,93,0,73,0,0,0,0,7,30,0,0,11,26,0,0,1,0,0,0,0,1,23/24
709501,Yuri Neptune,24.01.13_Vasco,2,22.1,362,0,198,97,33,7,0,17,55,5,1,16,53,4,0,2,1,2,0,0,12,23/24
692169,Alexandre Paranhos,24.01.13_Vasco,3,24.9,1046,1,358,473,154,9,3,58,90,29,1,54,108,24,0,2,4,4,6,4,63,23/24
716240,Cristian Cortes,24.01.13_Vasco,3,26.1,891,2,290,340,151,61,18,39,66,15,5,44,50,25,0,1,1,1,4,4,43,23/24
713851,Danilo Fuzaro,24.01.13_Vasco,3,24.0,1234,1,443,486,196,45,1,93,86,30,6,79,95,28,0,2,4,5,6,1,53,23/24
708457,Felipe Vezaro,24.01.13_Vasco,3,21.3,638,0,215,272,105,14,0,50,54,15,2,41,64,12,0,4,2,1,4,1,31,23/24
714249,Franco Baralle,24.01.13_Vasco,3,24.3,766,1,278,324,90,31,6,49,58,16,3,49,57,20,0,4,4,2,4,3,51,23/24
714245,Gemerson Barbosa,24.01.13_Vasco,3,22.8,459,0,121,202,92,22,0,26,40,7,3,28,43,8,0,14,1,1,2,2,36,23/24
712072,Lucas Rodriguez,24.01.13_Vasco,3,4.6,16,0,9,0,0,0,0,8,5,0,0,8,5,0,0,2,0,0,0,0,2,23/24
714195,Luciano Gonzalez,24.01.13_Vasco,3,24.9,1247,1,482,441,211,64,4,68,73,21,13,59,70,37,0,2,4,4,7,3,63,23/24
714226,Rafael Mineiro,24.01.13_Vasco,3,23.2,699,0,221,354,83,6,0,50,63,24,1,37,79,13,0,7,3,3,3,2,44,23/24
703456,Renan Lenz,24.01.13_Vasco,3,25.8,763,1,273,336,100,17,4,34,78,14,1,28,76,12,0,5,7,4,5,2,59,23/24
703343,Winicius Braga,24.01.13_Vasco,3,4.9,12,0,7,0,0,0,0,3,9,0,0,3,9,0,0,0,0,0,0,0,0,23/24
709501,Yuri Neptune,24.01.13_Vasco,3,6.1,35,0,26,0,0,0,0,4,17,0,0,6,16,0,0,2,0,0,0,0,2,23/24
692169,Alexandre Paranhos,24.01.13_Vasco,4,5.4,35,0,23,0,0,0,0,8,15,0,0,9,14,0,0,0,0,0,0,0,0,23/24
716240,Cristian Cortes,24.01.13_Vasco,4,25.3,1636,2,553,599,318,96,8,91,115,37,8,96,106,47,0,0,2,3,8,10,94,23/24
713851,Danilo Fuzaro,24.01.13_Vasco,4,26.2,619,2,199,228,120,21,20,31,60,14,4,29,53,16,0,12,3,1,1,5,51,23/24
708457,Felipe Vezaro,24.01.13_Vasco,4,26.8,1168,1,415,486,162,42,20,80,94,22,3,53,100,19,0,7,2,3,5,4,62,23/24
714249,Franco Baralle,24.01.13_Vasco,4,4.4,20,0,11,0,0,0,0,6,8,0,0,10,4,0,0,3,0,0,0,0,3,23/24
714245,Gemerson Barbosa,24.01.13_Vasco,4,26.0,1652,4,445,598,343,190,24,93,108,30,11,76,108,36,0,0,2,3,8,10,94,23/24
712072,Lucas Rodriguez,24.01.13_Vasco,4,17.5,269,0,117,109,23,0,0,22,33,7,0,23,28,4,0,4,2,2,0,0,13,23/24
714195,Luciano Gonzalez,24.01.13_Vasco,4,6.5,34,0,25,1,0,0,0,5,8,1,0,7,6,0,0,3,0,0,0,0,4,23/24
714226,Rafael Mineiro,24.01.13_Vasco,4,10.1,33,0,21,4,0,0,0,4,13,1,0,5,12,1,0,3,0,0,0,0,3,23/24
703456,Renan Lenz,24.01.13_Vasco,4,22.2,913,0,293,408,146,29,0,51,79,15,3,38,76,24,0,8,4,3,3,6,62,23/24
703343,Winicius Braga,24.01.13_Vasco,4,20.9,648,0,232,330,44,8,0,36,76,17,1,33,78,11,0,1,2,2,5,0,31,23/24
709501,Yuri Neptune,24.01.13_Vasco,4,26.1,1036,2,384,411,122,63,14,60,94,22,3,48,98,24,0,2,2,2,5,7,65,23/24
716240,Cristian Cortes,24.01.17_Brasília,1,26.0,718,3,174,261,174,60,16,46,59,13,1,41,43,26,0,4,2,0,2,5,41,23/24
713851,Danilo Fuzaro,24.01.17_Brasília,1,25.1,813,3,223,329,161,52,14,35,66,26,8,41,64,25,0,0,8,2,3,7,65,23/24
708457,Felipe Vezaro,24.01.17_Brasília,1,20.9,879,0,210,358,244,26,0,67,64,18,3,62,59,19,0,4,1,2,3,5,47,23/24
714249,Franco Baralle,24.01.17_Brasília,1,24.9,751,1,219,323,127,45,8,40,51,22,2,39,59,20,0,8,1,2,4,3,47,23/24
714245,Gemerson Barbosa,24.01.17_Brasília,1,25.7,689,3,194,255,144,62,11,28,53,12,3,27,50,17,0,7,2,1,1,5,45,23/24
714195,Luciano Gonzalez,24.01.17_Brasília,1,23.0,1162,0,373,497,192,61,0,65,78,22,6,59,70,29,0,4,3,2,6,3,60,23/24
714226,Rafael Mineiro,24.01.17_Brasília,1,21.5,801,0,214,392,151,19,0,44,64,19,2,31,64,25,0,8,2,1,1,7,55,23/24
703456,Renan Lenz,24.01.17_Brasília,1,26.0,1241,2,288,557,217,141,7,59,81,30,5,37,93,32,0,0,1,5,4,10,81,23/24
703343,Winicius Braga,24.01.17_Brasília,1,15.8,366,0,136,184,24,0,0,29,45,3,1,24,42,5,0,12,3,1,1,2,35,23/24
709501,Yuri Neptune,24.01.17_Brasília,1,20.3,240,0,104,66,41,6,0,16,45,5,0,13,49,3,0,6,2,1,1,0,18,23/24
716240,Cristian Cortes,24.01.17_Brasília,2,26.3,1069,2,396,380,196,48,14,41,75,17,6,53,74,19,0,8,4,3,4,4,64,23/24
713851,Danilo Fuzaro,24.01.17_Brasília,2,23.3,711,0,385,154,104,23,0,38,61,12,5,35,58,16,0,8,11,1,6,3,71,23/24
708457,Felipe Vezaro,24.01.17_Brasília,2,23.2,969,0,328,393,173,21,0,60,86,16,3,75,76,16,0,13,3,3,4,6,73,23/24
714249,Franco Baralle,24.01.17_Brasília,2,26.2,1305,1,581,455,152,25,12,87,95,31,2,89,95,21,1,6,4,6,10,2,85,23/24
714245,Gemerson Barbosa,24.01.17_Brasília,2,25.9,579,2,234,184,89,39,8,19,45,11,4,26,45,12,0,16,6,1,1,4,55,23/24
714195,Luciano Gonzalez,24.01.17_Brasília,2,21.7,728,0,322,248,101,24,0,37,50,13,7,30,55,15,0,15,4,2,3,2,53,23/24
714226,Rafael Mineiro,24.01.17_Brasília,2,19.2,1140,0,474,449,152,9,0,62,121,25,5,56,115,25,0,8,4,2,6,8,86,23/24
703456,Renan Lenz,24.01.17_Brasília,2,21.1,1393,0,512,602,206,27,0,75,108,20,3,47,110,30,0,0,2,10,11,5,106,23/24
703343,Winicius Braga,24.01.17_Brasília,2,23.4,636,0,285,259,38,19,0,39,61,14,2,39,68,7,0,15,3,3,4,2,56,23/24
709501,Yuri Neptune,24.01.17_Brasília,2,27.4,952,1,399,309,142,37,18,41,97,20,1,32,96,24,0,5,4,3,4,4,55,23/24
716240,Cristian Cortes,24.01.17_Brasília,3,26.1,1101,2,375,406,199,64,12,65,76,21,4,56,68,26,0,2,2,4,5,3,53,23/24
713851,Danilo Fuzaro,24.01.17_Brasília,3,23.3,850,0,282,342,139,40,0,51,80,26,4,47,76,24,0,8,6,3,4,6,74,23/24
708457,Felipe Vezaro,24.01.17_Brasília,3,26.2,920,2,277,397,147,41,17,56,80,20,2,44,74,22,0,6,3,3,6,2,57,23/24
714249,Franco Baralle,24.01.17_Brasília,3,22.4,590,0,208,235,90,16,0,46,45,15,4,52,42,18,0,4,3,2,5,1,39,23/24
714245,Gemerson Barbosa,24.01.17_Brasília,3,26.3,1064,3,315,363,214,102,29,47,84,19,6,52,63,29,0,7,1,2,6,5,67,23/24
714195,Luciano Gonzalez,24.01.17_Brasília,3,24.7,784,1,250,287,135,77,3,41,64,14,5,30,56,23,1,5,2,1,5,2,43,23/24
714226,Rafael Mineiro,24.01.17_Brasília,3,21.7,892,0,299,378,158,19,0,55,78,23,3,45,90,19,0,9,3,2,4,6,69,23/24
703456,Renan Lenz,24.01.17_Brasília,3,25.5,773,1,198,344,170,29,3,42,69,17,3,27,73,20,0,1,13,4,4,5,78,23/24
703343,Winicius Braga,24.01.17_Brasília,3,24.4,697,1,218,343,74,22,3,43,77,16,1,39,79,17,0,10,1,2,4,4,54,23/24
709501,Yuri Neptune,24.01.17_Brasília,3,25.8,808,2,286,286,149,32,13,45,69,20,7,37,78,20,0,5,2,4,2,2,38,23/24
716240,Cristian Cortes,24.01.17_Brasília,4,27.0,1251,4,476,419,176,74,61,73,81,22,4,65,76,25,1,5,3,2,4,8,72,23/24
713851,Danilo Fuzaro,24.01.17_Brasília,4,25.2,721,1,296,233,111,37,2,37,74,13,3,40,64,15,0,9,5,1,3,3,54,23/24
708457,Felipe Vezaro,24.01.17_Brasília,4,25.5,1088,3,385,383,184,68,14,60,86,21,5,56,81,29,1,2,7,2,2,9,77,23/24
714249,Franco Baralle,24.01.17_Brasília,4,15.7,393,0,214,122,22,0,0,40,25,8,1,35,29,6,0,5,2,2,1,0,20,23/24
714245,Gemerson Barbosa,24.01.17_Brasília,4,26.1,1215,2,360,417,259,123,17,69,79,21,5,58,84,25,0,4,5,2,3,9,76,23/24
714195,Luciano Gonzalez,24.01.17_Brasília,4,6.2,124,0,109,2,0,0,0,6,12,0,0,8,11,0,0,3,0,0,0,0,3,23/24
714226,Rafael Mineiro,24.01.17_Brasília,4,20.6,741,0,296,307,95,4,0,39,76,13,2,38,77,14,0,9,4,2,3,5,55,23/24
703456,Renan Lenz,24.01.17_Brasília,4,23.1,521,0,202,203,84,6,0,28,47,14,1,27,57,8,0,1,14,2,2,3,58,23/24
703343,Winicius Braga,24.01.17_Brasília,4,19.7,791,0,317,322,110,5,0,42,72,14,1,41,71,18,0,5,8,2,1,6,63,23/24
709501,Yuri Neptune,24.01.17_Brasília,4,25.8,1460,1,432,527,312,124,8,65,111,36,5,41,120,37,0,0,4,4,4,11,89,23/24
692169,Alexandre Paranhos,24.01.19_Cerrado,1,24.5,738,1,226,326,111,34,2,43,71,10,4,41,73,17,0,1,1,4,5,1,41,23/24
716240,Cristian Cortes,24.01.19_Cerrado,1,26.0,791,2,310,250,135,41,11,43,67,20,6,44,69,20,0,5,1,1,7,2,45,23/24
713851,Danilo Fuzaro,24.01.19_Cerrado,1,26.3,1095,2,313,438,190,79,20,51,101,26,8,51,102,29,0,0,7,2,3,9,78,23/24
708457,Felipe Vezaro,24.01.19_Cerrado,1,24.8,821,1,337,301,105,25,1,49,78,18,5,63,70,21,0,4,2,3,5,1,44,23/24
714249,Franco Baralle,24.01.19_Cerrado,1,21.7,746,0,258,313,126,11,0,43,72,9,2,34,59,16,0,6,1,1,3,3,39,23/24
714245,Gemerson Barbosa,24.01.19_Cerrado,1,25.8,766,2,188,262,156,114,12,30,67,20,3,28,71,20,0,7,1,1,3,5,52,23/24
714195,Luciano Gonzalez,24.01.19_Cerrado,1,26.3,1061,2,386,375,161,76,21,50,72,24,8,42,82,27,0,7,3,2,6,2,54,23/24
714226,Rafael Mineiro,24.01.19_Cerrado,1,25.5,797,2,252,383,96,25,8,40,63,19,5,43,79,11,0,9,2,1,2,6,55,23/24
703456,Renan Lenz,24.01.19_Cerrado,1,26.0,706,2,199,293,130,47,13,33,56,18,2,28,54,16,1,0,9,5,2,5,66,23/24
703343,Winicius Braga,24.01.19_Cerrado,1,6.2,45,0,32,1,0,0,0,6,18,1,0,4,22,0,0,9,2,0,0,0,12,23/24
709501,Yuri Neptune,24.01.19_Cerrado,1,6.7,80,0,64,1,0,0,0,6,28,1,0,3,31,0,0,6,1,0,0,0,10,23/24
692169,Alexandre Paranhos,24.01.19_Cerrado,2,20.2,398,0,206,98,55,12,0,27,40,7,0,22,37,6,0,4,2,2,3,0,24,23/24
716240,Cristian Cortes,24.01.19_Cerrado,2,23.8,513,0,218,129,94,37,0,31,49,5,4,39,41,12,0,10,2,2,2,0,31,23/24
713851,Danilo Fuzaro,24.01.19_Cerrado,2,26.1,1274,2,596,372,158,58,15,73,121,26,6,79,118,28,0,0,8,6,9,7,103,23/24
708457,Felipe Vezaro,24.01.19_Cerrado,2,24.3,472,1,205,141,71,13,4,34,58,6,2,33,54,9,0,11,3,3,1,0,30,23/24
714249,Franco Baralle,24.01.19_Cerrado,2,22.6,1402,0,636,459,192,43,0,74,107,35,3,80,107,25,0,5,7,5,9,4,89,23/24
714245,Gemerson Barbosa,24.01.19_Cerrado,2,21.6,340,0,192,80,22,25,0,19,29,5,2,21,32,4,0,19,4,1,2,0,39,23/24
714195,Luciano Gonzalez,24.01.19_Cerrado,2,26.0,1042,2,491,299,124,78,8,47,87,13,7,49,74,23,1,11,5,3,5,5,75,23/24
714226,Rafael Mineiro,24.01.19_Cerrado,2,21.6,1490,0,583,596,207,41,0,74,121,35,7,73,129,31,0,4,6,5,6,9,98,23/24
703456,Renan Lenz,24.01.19_Cerrado,2,21.4,1449,0,554,556,226,65,0,66,101,31,9,44,109,41,0,0,8,6,9,6,104,23/24
703343,Winicius Braga,24.01.19_Cerrado,2,7.0,107,0,88,4,0,0,0,7,24,0,0,10,22,0,0,7,0,0,0,0,7,23/24
709501,Yuri Neptune,24.01.19_Cerrado,2,26.1,903,2,395,242,160,39,23,43,79,17,5,39,85,19,0,4,5,2,3,3,46,23/24
692169,Alexandre Paranhos,24.01.19_Cerrado,3,25.9,694,1,245,310,81,24,7,34,54,18,7,36,59,17,0,1,1,1,4,4,43,23/24
716240,Cristian Cortes,24.01.19_Cerrado,3,26.4,670,3,219,191,164,37,29,28,42,18,4,37,39,19,0,3,1,1,3,3,39,23/24
713851,Danilo Fuzaro,24.01.19_Cerrado,3,26.0,850,3,316,284,139,47,12,46,77,20,7,49,81,21,0,2,10,2,5,5,72,23/24
708457,Felipe Vezaro,24.01.19_Cerrado,3,26.0,756,1,266,287,137,17,12,56,48,17,5,50,53,18,0,2,2,3,4,2,38,23/24
714249,Franco Baralle,24.01.19_Cerrado,3,25.6,925,1,323,417,104,23,5,71,70,27,3,66,78,20,0,7,2,3,8,2,63,23/24
714245,Gemerson Barbosa,24.01.19_Cerrado,3,26.2,420,4,100,128,53,69,53,19,30,9,3,11,31,10,0,6,1,1,2,1,27,23/24
714195,Luciano Gonzalez,24.01.19_Cerrado,3,24.9,1497,1,659,499,172,105,4,83,113,25,2,84,107,20,1,2,6,4,9,2,73,23/24
714226,Rafael Mineiro,24.01.19_Cerrado,3,21.3,1368,0,453,604,222,28,0,78,123,32,4,57,128,29,0,1,4,3,5,10,90,23/24
703456,Renan Lenz,24.01.19_Cerrado,3,26.7,856,1,287,351,147,13,11,37,88,16,3,41,93,14,0,1,10,3,6,4,73,23/24
703343,Winicius Braga,24.01.19_Cerrado,3,6.2,21,0,12,1,0,0,0,3,12,0,0,3,12,0,0,1,0,0,0,0,1,23/24
709501,Yuri Neptune,24.01.19_Cerrado,3,6.7,33,0,24,1,0,0,0,5,14,1,0,4,15,1,0,3,0,0,0,0,3,23/24
692169,Alexandre Paranhos,24.01.19_Cerrado,4,25.8,1130,1,416,520,108,20,9,65,96,25,4,56,105,19,0,3,3,2,4,10,83,23/24
716240,Cristian Cortes,24.01.19_Cerrado,4,26.7,1232,3,463,402,237,61,29,49,80,28,9,49,71,31,1,4,3,2,6,5,67,23/24
713851,Danilo Fuzaro,24.01.19_Cerrado,4,5.0,71,0,51,0,0,0,0,14,20,0,0,15,19,0,0,15,7,0,0,0,29,23/24
708457,Felipe Vezaro,24.01.19_Cerrado,4,24.0,1432,1,517,571,196,80,1,74,113,20,14,68,102,33,0,0,4,4,6,8,86,23/24
714249,Franco Baralle,24.01.19_Cerrado,4,25.8,744,1,300,291,97,10,3,49,67,15,3,41,68,16,0,7,4,3,4,2,47,23/24
714245,Gemerson Barbosa,24.01.19_Cerrado,4,31.2,1618,1,480,664,284,110,24,82,102,31,10,79,104,33,3,0,1,3,8,11,96,23/24
714195,Luciano Gonzalez,24.01.19_Cerrado,4,25.8,911,2,364,303,144,57,8,47,69,15,5,41,64,24,0,7,4,3,4,5,62,23/24
714226,Rafael Mineiro,24.01.19_Cerrado,4,20.8,659,0,260,280,69,8,0,49,78,13,2,35,84,13,0,9,6,2,2,3,51,23/24
703456,Renan Lenz,24.01.19_Cerrado,4,6.7,88,0,68,5,0,0,0,2,33,0,0,5,33,0,0,5,16,1,0,0,41,23/24
703343,Winicius Braga,24.01.19_Cerrado,4,6.5,40,0,29,1,0,0,0,3,16,0,0,2,17,0,0,1,0,0,0,0,1,23/24
709501,Yuri Neptune,24.01.19_Cerrado,4,6.4,79,0,61,2,0,0,0,5,24,2,0,10,24,0,0,2,0,0,0,0,2,23/24
692169,Alexandre Paranhos,24.02.08_Mogi,1,25.3,953,1,290,458,132,26,5,46,86,32,4,52,81,32,0,2,1,2,7,3,52,23/24
716240,Cristian Cortes,24.02.08_Mogi,1,26.0,889,5,314,314,125,80,20,48,55,22,7,55,57,19,1,3,0,1,5,4,45,23/24
713851,Danilo Fuzaro,24.02.08_Mogi,1,25.4,572,1,167,183,162,33,3,26,47,13,4,22,45,16,1,6,2,0,1,1,21,23/24
708457,Felipe Vezaro,24.02.08_Mogi,1,24.1,756,1,255,270,172,24,1,51,74,11,5,37,69,21,0,1,1,3,4,1,34,23/24
714249,Franco Baralle,24.02.08_Mogi,1,22.5,643,0,222,243,119,21,0,42,43,17,3,43,46,15,0,5,2,1,5,2,43,23/24
714245,Gemerson Barbosa,24.02.08_Mogi,1,26.1,513,1,121,200,121,33,11,28,52,10,4,24,49,12,0,6,2,1,1,3,31,23/24
712072,Lucas Rodriguez,24.02.08_Mogi,1,5.6,36,0,24,0,0,0,0,4,21,0,0,5,20,0,0,7,0,0,0,0,7,23/24
714195,Luciano Gonzalez,24.02.08_Mogi,1,23.9,1051,0,413,375,179,42,0,52,88,26,3,52,79,31,0,3,3,3,5,2,52,23/24
714226,Rafael Mineiro,24.02.08_Mogi,1,18.2,990,0,336,480,134,1,0,63,89,26,7,50,99,27,0,5,2,3,6,3,58,23/24
703456,Renan Lenz,24.02.08_Mogi,1,18.4,403,0,144,178,46,5,0,27,64,8,0,23,57,10,0,1,13,2,3,1,50,23/24
703343,Winicius Braga,24.02.08_Mogi,1,7.3,35,0,23,2,0,0,0,8,14,0,0,9,15,0,0,3,1,0,0,0,6,23/24
709501,Yuri Neptune,24.02.08_Mogi,1,26.1,516,1,143,183,114,41,9,27,45,15,3,25,48,15,0,7,1,1,2,3,32,23/24
692169,Alexandre Paranhos,24.02.08_Mogi,2,13.1,249,0,119,108,7,0,0,16,24,8,1,17,36,2,0,3,1,1,1,0,13,23/24
716240,Cristian Cortes,24.02.08_Mogi,2,25.8,643,2,215,225,134,37,8,28,44,15,6,34,40,15,0,12,2,1,2,5,47,23/24
713851,Danilo Fuzaro,24.02.08_Mogi,2,26.4,960,2,334,359,144,55,11,60,83,21,6,65,82,20,1,6,4,5,8,2,67,23/24
708457,Felipe Vezaro,24.02.08_Mogi,2,26.0,705,1,209,252,156,42,11,57,57,14,2,44,55,21,0,7,2,2,3,3,47,23/24
714249,Franco Baralle,24.02.08_Mogi,2,23.6,510,0,247,134,58,40,0,35,35,15,3,43,39,11,0,8,2,2,3,2,37,23/24
714245,Gemerson Barbosa,24.02.08_Mogi,2,26.0,789,2,228,271,168,79,12,35,74,13,5,27,70,14,1,8,2,2,3,4,50,23/24
712072,Lucas Rodriguez,24.02.08_Mogi,2,26.0,507,2,188,191,56,33,14,39,43,7,4,40,40,10,0,10,3,3,2,1,41,23/24
714195,Luciano Gonzalez,24.02.08_Mogi,2,21.4,781,0,350,269,98,26,0,35,74,13,3,33,76,14,0,7,3,2,5,1,42,23/24
714226,Rafael Mineiro,24.02.08_Mogi,2,24.0,732,0,256,336,79,30,0,47,56,20,3,37,74,19,0,9,3,3,3,2,46,23/24
703456,Renan Lenz,24.02.08_Mogi,2,22.3,911,0,271,374,174,57,0,37,85,19,3,38,81,26,0,1,12,2,5,4,71,23/24
703343,Winicius Braga,24.02.08_Mogi,2,20.6,581,0,220,267,48,20,0,38,58,11,1,45,57,8,0,2,2,2,4,0,25,23/24
709501,Yuri Neptune,24.02.08_Mogi,2,21.6,637,0,177,281,143,6,0,36,83,9,1,30,79,12,0,10,7,1,1,5,57,23/24
692169,Alexandre Paranhos,24.02.08_Mogi,3,15.2,176,0,80,71,15,0,0,7,15,7,1,9,23,2,0,1,1,1,1,0,6,23/24
716240,Cristian Cortes,24.02.08_Mogi,3,26.0,873,1,355,281,142,52,11,52,57,18,8,50,63,22,0,4,1,1,3,6,49,23/24
713851,Danilo Fuzaro,24.02.08_Mogi,3,25.5,854,2,273,286,178,73,6,48,63,23,4,40,68,21,0,6,2,1,4,5,55,23/24
708457,Felipe Vezaro,24.02.08_Mogi,3,24.5,1285,2,351,588,221,75,6,84,85,24,8,77,85,32,0,2,3,3,5,4,58,23/24
714249,Franco Baralle,24.02.08_Mogi,3,18.9,490,0,159,180,120,3,0,32,40,13,0,35,30,11,0,3,1,2,1,2,25,23/24
714245,Gemerson Barbosa,24.02.08_Mogi,3,26.3,647,2,148,233,168,63,16,25,49,11,3,20,46,18,0,7,1,1,3,4,41,23/24
712072,Lucas Rodriguez,24.02.08_Mogi,3,4.4,16,0,10,0,0,0,0,4,6,0,0,5,5,0,0,9,1,0,0,0,10,23/24
714195,Luciano Gonzalez,24.02.08_Mogi,3,26.0,593,1,194,222,114,30,4,43,49,11,4,34,50,18,1,2,1,2,4,0,27,23/24
714226,Rafael Mineiro,24.02.08_Mogi,3,22.5,1136,0,341,510,203,36,0,77,91,27,11,58,115,32,0,2,1,2,4,9,70,23/24
703456,Renan Lenz,24.02.08_Mogi,3,25.5,902,2,269,337,201,54,7,38,79,24,1,32,79,28,0,1,6,1,4,6,62,23/24
703343,Winicius Braga,24.02.08_Mogi,3,5.3,9,0,5,0,0,0,0,2,7,0,0,3,6,0,0,3,4,2,1,1,30,23/24
709501,Yuri Neptune,24.02.08_Mogi,3,25.8,243,2,83,74,41,25,6,16,23,5,2,12,24,5,0,10,1,0,2,0,20,23/24
692169,Alexandre Paranhos,24.02.08_Mogi,4,21.3,582,0,232,247,51,14,0,41,52,17,2,36,61,19,0,1,1,2,3,1,27,23/24
716240,Cristian Cortes,24.02.08_Mogi,4,21.4,627,0,302,188,87,20,0,29,51,8,5,27,43,12,1,7,1,1,2,2,33,23/24
713851,Danilo Fuzaro,24.02.08_Mogi,4,6.1,58,0,46,1,0,0,0,6,13,0,0,8,11,0,0,17,1,0,0,0,18,23/24
708457,Felipe Vezaro,24.02.08_Mogi,4,18.8,860,0,343,351,114,5,0,63,69,18,1,65,74,8,0,5,3,3,4,1,42,23/24
714249,Franco Baralle,24.02.08_Mogi,4,25.5,555,1,243,193,60,20,6,28,54,11,2,27,42,15,0,6,1,2,3,2,36,23/24
714245,Gemerson Barbosa,24.02.08_Mogi,4,24.0,1241,0,403,487,238,65,0,61,95,25,6,68,90,29,0,4,2,3,5,7,70,23/24
712072,Lucas Rodriguez,24.02.08_Mogi,4,21.0,568,0,223,222,86,4,0,36,52,11,0,38,52,10,0,7,3,1,4,1,37,23/24
714195,Luciano Gonzalez,24.02.08_Mogi,4,23.2,640,0,301,200,90,23,0,27,41,13,2,24,43,12,0,3,1,2,3,1,28,23/24
714226,Rafael Mineiro,24.02.08_Mogi,4,6.4,77,0,67,2,0,0,0,3,12,0,0,5,13,0,0,7,0,0,0,0,7,23/24
703456,Renan Lenz,24.02.08_Mogi,4,18.0,383,0,188,131,39,0,0,29,45,4,0,24,44,6,0,1,13,3,4,0,50,23/24
703343,Winicius Braga,24.02.08_Mogi,4,16.2,877,0,332,461,45,0,0,58,86,17,0,58,95,14,0,1,3,3,6,3,55,23/24
709501,Yuri Neptune,24.02.08_Mogi,4,26.0,1404,2,470,575,242,54,9,86,100,30,8,64,118,34,0,0,1,4,5,11,88,23/24
692169,Alexandre Paranhos,24.02.15_São Paulo,1,22.1,789,0,230,369,109,38,0,40,70,25,4,37,68,26,0,7,0,1,2,6,50,23/24
716240,Cristian Cortes,24.02.15_São Paulo,1,26.2,668,4,222,204,138,38,38,40,55,12,4,38,46,17,1,6,1,2,3,2,37,23/24
713851,Danilo Fuzaro,24.02.15_São Paulo,1,26.2,1226,4,369,414,260,119,26,53,83,23,6,50,70,34,0,0,5,3,3,9,77,23/24
708457,Felipe Vezaro,24.02.15_São Paulo,1,21.2,647,0,212,244,113,36,0,47,48,16,6,46,60,14,0,4,3,3,3,2,39,23/24
714249,Franco Baralle,24.02.15_São Paulo,1,20.0,871,0,269,397,148,13,0,52,65,18,4,48,63,20,0,7,3,1,3,6,58,23/24
714245,Gemerson Barbosa,24.02.15_São Paulo,1,25.9,625,1,244,242,80,16,7,26,74,10,1,19,71,12,0,0,8,4,8,1,60,23/24
709202,Leandro Moura,24.02.15_São Paulo,1,7.2,51,0,37,2,0,0,0,3,23,1,0,6,23,0,0,17,2,0,0,0,20,23/24
712072,Lucas Rodriguez,24.02.15_São Paulo,1,5.2,28,0,13,0,0,0,0,9,18,0,0,12,15,0,0,4,0,0,0,0,4,23/24
714195,Luciano Gonzalez,24.02.15_São Paulo,1,22.9,1202,0,479,433,186,58,0,68,83,28,6,63,88,26,0,3,5,4,6,2,60,23/24
714226,Rafael Mineiro,24.02.15_São Paulo,1,21.8,1018,0,279,479,188,33,0,62,82,20,4,35,95,24,0,6,1,1,6,4,55,23/24
703456,Renan Lenz,24.02.15_São Paulo,1,26.0,505,2,159,217,58,24,18,32,50,10,2,29,51,12,0,10,2,2,4,0,37,23/24
703343,Winicius Braga,24.02.15_São Paulo,1,6.5,29,0,16,2,0,0,0,5,18,0,0,10,15,0,0,4,0,0,0,0,4,23/24
692169,Alexandre Paranhos,24.02.15_São Paulo,2,22.8,531,0,260,144,76,22,0,28,40,16,0,21,49,13,0,3,1,2,5,0,29,23/24
716240,Cristian Cortes,24.02.15_São Paulo,2,27.3,1212,3,450,430,212,50,32,54,70,19,8,48,73,20,2,11,8,7,5,2,74,23/24
713851,Danilo Fuzaro,24.02.15_São Paulo,2,26.1,1497,4,609,434,259,93,26,85,118,33,7,81,112,37,0,0,11,9,9,5,114,23/24
708457,Felipe Vezaro,24.02.15_São Paulo,2,22.4,840,0,380,280,120,14,0,45,75,14,2,49,58,20,0,16,4,4,3,1,55,23/24
714249,Franco Baralle,24.02.15_São Paulo,2,26.1,918,2,386,277,132,41,16,57,70,16,4,81,55,19,0,17,6,4,4,5,79,23/24
714245,Gemerson Barbosa,24.02.15_São Paulo,2,24.6,1461,1,610,511,207,63,3,66,108,24,5,68,104,33,0,4,9,10,9,3,103,23/24
709202,Leandro Moura,24.02.15_São Paulo,2,6.5,103,0,84,1,0,0,0,7,28,0,0,10,26,0,0,4,0,0,0,0,5,23/24
712072,Lucas Rodriguez,24.02.15_São Paulo,2,6.2,105,0,81,1,0,0,0,13,28,0,0,18,23,0,0,4,0,0,0,0,4,23/24
714195,Luciano Gonzalez,24.02.15_São Paulo,2,25.6,1421,2,634,380,249,82,6,72,111,26,9,60,126,29,0,4,4,3,5,9,85,23/24
714226,Rafael Mineiro,24.02.15_São Paulo,2,20.6,1245,0,504,434,202,38,0,54,125,31,8,48,136,35,0,11,4,6,6,4,81,23/24
703456,Renan Lenz,24.02.15_São Paulo,2,26.1,733,3,329,212,94,51,14,28,64,7,8,31,53,22,0,21,3,3,2,2,59,23/24
703343,Winicius Braga,24.02.15_São Paulo,2,6.1,58,0,49,1,0,0,0,5,11,0,0,7,10,0,0,1,0,0,0,0,1,23/24
692169,Alexandre Paranhos,24.02.15_São Paulo,3,15.3,192,0,92,73,6,0,0,14,34,5,0,9,41,2,0,5,1,1,0,0,10,23/24
716240,Cristian Cortes,24.02.15_São Paulo,3,26.1,747,2,228,242,178,49,17,44,59,16,6,40,56,22,0,4,1,2,4,2,37,23/24
713851,Danilo Fuzaro,24.02.15_São Paulo,3,24.9,1322,3,421,456,319,68,9,68,84,35,5,58,90,38,0,0,3,4,6,8,83,23/24
708457,Felipe Vezaro,24.02.15_São Paulo,3,24.4,566,1,182,229,90,27,3,43,48,11,1,40,50,10,0,9,2,2,1,0,25,23/24
714249,Franco Baralle,24.02.15_São Paulo,3,24.9,771,1,285,309,105,22,4,55,69,17,3,51,76,14,0,8,2,2,2,7,62,23/24
714245,Gemerson Barbosa,24.02.15_São Paulo,3,25.8,497,1,154,200,67,33,10,30,60,14,1,35,53,15,0,3,9,4,3,2,53,23/24
709202,Leandro Moura,24.02.15_São Paulo,3,5.7,55,0,36,0,0,0,0,7,22,0,0,17,18,0,0,3,1,1,0,0,6,23/24
712072,Lucas Rodriguez,24.02.15_São Paulo,3,5.9,32,0,17,0,0,0,0,7,19,0,0,8,18,0,0,2,0,0,0,0,3,23/24
714195,Luciano Gonzalez,24.02.15_São Paulo,3,25.2,1229,3,440,439,199,92,14,61,81,33,7,57,80,40,2,0,1,2,5,8,72,23/24
714226,Rafael Mineiro,24.02.15_São Paulo,3,20.8,1274,0,437,616,131,49,0,77,91,32,7,75,90,36,0,4,2,1,4,10,78,23/24
703456,Renan Lenz,24.02.15_São Paulo,3,26.1,1170,2,279,447,273,118,17,48,78,31,7,48,82,27,0,6,2,1,4,7,66,23/24
703343,Winicius Braga,24.02.15_São Paulo,3,7.4,21,0,12,2,0,0,0,1,13,1,0,3,14,0,0,3,2,0,1,0,11,23/24
692169,Alexandre Paranhos,24.02.15_São Paulo,4,23.4,1298,0,489,571,124,49,0,73,103,40,6,75,116,37,0,6,3,4,7,7,85,23/24
716240,Cristian Cortes,24.02.15_São Paulo,4,27.0,876,1,329,299,167,26,18,42,68,15,3,35,67,17,0,9,3,2,4,1,43,23/24
713851,Danilo Fuzaro,24.02.15_São Paulo,4,27.0,989,3,388,298,153,76,20,53,93,15,4,53,85,21,2,5,13,4,6,2,79,23/24
708457,Felipe Vezaro,24.02.15_São Paulo,4,19.7,720,0,335,248,71,9,0,48,85,8,2,55,73,13,0,16,6,3,1,1,45,23/24
714249,Franco Baralle,24.02.15_São Paulo,4,26.0,1143,1,474,411,132,46,7,84,90,15,4,81,79,18,0,6,8,6,4,6,88,23/24
714245,Gemerson Barbosa,24.02.15_São Paulo,4,23.2,1095,0,435,406,155,49,0,62,100,22,2,56,108,19,0,1,14,6,6,4,90,23/24
709202,Leandro Moura,24.02.15_São Paulo,4,8.9,160,0,126,5,0,0,0,12,39,2,0,17,40,0,0,4,1,1,1,3,27,23/24
712072,Lucas Rodriguez,24.02.15_São Paulo,4,7.8,106,0,71,9,0,0,0,14,30,1,0,18,28,0,0,4,0,0,0,0,4,23/24
714195,Luciano Gonzalez,24.02.15_São Paulo,4,26.4,1569,2,697,512,181,87,11,90,119,32,7,82,116,35,1,3,4,3,4,6,65,23/24
714226,Rafael Mineiro,24.02.15_São Paulo,4,21.2,868,0,425,272,116,12,0,46,78,17,1,35,85,15,0,14,7,5,3,2,63,23/24
703456,Renan Lenz,24.02.15_São Paulo,4,19.6,227,0,140,57,8,3,0,12,32,2,0,16,29,1,0,21,3,0,0,0,29,23/24
703343,Winicius Braga,24.02.15_São Paulo,4,6.4,65,0,49,1,0,0,0,8,30,0,0,9,28,1,0,4,1,1,0,1,12,23/24
692169,Alexandre Paranhos,24.02.29_Franca,1,23.3,932,0,298,431,134,23,0,61,78,24,7,52,80,27,0,6,4,2,3,5,60,23/24
716240,Cristian Cortes,24.02.29_Franca,1,27.3,870,3,278,301,163,53,36,45,61,15,7,51,51,21,1,6,3,2,4,4,51,23/24
708457,Felipe Vezaro,24.02.29_Franca,1,20.9,1003,0,317,431,195,16,0,53,83,20,3,44,80,27,0,6,5,2,3,6,64,23/24
714249,Franco Baralle,24.02.29_Franca,1,25.2,1056,1,397,413,164,27,3,60,71,23,7,63,75,22,0,3,3,4,5,7,73,23/24
714245,Gemerson Barbosa,24.02.29_Franca,1,25.9,1006,4,228,422,203,109,16,34,82,24,7,32,70,29,0,2,8,3,3,4,58,23/24
714195,Luciano Gonzalez,24.02.29_Franca,1,26.6,1497,6,485,544,285,98,46,66,89,26,12,50,96,38,2,2,3,4,6,6,74,23/24
714226,Rafael Mineiro,24.02.29_Franca,1,21.5,651,0,253,240,98,26,0,41,60,14,3,43,55,16,0,9,2,0,2,2,36,23/24
703456,Renan Lenz,24.02.29_Franca,1,21.9,723,0,192,316,159,29,0,37,57,19,2,26,68,17,0,0,11,3,5,2,62,23/24
703343,Winicius Braga,24.02.29_Franca,1,5.5,29,0,16,0,0,0,0,6,24,0,0,6,25,0,0,8,0,0,0,0,9,23/24
709501,Yuri Neptune,24.02.29_Franca,1,26.1,785,2,199,290,168,78,21,30,68,18,7,27,68,24,0,7,2,2,1,3,34,23/24
692169,Alexandre Paranhos,24.02.29_Franca,2,25.8,1106,1,492,394,101,43,13,60,105,23,6,77,100,25,0,4,8,4,6,6,86,23/24
716240,Cristian Cortes,24.02.29_Franca,2,24.9,747,3,339,238,78,50,7,38,51,11,4,39,53,12,1,19,1,3,3,3,57,23/24
708457,Felipe Vezaro,24.02.29_Franca,2,24.8,1032,1,364,375,175,70,4,63,72,21,7,54,72,23,0,8,8,4,4,6,82,23/24
714249,Franco Baralle,24.02.29_Franca,2,24.5,1209,2,533,387,162,58,5,81,79,22,7,79,68,27,0,4,11,5,6,5,88,23/24
714245,Gemerson Barbosa,24.02.29_Franca,2,26.1,1129,2,384,396,193,96,17,55,85,19,7,53,71,25,0,10,9,4,3,4,71,23/24
714195,Luciano Gonzalez,24.02.29_Franca,2,26.0,1416,2,629,443,157,107,14,79,84,29,10,75,88,34,0,3,8,8,7,4,91,23/24
714226,Rafael Mineiro,24.02.29_Franca,2,20.1,1421,0,524,611,194,32,0,84,119,24,6,62,127,29,0,6,6,5,5,7,92,23/24
703456,Renan Lenz,24.02.29_Franca,2,24.4,902,1,305,335,170,51,3,37,78,16,4,37,76,20,0,0,15,7,6,2,85,23/24
703343,Winicius Braga,24.02.29_Franca,2,10.6,127,0,82,19,0,0,0,14,40,1,0,19,38,0,0,5,0,0,0,0,5,23/24
709501,Yuri Neptune,24.02.29_Franca,2,9.6,210,0,161,20,0,0,0,12,50,2,0,12,52,0,0,23,4,0,0,0,32,23/24
692169,Alexandre Paranhos,24.02.29_Franca,3,15.2,411,0,138,208,43,0,0,25,42,8,2,27,43,5,0,9,1,1,2,2,33,23/24
716240,Cristian Cortes,24.02.29_Franca,3,25.5,1003,1,377,303,238,39,4,47,66,25,9,51,58,30,0,1,2,2,6,4,53,23/24
708457,Felipe Vezaro,24.02.29_Franca,3,25.2,820,1,234,395,126,23,8,52,70,16,4,38,74,15,0,8,2,1,5,4,56,23/24
714249,Franco Baralle,24.02.29_Franca,3,18.8,730,0,293,317,75,5,0,45,71,14,6,52,57,19,0,7,2,1,3,6,59,23/24
714245,Gemerson Barbosa,24.02.29_Franca,3,26.1,1361,3,349,567,288,105,18,57,81,34,3,45,94,27,0,1,3,3,8,5,73,23/24
714195,Luciano Gonzalez,24.02.29_Franca,3,24.5,1286,2,463,522,194,53,3,63,88,22,9,74,77,32,1,2,4,4,7,4,67,23/24
714226,Rafael Mineiro,24.02.29_Franca,3,24.1,957,1,334,413,147,21,1,44,88,25,7,42,93,25,0,5,2,2,5,5,61,23/24
703456,Renan Lenz,24.02.29_Franca,3,25.5,991,3,329,368,158,82,11,39,98,16,4,37,92,26,0,0,6,4,6,3,67,23/24
703343,Winicius Braga,24.02.29_Franca,3,6.1,47,0,35,0,0,0,0,7,20,0,0,6,20,0,0,1,0,0,0,0,1,23/24
709501,Yuri Neptune,24.02.29_Franca,3,7.3,46,0,28,5,0,0,0,1,26,2,0,2,28,0,0,13,0,0,0,0,13,23/24
692169,Alexandre Paranhos,24.02.29_Franca,4,25.9,1459,1,648,561,134,21,5,92,142,31,9,86,163,27,0,1,5,6,11,8,115,23/24
716240,Cristian Cortes,24.02.29_Franca,4,25.9,1744,2,744,563,261,90,7,77,134,41,9,96,126,39,0,2,8,5,7,10,109,23/24
708457,Felipe Vezaro,24.02.29_Franca,4,20.7,912,0,413,327,107,10,0,75,89,18,2,64,92,16,0,16,6,3,4,2,61,23/24
714249,Franco Baralle,24.02.29_Franca,4,26.1,1390,3,605,500,158,37,15,96,97,20,11,113,91,28,0,5,5,7,8,6,98,23/24
714245,Gemerson Barbosa,24.02.29_Franca,4,27.3,1017,3,350,396,138,63,20,54,88,20,3,54,81,19,1,9,8,4,7,2,77,23/24
714195,Luciano Gonzalez,24.02.29_Franca,4,23.0,1183,0,542,379,152,52,0,65,84,18,9,51,88,31,0,8,8,6,8,2,82,23/24
714226,Rafael Mineiro,24.02.29_Franca,4,18.5,1272,0,546,535,122,3,0,80,117,29,0,71,133,20,0,9,8,3,5,6,86,23/24
703456,Renan Lenz,24.02.29_Franca,4,26.1,564,1,275,160,49,14,16,35,81,9,1,34,79,7,1,1,23,4,4,0,74,23/24
703343,Winicius Braga,24.02.29_Franca,4,14.1,182,0,120,23,4,0,0,14,54,5,0,16,53,3,0,4,0,0,0,0,4,23/24
709501,Yuri Neptune,24.02.29_Franca,4,10.5,289,0,190,53,0,0,0,16,92,7,0,29,91,3,0,13,3,0,0,0,19,23/24
692169,Alexandre Paranhos,24.03.02_Bauru,1,22.0,674,0,202,319,97,22,0,26,69,17,4,32,63,24,0,5,1,3,4,2,40,23/24
716240,Cristian Cortes,24.03.02_Bauru,1,26.4,719,4,255,202,136,65,32,26,47,17,8,27,48,21,0,8,1,3,2,2,35,23/24
713851,Danilo Fuzaro,24.03.02_Bauru,1,26.7,1055,1,445,304,176,66,9,54,86,27,5,55,86,23,0,6,3,3,6,4,65,23/24
708457,Felipe Vezaro,24.03.02_Bauru,1,23.6,1200,0,357,498,234,59,0,72,87,24,7,82,90,19,1,1,4,6,4,7,79,23/24
714249,Franco Baralle,24.03.02_Bauru,1,22.5,914,0,342,367,124,35,0,61,60,18,6,64,56,22,0,7,3,3,5,4,61,23/24
714245,Gemerson Barbosa,24.03.02_Bauru,1,26.0,631,2,164,273,92,56,22,32,50,16,4,27,57,14,0,12,4,1,3,3,47,23/24
714195,Luciano Gonzalez,24.03.02_Bauru,1,26.0,832,1,338,284,119,44,11,32,68,15,3,35,53,20,0,8,4,3,5,1,49,23/24
714226,Rafael Mineiro,24.03.02_Bauru,1,19.7,931,0,336,387,155,18,0,43,77,22,6,34,86,25,0,1,3,3,6,2,50,23/24
703343,Winicius Braga,24.03.02_Bauru,1,20.7,856,0,328,385,82,21,0,41,89,24,6,40,107,21,0,6,1,2,6,2,48,23/24
709501,Yuri Neptune,24.03.02_Bauru,1,5.7,31,0,20,0,0,0,0,4,20,0,0,4,20,0,0,5,2,0,0,0,9,23/24
692169,Alexandre Paranhos,24.03.02_Bauru,2,21.8,1006,0,389,452,107,8,0,62,87,24,4,41,98,26,0,5,3,2,4,6,66,23/24
716240,Cristian Cortes,24.03.02_Bauru,2,26.1,328,1,114,98,62,31,7,15,25,9,1,24,22,6,0,13,2,2,2,0,32,23/24
713851,Danilo Fuzaro,24.03.02_Bauru,2,20.6,677,0,303,183,117,29,0,37,69,12,4,41,70,13,0,3,12,2,4,2,63,23/24
708457,Felipe Vezaro,24.03.02_Bauru,2,24.9,1084,1,474,393,140,26,5,50,90,22,4,69,84,20,0,3,6,4,4,7,77,23/24
714249,Franco Baralle,24.03.02_Bauru,2,22.8,1291,0,537,446,187,51,0,65,95,28,11,65,95,32,0,2,5,4,5,7,81,23/24
714245,Gemerson Barbosa,24.03.02_Bauru,2,26.1,962,3,273,367,195,77,17,42,66,20,8,40,68,25,0,5,3,4,3,5,65,23/24
714195,Luciano Gonzalez,24.03.02_Bauru,2,23.6,1262,0,525,433,216,43,0,52,91,27,7,49,86,32,0,7,4,3,5,5,68,23/24
714226,Rafael Mineiro,24.03.02_Bauru,2,22.5,1110,0,411,482,168,11,0,68,78,22,6,56,89,20,0,6,6,2,6,5,70,23/24
703343,Winicius Braga,24.03.02_Bauru,2,14.7,103,0,64,18,5,0,0,5,27,3,0,6,30,1,0,17,6,0,0,0,31,23/24
709501,Yuri Neptune,24.03.02_Bauru,2,15.7,104,0,79,3,5,0,0,8,23,1,0,7,23,1,0,1,0,1,0,1,7,23/24
692169,Alexandre Paranhos,24.03.02_Bauru,3,24.7,968,1,327,448,125,17,7,51,79,19,5,53,78,25,0,4,2,1,4,9,69,23/24
716240,Cristian Cortes,24.03.02_Bauru,3,26.0,716,1,202,257,156,57,12,31,56,15,4,29,55,14,0,3,2,3,3,0,30,23/24
713851,Danilo Fuzaro,24.03.02_Bauru,3,20.7,667,0,243,252,110,24,0,27,65,21,2,39,61,19,0,6,4,2,4,3,47,23/24
708457,Felipe Vezaro,24.03.02_Bauru,3,21.9,750,0,283,280,133,22,0,51,52,19,4,46,60,19,0,7,2,2,3,5,55,23/24
714249,Franco Baralle,24.03.02_Bauru,3,22.0,901,0,398,316,117,13,0,65,70,19,4,60,68,27,0,4,2,3,5,5,63,23/24
714245,Gemerson Barbosa,24.03.02_Bauru,3,26.1,786,2,232,325,135,49,19,46,41,14,5,32,60,12,0,7,2,1,1,8,58,23/24
714195,Luciano Gonzalez,24.03.02_Bauru,3,23.7,1124,0,463,377,178,55,0,59,78,18,6,54,75,26,0,3,4,3,6,4,61,23/24
714226,Rafael Mineiro,24.03.02_Bauru,3,19.7,611,0,231,249,97,6,0,33,53,17,1,28,56,14,0,6,2,3,4,1,40,23/24
703343,Winicius Braga,24.03.02_Bauru,3,17.1,348,0,110,178,41,0,0,24,42,10,0,21,46,6,0,11,1,1,2,1,32,23/24
709501,Yuri Neptune,24.03.02_Bauru,3,5.8,28,0,17,0,0,0,0,4,16,0,0,7,15,0,0,0,0,0,0,0,0,23/24
692169,Alexandre Paranhos,24.03.02_Bauru,4,20.8,1210,0,491,528,114,14,0,67,105,34,5,62,134,17,0,3,5,4,5,9,90,23/24
716240,Cristian Cortes,24.03.02_Bauru,4,26.7,1017,4,408,297,158,51,54,57,74,18,7,61,70,24,0,11,2,1,2,5,54,23/24
713851,Danilo Fuzaro,24.03.02_Bauru,4,24.4,1226,1,489,421,212,42,2,65,104,27,3,55,103,27,0,0,5,9,8,5,93,23/24
708457,Felipe Vezaro,24.03.02_Bauru,4,18.3,428,0,177,162,49,2,0,27,57,12,0,43,51,7,0,19,3,1,3,0,40,23/24
714249,Franco Baralle,24.03.02_Bauru,4,22.0,951,0,440,308,132,15,0,65,71,17,7,73,64,20,0,7,8,4,4,4,73,23/24
714245,Gemerson Barbosa,24.03.02_Bauru,4,5.9,29,0,19,0,0,0,0,4,16,0,0,7,14,0,0,20,1,0,0,0,23,23/24
714195,Luciano Gonzalez,24.03.02_Bauru,4,26.0,1244,1,558,440,147,39,6,68,91,23,9,62,93,28,2,6,6,5,8,3,79,23/24
714226,Rafael Mineiro,24.03.02_Bauru,4,25.1,1427,1,583,543,175,55,3,81,133,30,4,66,133,35,0,2,9,3,5,5,73,23/24
703343,Winicius Braga,24.03.02_Bauru,4,5.6,26,0,15,0,0,0,0,4,21,0,0,5,20,0,0,24,1,0,0,0,25,23/24
709501,Yuri Neptune,24.03.02_Bauru,4,6.9,88,0,61,4,0,0,0,10,40,0,0,13,38,0,0,2,1,0,0,1,9,23/24
692169,Alexandre Paranhos,24.03.11_Paulistano,1,23.3,1319,0,344,659,233,32,0,70,111,40,5,61,123,40,0,1,1,5,6,6,71,23/24
716240,Cristian Cortes,24.03.11_Paulistano,1,22.7,594,0,172,216,133,50,0,24,45,12,5,34,40,16,0,3,2,1,3,2,33,23/24
713851,Danilo Fuzaro,24.03.11_Paulistano,1,26.3,1235,3,399,475,236,61,16,65,87,26,9,59,100,27,1,0,3,3,5,7,73,23/24
708457,Felipe Vezaro,24.03.11_Paulistano,1,23.4,590,0,166,235,126,40,0,47,36,9,5,37,41,14,0,2,2,1,3,1,28,23/24
714249,Franco Baralle,24.03.11_Paulistano,1,24.7,831,1,330,336,82,40,4,63,65,18,3,62,63,15,0,5,3,0,5,6,60,23/24
714245,Gemerson Barbosa,24.03.11_Paulistano,1,25.8,1000,1,233,429,211,90,4,50,69,26,6,45,83,21,0,4,2,1,5,5,61,23/24
709202,Leandro Moura,24.03.11_Paulistano,1,5.9,48,0,32,0,0,0,0,12,18,0,0,11,19,0,0,5,0,0,0,0,5,23/24
714195,Luciano Gonzalez,24.03.11_Paulistano,1,25.1,1084,2,371,417,164,81,8,62,76,21,6,63,72,32,0,3,2,5,6,0,44,23/24
714226,Rafael Mineiro,24.03.11_Paulistano,1,16.8,482,0,153,219,89,0,0,30,50,8,3,31,45,16,0,2,2,1,4,0,24,23/24
703456,Renan Lenz,24.03.11_Paulistano,1,7.4,58,0,38,7,0,0,0,5,25,0,0,8,23,1,0,4,15,0,0,0,34,23/24
703343,Winicius Braga,24.03.11_Paulistano,1,6.5,42,0,30,2,0,0,0,3,22,2,0,5,21,2,0,3,0,0,0,0,3,23/24
709501,Yuri Neptune,24.03.11_Paulistano,1,6.7,52,0,38,3,0,0,0,2,25,1,0,3,27,0,0,3,2,4,2,1,34,23/24
692169,Alexandre Paranhos,24.03.11_Paulistano,2,21.3,711,0,334,235,74,28,0,30,72,14,2,37,79,10,0,14,4,4,4,1,52,23/24
716240,Cristian Cortes,24.03.11_Paulistano,2,24.7,448,1,193,119,64,31,3,34,43,7,3,40,36,8,0,12,1,1,2,1,32,23/24
713851,Danilo Fuzaro,24.03.11_Paulistano,2,29.0,1399,5,510,451,253,89,27,72,110,29,7,84,104,31,2,1,7,6,10,6,101,23/24
708457,Felipe Vezaro,24.03.11_Paulistano,2,25.7,1065,1,393,377,191,44,12,58,103,13,5,61,83,26,0,10,5,4,4,3,63,23/24
714249,Franco Baralle,24.03.11_Paulistano,2,23.5,1177,0,515,413,128,54,0,69,87,31,3,82,83,24,0,8,5,4,7,5,84,23/24
714245,Gemerson Barbosa,24.03.11_Paulistano,2,28.0,1240,5,353,431,194,146,75,59,77,27,5,61,78,24,1,9,4,5,6,6,83,23/24
709202,Leandro Moura,24.03.11_Paulistano,2,6.0,122,0,101,0,0,0,0,10,34,0,0,15,31,0,0,1,0,0,0,0,2,23/24
714195,Luciano Gonzalez,24.03.11_Paulistano,2,25.6,1137,4,535,357,119,55,16,65,76,29,7,54,96,24,2,9,5,3,4,0,42,23/24
714226,Rafael Mineiro,24.03.11_Paulistano,2,24.6,1413,1,512,561,220,55,3,74,117,31,5,62,136,29,0,8,6,3,6,7,86,23/24
703456,Renan Lenz,24.03.11_Paulistano,2,20.8,514,0,244,147,70,21,0,25,55,7,1,27,55,9,0,9,15,1,2,2,60,23/24
703343,Winicius Braga,24.03.11_Paulistano,2,6.2,106,0,85,2,0,0,0,10,28,0,0,16,25,0,0,1,0,0,0,0,1,23/24
709501,Yuri Neptune,24.03.11_Paulistano,2,6.7,129,0,105,1,0,0,0,9,35,0,0,15,33,0,0,0,0,0,0,0,0,23/24
692169,Alexandre Paranhos,24.03.11_Paulistano,3,20.3,890,0,325,420,90,15,0,62,82,17,2,57,89,16,0,4,2,2,6,3,56,23/24
716240,Cristian Cortes,24.03.11_Paulistano,3,23.6,553,0,225,189,98,9,0,40,37,11,2,44,32,10,0,4,1,4,3,0,30,23/24
713851,Danilo Fuzaro,24.03.11_Paulistano,3,26.5,1153,1,348,443,243,55,8,69,80,39,6,59,92,36,0,1,6,7,5,1,57,23/24
708457,Felipe Vezaro,24.03.11_Paulistano,3,18.2,576,0,219,265,56,2,0,48,65,12,1,51,54,12,0,5,2,2,4,0,31,23/24
714249,Franco Baralle,24.03.11_Paulistano,3,21.9,824,0,349,314,107,9,0,53,69,17,4,58,65,18,0,7,2,2,6,5,64,23/24
714245,Gemerson Barbosa,24.03.11_Paulistano,3,26.1,742,2,244,299,122,44,11,33,56,13,2,29,62,12,0,11,2,2,5,2,52,23/24
709202,Leandro Moura,24.03.11_Paulistano,3,5.2,27,0,17,0,0,0,0,8,12,0,0,6,14,0,0,0,0,0,0,0,0,23/24
714195,Luciano Gonzalez,24.03.11_Paulistano,3,26.0,1185,3,469,452,151,48,26,56,96,22,8,56,80,35,0,4,3,5,5,1,52,23/24
714226,Rafael Mineiro,24.03.11_Paulistano,3,20.0,442,0,182,195,34,4,0,36,46,10,0,27,53,5,0,7,2,4,3,0,34,23/24
703456,Renan Lenz,24.03.11_Paulistano,3,20.9,740,0,278,310,106,3,0,44,67,12,3,33,73,16,0,6,5,2,6,4,62,23/24
703343,Winicius Braga,24.03.11_Paulistano,3,6.3,21,0,16,0,0,0,0,5,5,1,0,5,7,0,0,0,0,0,0,0,0,23/24
709501,Yuri Neptune,24.03.11_Paulistano,3,7.3,26,0,15,2,0,0,0,2,17,1,0,3,17,0,0,1,1,0,0,0,3,23/24
692169,Alexandre Paranhos,24.03.11_Paulistano,4,23.3,1302,0,541,527,119,35,0,74,139,35,3,79,143,25,0,4,7,6,9,4,92,23/24
716240,Cristian Cortes,24.03.11_Paulistano,4,26.0,841,1,330,259,130,54,10,52,74,15,3,46,72,19,0,8,1,2,4,2,44,23/24
713851,Danilo Fuzaro,24.03.11_Paulistano,4,26.3,1435,2,559,386,310,96,9,75,133,27,14,65,125,38,2,2,14,8,7,2,90,23/24
708457,Felipe Vezaro,24.03.11_Paulistano,4,23.2,1414,0,594,491,218,41,0,86,129,15,10,94,112,30,0,11,6,6,8,1,79,23/24
714249,Franco Baralle,24.03.11_Paulistano,4,19.8,1048,0,474,353,124,19,0,69,87,22,4,88,68,21,0,13,8,5,6,3,83,23/24
714245,Gemerson Barbosa,24.03.11_Paulistano,4,23.3,501,0,260,109,59,36,0,30,59,7,1,27,51,8,0,20,6,4,2,0,51,23/24
709202,Leandro Moura,24.03.11_Paulistano,4,9.0,103,0,78,6,0,0,0,10,29,0,0,10,28,0,0,3,1,1,0,1,14,23/24
714195,Luciano Gonzalez,24.03.11_Paulistano,4,26.5,1279,4,615,390,134,34,22,68,117,26,12,62,132,29,1,10,9,6,5,1,68,23/24
714226,Rafael Mineiro,24.03.11_Paulistano,4,22.1,1642,0,669,637,207,42,0,110,139,38,10,93,160,36,0,4,9,9,9,5,107,23/24
703456,Renan Lenz,24.03.11_Paulistano,4,26.7,436,1,203,104,55,22,11,29,57,7,3,28,55,10,1,2,25,3,3,2,85,23/24
703343,Winicius Braga,24.03.11_Paulistano,4,6.0,67,0,50,0,0,0,0,5,33,0,0,11,29,0,0,1,0,0,0,0,1,23/24
709501,Yuri Neptune,24.03.11_Paulistano,4,7.1,129,0,94,13,0,0,0,8,35,3,0,12,36,1,0,4,1,1,0,0,10,23/24
692169,Alexandre Paranhos,24.03.20_Fortaleza,1,25.8,617,1,192,302,59,31,5,29,52,12,4,31,56,14,0,7,1,0,3,3,37,23/24
716240,Cristian Cortes,24.03.20_Fortaleza,1,26.0,779,2,280,284,145,32,13,34,42,14,5,33,51,17,1,4,2,2,3,1,34,23/24
713851,Danilo Fuzaro,24.03.20_Fortaleza,1,26.1,1053,2,260,438,242,60,13,62,61,28,5,53,74,26,0,2,5,1,5,5,63,23/24
708457,Felipe Vezaro,24.03.20_Fortaleza,1,25.1,730,1,237,314,130,19,3,43,47,20,5,46,50,20,0,1,2,3,4,1,39,23/24
714249,Franco Baralle,24.03.20_Fortaleza,1,22.5,627,0,281,218,73,23,0,42,50,11,4,38,42,13,1,9,3,1,2,2,38,23/24
714245,Gemerson Barbosa,24.03.20_Fortaleza,1,25.8,914,2,238,395,182,61,15,44,54,18,8,40,57,26,1,1,4,5,3,5,61,23/24
714195,Luciano Gonzalez,24.03.20_Fortaleza,1,24.7,933,1,339,393,139,23,3,37,75,20,3,41,75,20,0,6,2,3,4,0,38,23/24
714226,Rafael Mineiro,24.03.20_Fortaleza,1,19.0,714,0,192,372,117,13,0,32,45,16,4,33,54,14,0,2,2,3,4,1,35,23/24
703456,Renan Lenz,24.03.20_Fortaleza,1,20.2,607,0,241,263,72,10,0,35,45,9,1,28,45,14,0,0,6,5,3,5,61,23/24
703343,Winicius Braga,24.03.20_Fortaleza,1,5.5,9,0,3,0,0,0,0,5,6,0,0,5,6,0,0,2,0,0,0,0,2,23/24
709501,Yuri Neptune,24.03.20_Fortaleza,1,6.1,40,0,33,0,0,0,0,2,14,1,0,2,14,0,0,0,0,0,0,0,1,23/24
692169,Alexandre Paranhos,24.03.20_Fortaleza,2,24.3,1161,1,511,430,131,21,3,60,109,20,5,54,114,21,0,7,3,5,8,2,70,23/24
716240,Cristian Cortes,24.03.20_Fortaleza,2,28.0,1585,2,650,506,216,121,29,76,97,28,14,87,86,35,0,8,5,6,9,4,89,23/24
713851,Danilo Fuzaro,24.03.20_Fortaleza,2,26.0,579,1,248,181,76,16,7,35,63,11,2,37,62,11,0,18,8,2,3,2,60,23/24
708457,Felipe Vezaro,24.03.20_Fortaleza,2,25.4,1013,1,354,395,145,64,5,63,64,24,6,58,64,25,0,16,4,3,5,4,73,23/24
714249,Franco Baralle,24.03.20_Fortaleza,2,23.1,996,0,528,292,79,7,0,80,71,24,0,88,70,15,0,11,7,8,6,0,72,23/24
714245,Gemerson Barbosa,24.03.20_Fortaleza,2,26.8,1384,4,589,393,194,110,34,64,105,20,7,66,106,21,1,5,7,6,9,5,98,23/24
714195,Luciano Gonzalez,24.03.20_Fortaleza,2,25.9,1304,1,643,374,153,51,8,64,102,21,7,59,107,26,0,10,5,5,9,3,82,23/24
714226,Rafael Mineiro,24.03.20_Fortaleza,2,19.5,841,0,365,343,94,6,0,47,70,19,0,38,67,19,0,12,3,2,4,1,47,23/24
703456,Renan Lenz,24.03.20_Fortaleza,2,19.9,415,0,242,104,46,3,0,14,31,8,0,21,32,5,0,0,11,7,2,0,51,23/24
703343,Winicius Braga,24.03.20_Fortaleza,2,12.9,173,0,118,44,2,0,0,7,15,2,0,1,19,1,0,2,1,0,0,0,4,23/24
709501,Yuri Neptune,24.03.20_Fortaleza,2,5.6,95,0,83,0,0,0,0,3,20,0,0,3,21,0,0,0,0,0,0,0,0,23/24
692169,Alexandre Paranhos,24.03.20_Fortaleza,3,19.7,826,0,287,394,96,8,0,41,73,21,3,47,75,20,0,6,1,1,5,4,52,23/24
716240,Cristian Cortes,24.03.20_Fortaleza,3,19.4,422,0,166,155,63,18,0,33,34,8,2,25,34,10,0,4,2,1,3,0,23,23/24
713851,Danilo Fuzaro,24.03.20_Fortaleza,3,25.5,739,2,263,232,141,64,6,35,62,15,6,29,55,24,0,10,2,2,4,4,54,23/24
708457,Felipe Vezaro,24.03.20_Fortaleza,3,21.1,790,0,318,279,123,26,0,47,82,15,1,55,73,13,0,4,2,5,4,0,41,23/24
714249,Franco Baralle,24.03.20_Fortaleza,3,25.8,1209,2,523,402,132,58,8,73,100,25,10,80,94,27,0,0,3,3,7,8,84,23/24
714245,Gemerson Barbosa,24.03.20_Fortaleza,3,26.3,892,2,266,331,137,90,26,47,73,19,4,54,69,16,0,7,3,1,4,6,62,23/24
714195,Luciano Gonzalez,24.03.20_Fortaleza,3,25.1,1045,3,435,318,156,78,14,54,70,16,4,45,72,24,1,5,3,6,7,1,60,23/24
714226,Rafael Mineiro,24.03.20_Fortaleza,3,19.4,628,0,242,246,98,14,0,37,59,14,1,28,67,15,0,2,2,2,5,0,33,23/24
703456,Renan Lenz,24.03.20_Fortaleza,3,19.6,643,0,261,265,74,7,0,27,62,17,1,26,74,11,0,0,4,8,6,4,74,23/24
703343,Winicius Braga,24.03.20_Fortaleza,3,5.5,22,0,18,0,0,0,0,3,6,0,0,4,6,0,0,0,0,0,0,0,0,23/24
709501,Yuri Neptune,24.03.20_Fortaleza,3,18.7,189,0,50,84,41,5,0,6,22,4,1,6,18,7,0,2,3,1,1,0,19,23/24
692169,Alexandre Paranhos,24.03.20_Fortaleza,4,18.4,813,0,384,309,75,2,0,42,79,12,7,44,85,18,0,7,4,1,3,5,55,23/24
716240,Cristian Cortes,24.03.20_Fortaleza,4,25.4,1860,1,625,668,410,84,10,97,118,41,14,94,108,53,0,1,3,4,8,9,96,23/24
713851,Danilo Fuzaro,24.03.20_Fortaleza,4,19.8,697,0,370,195,85,5,0,33,77,17,0,44,77,15,0,11,4,3,5,1,54,23/24
708457,Felipe Vezaro,24.03.20_Fortaleza,4,20.7,1019,0,355,372,187,46,0,50,96,25,7,45,96,28,0,7,4,5,6,1,57,23/24
714249,Franco Baralle,24.03.20_Fortaleza,4,24.2,780,1,350,281,94,8,1,47,61,16,2,59,59,13,0,11,6,3,2,1,46,23/24
714245,Gemerson Barbosa,24.03.20_Fortaleza,4,26.1,313,2,113,78,58,26,18,21,24,4,5,15,29,8,0,11,1,1,2,0,28,23/24
714195,Luciano Gonzalez,24.03.20_Fortaleza,4,25.9,520,1,214,175,57,30,10,33,44,10,4,34,44,11,0,13,4,1,3,3,50,23/24
714226,Rafael Mineiro,24.03.20_Fortaleza,4,23.8,984,0,407,392,118,25,0,42,96,24,2,53,104,15,0,6,2,2,7,4,63,23/24
703456,Renan Lenz,24.03.20_Fortaleza,4,18.9,542,0,214,203,94,6,0,28,50,11,1,33,44,13,0,0,13,5,3,4,72,23/24
703343,Winicius Braga,24.03.20_Fortaleza,4,22.7,378,0,144,123,74,15,0,15,40,8,1,18,44,5,0,1,2,2,1,0,14,23/24
709501,Yuri Neptune,24.03.20_Fortaleza,4,25.5,696,1,203,183,165,120,3,27,45,18,5,20,48,19,0,4,2,2,1,0,15,23/24
692169,Alexandre Paranhos,24.03.22_Unifacisa,1,25.8,730,1,212,340,114,30,5,43,63,16,4,26,65,24,0,4,2,2,5,1,38,23/24
716240,Cristian Cortes,24.03.22_Unifacisa,1,22.8,619,0,243,231,85,28,0,38,54,8,3,46,43,11,1,5,2,1,2,2,31,23/24
713851,Danilo Fuzaro,24.03.22_Unifacisa,1,26.3,1167,3,367,401,265,60,26,57,92,25,7,52,85,28,1,1,7,2,3,8,76,23/24
708457,Felipe Vezaro,24.03.22_Unifacisa,1,23.2,829,0,314,269,153,46,0,54,69,16,7,51,71,22,0,6,3,4,5,1,48,23/24
714245,Gemerson Barbosa,24.03.22_Unifacisa,1,25.0,489,1,167,182,76,32,3,23,57,6,1,27,51,9,0,11,4,1,2,2,42,23/24
714195,Luciano Gonzalez,24.03.22_Unifacisa,1,26.0,1162,5,384,471,184,75,15,60,65,31,8,45,66,37,0,5,3,3,5,4,60,23/24
714226,Rafael Mineiro,24.03.22_Unifacisa,1,20.9,1093,0,296,558,177,27,0,53,95,25,5,46,96,24,0,7,2,3,3,7,66,23/24
703456,Renan Lenz,24.03.22_Unifacisa,1,20.2,848,0,299,402,105,6,0,41,77,14,3,45,78,12,0,0,6,4,8,4,74,23/24
703343,Winicius Braga,24.03.22_Unifacisa,1,5.8,35,0,24,0,0,0,0,2,22,1,0,3,21,1,0,8,0,0,0,0,8,23/24
709501,Yuri Neptune,24.03.22_Unifacisa,1,4.5,22,0,13,0,0,0,0,2,15,0,0,4,13,0,0,4,1,1,0,0,8,23/24
692169,Alexandre Paranhos,24.03.22_Unifacisa,2,22.6,609,0,246,212,75,30,0,38,71,13,4,27,70,20,0,5,2,1,4,1,34,23/24
716240,Cristian Cortes,24.03.22_Unifacisa,2,28.5,1330,4,503,375,286,69,35,70,77,23,11,83,75,24,3,9,4,4,4,6,75,23/24
713851,Danilo Fuzaro,24.03.22_Unifacisa,2,25.8,1288,3,564,365,223,59,16,63,95,27,5,59,99,27,0,2,10,7,6,7,102,23/24
708457,Felipe Vezaro,24.03.22_Unifacisa,2,23.0,1422,0,540,475,288,58,0,71,96,32,7,78,92,40,0,9,5,4,5,10,101,23/24
714245,Gemerson Barbosa,24.03.22_Unifacisa,2,27.4,1577,6,602,517,168,152,78,68,105,28,10,74,103,30,1,5,3,7,11,7,111,23/24
714195,Luciano Gonzalez,24.03.22_Unifacisa,2,26.1,683,4,342,171,74,41,19,43,47,12,5,30,54,14,1,21,4,1,2,3,56,23/24
714226,Rafael Mineiro,24.03.22_Unifacisa,2,20.1,1281,0,505,538,167,16,0,66,124,25,5,73,119,29,0,8,8,4,7,6,95,23/24
703456,Renan Lenz,24.03.22_Unifacisa,2,20.8,509,0,220,183,68,13,0,28,50,6,1,21,53,7,0,1,23,6,2,3,82,23/24
703343,Winicius Braga,24.03.22_Unifacisa,2,10.5,283,0,158,98,0,0,0,25,37,3,0,22,42,0,0,3,1,0,0,0,6,23/24
709501,Yuri Neptune,24.03.22_Unifacisa,2,12.8,266,0,167,61,12,0,0,16,39,1,0,24,35,0,0,9,5,1,1,0,30,23/24
692169,Alexandre Paranhos,24.03.22_Unifacisa,3,25.2,928,1,340,368,129,36,4,47,79,24,4,46,88,22,1,4,3,4,8,3,69,23/24
716240,Cristian Cortes,24.03.22_Unifacisa,3,26.1,794,1,290,293,125,41,7,45,67,18,1,47,62,20,0,2,2,2,3,3,39,23/24
713851,Danilo Fuzaro,24.03.22_Unifacisa,3,26.0,1112,1,393,390,197,59,9,73,102,24,7,65,91,33,0,1,8,3,4,9,90,23/24
708457,Felipe Vezaro,24.03.22_Unifacisa,3,19.8,928,0,318,337,201,14,0,57,85,20,3,51,83,23,0,8,4,4,3,3,54,23/24
714245,Gemerson Barbosa,24.03.22_Unifacisa,3,27.2,1252,2,331,481,259,117,15,72,93,27,8,71,89,26,1,7,3,4,6,6,80,23/24
714195,Luciano Gonzalez,24.03.22_Unifacisa,3,25.6,1216,2,463,380,205,108,6,60,92,22,5,57,76,32,0,7,5,5,6,2,68,23/24
714226,Rafael Mineiro,24.03.22_Unifacisa,3,19.2,724,0,258,310,114,8,0,42,67,19,3,24,79,18,0,7,4,1,3,3,48,23/24
703456,Renan Lenz,24.03.22_Unifacisa,3,20.5,575,0,220,241,60,18,0,28,61,9,2,29,66,9,0,0,12,7,5,3,78,23/24
703343,Winicius Braga,24.03.22_Unifacisa,3,5.7,28,0,22,0,0,0,0,1,14,0,0,1,14,0,0,0,0,0,0,0,0,23/24
709501,Yuri Neptune,24.03.22_Unifacisa,3,5.3,23,0,15,0,0,0,0,3,14,0,0,2,15,0,0,2,0,0,0,0,2,23/24
692169,Alexandre Paranhos,24.03.22_Unifacisa,4,25.3,1998,4,837,632,326,73,19,94,177,53,13,107,179,55,0,1,11,10,10,12,156,23/24
716240,Cristian Cortes,24.03.22_Unifacisa,4,9.1,226,0,166,9,0,0,0,34,51,1,0,46,44,0,0,5,5,5,5,4,72,23/24
713851,Danilo Fuzaro,24.03.22_Unifacisa,4,17.5,532,0,300,127,33,0,0,51,78,9,1,56,73,2,0,8,29,5,2,0,89,23/24
708457,Felipe Vezaro,24.03.22_Unifacisa,4,19.7,604,0,382,130,12,5,0,45,85,9,0,70,70,4,0,29,7,2,0,0,47,23/24
714245,Gemerson Barbosa,24.03.22_Unifacisa,4,26.0,2012,3,706,710,370,125,26,109,134,39,13,91,138,44,0,11,5,6,11,12,141,23/24
714195,Luciano Gonzalez,24.03.22_Unifacisa,4,26.0,2269,2,1161,587,278,117,11,102,171,39,9,118,161,42,0,4,15,9,8,9,139,23/24
714226,Rafael Mineiro,24.03.22_Unifacisa,4,23.6,2072,0,840,757,336,49,0,105,194,49,6,77,205,45,0,4,15,9,8,9,138,23/24
703456,Renan Lenz,24.03.22_Unifacisa,4,7.8,233,0,171,28,0,0,0,18,58,0,0,19,55,1,0,2,36,6,0,0,94,23/24
703343,Winicius Braga,24.03.22_Unifacisa,4,7.8,204,0,151,27,0,0,0,20,38,0,0,23,38,0,0,2,1,1,2,1,17,23/24
709501,Yuri Neptune,24.03.22_Unifacisa,4,12.0,264,0,167,55,4,0,0,24,59,0,0,24,56,0,0,7,0,0,0,0,8,23/24
714249,Franco Baralle,24.03.22_Unifacisa,1,25.2,1056,1,397,413,164,27,3,60,71,23,7,63,75,22,0,3,3,4,5,7,73,23/24
714249,Franco Baralle,24.03.22_Unifacisa,2,24.5,1209,2,533,387,162,58,5,81,79,22,7,79,68,27,0,4,11,5,6,5,88,23/24
714249,Franco Baralle,24.03.22_Unifacisa,3,18.8,730,0,293,317,75,5,0,45,71,14,6,52,57,19,0,7,2,1,3,6,59,23/24
714249,Franco Baralle,24.03.22_Unifacisa,4,26.1,1390,3,605,500,158,37,15,96,97,20,11,113,91,28,0,5,5,7,8,6,98,23/24
692169,Alexandre Paranhos,24.03.25_São José,1,24.4,631,1,172,321,97,17,1,37,47,19,1,27,65,14,0,2,0,2,4,1,31,23/24
716240,Cristian Cortes,24.03.25_São José,1,23.0,636,0,212,208,149,39,0,29,50,12,6,36,33,24,0,2,2,2,1,0,21,23/24
713851,Danilo Fuzaro,24.03.25_São José,1,26.3,1151,1,376,442,175,96,12,56,100,25,10,55,88,31,1,0,3,2,7,7,75,23/24
708457,Felipe Vezaro,24.03.25_São José,1,20.6,479,0,158,179,90,25,0,27,47,7,3,22,48,11,0,3,1,2,3,0,21,23/24
714249,Franco Baralle,24.03.25_São José,1,21.7,836,0,271,314,169,37,0,51,65,17,6,49,47,25,0,7,2,1,5,5,56,23/24
714245,Gemerson Barbosa,24.03.25_São José,1,26.3,924,2,248,437,157,31,24,47,63,13,8,45,67,16,0,4,3,2,4,5,59,23/24
709202,Leandro Moura,24.03.25_São José,1,7.7,56,0,36,2,0,0,0,4,27,0,0,13,22,0,0,16,2,0,0,0,21,23/24
714195,Luciano Gonzalez,24.03.25_São José,1,26.4,1363,7,471,524,199,70,57,81,77,27,9,73,90,29,0,2,5,4,6,2,57,23/24
714226,Rafael Mineiro,24.03.25_São José,1,19.8,920,0,322,409,132,23,0,46,83,23,3,44,78,28,0,6,2,2,4,5,56,23/24
703456,Renan Lenz,24.03.25_São José,1,21.3,525,0,144,236,112,12,0,28,49,10,3,19,46,14,0,1,12,2,2,3,51,23/24
703343,Winicius Braga,24.03.25_São José,1,5.0,28,0,19,0,0,0,0,4,18,0,0,5,17,0,0,2,0,0,0,0,2,23/24
709501,Yuri Neptune,24.03.25_São José,1,5.4,20,0,14,0,0,0,0,1,11,0,0,1,11,0,0,1,0,0,0,0,1,23/24
692169,Alexandre Paranhos,24.03.25_São José,2,24.1,1017,1,351,449,112,58,1,66,77,27,3,48,91,28,0,5,2,4,5,3,54,23/24
716240,Cristian Cortes,24.03.25_São José,2,26.4,1230,4,366,467,182,127,42,57,84,16,7,71,60,28,0,10,3,3,2,4,54,23/24
713851,Danilo Fuzaro,24.03.25_São José,2,26.1,721,1,324,206,107,35,14,31,53,15,6,32,56,17,1,1,16,3,4,2,67,23/24
708457,Felipe Vezaro,24.03.25_São José,2,21.7,1086,0,449,395,164,32,0,74,75,23,3,66,81,22,0,11,5,5,3,2,55,23/24
714249,Franco Baralle,24.03.25_São José,2,24.6,1340,1,628,383,174,74,4,75,99,25,6,97,81,27,1,5,4,4,9,3,78,23/24
714245,Gemerson Barbosa,24.03.25_São José,2,26.0,625,1,242,199,109,40,11,23,49,7,4,33,36,11,0,10,8,2,3,3,56,23/24
709202,Leandro Moura,24.03.25_São José,2,5.5,51,0,31,0,0,0,0,9,27,0,0,14,26,0,0,14,0,0,0,0,14,23/24
714195,Luciano Gonzalez,24.03.25_São José,2,26.1,1046,4,425,313,184,52,36,40,64,20,11,41,70,24,1,11,2,2,4,3,54,23/24
714226,Rafael Mineiro,24.03.25_São José,2,23.0,1184,0,468,452,196,27,0,75,79,24,7,78,86,24,0,8,4,4,6,3,67,23/24
703456,Renan Lenz,24.03.25_São José,2,26.6,586,2,237,186,43,57,32,27,58,9,1,28,58,10,1,3,17,1,2,3,63,23/24
703343,Winicius Braga,24.03.25_São José,2,6.0,88,0,71,0,0,0,0,8,29,0,0,8,29,0,0,0,0,0,0,0,0,23/24
709501,Yuri Neptune,24.03.25_São José,2,7.6,43,0,30,2,0,0,0,7,14,1,0,10,14,0,0,0,0,0,0,0,0,23/24
692169,Alexandre Paranhos,24.03.25_São José,3,24.4,699,1,190,311,125,41,3,30,58,19,3,33,65,16,0,1,0,0,6,1,34,23/24
716240,Cristian Cortes,24.03.25_São José,3,26.0,880,3,261,290,207,62,21,37,54,21,8,45,55,25,0,6,2,2,5,3,48,23/24
713851,Danilo Fuzaro,24.03.25_São José,3,27.6,1258,4,372,436,262,76,62,50,90,27,10,52,84,42,1,0,7,1,5,10,87,23/24
708457,Felipe Vezaro,24.03.25_São José,3,20.3,377,0,145,125,67,11,0,25,50,5,1,35,44,3,0,10,2,2,1,0,25,23/24
714249,Franco Baralle,24.03.25_São José,3,24.8,818,1,364,253,109,36,3,51,53,22,3,59,50,23,0,10,4,1,2,6,57,23/24
714245,Gemerson Barbosa,24.03.25_São José,3,28.0,800,2,247,306,142,42,26,49,67,13,5,34,69,16,1,6,5,3,4,4,64,23/24
709202,Leandro Moura,24.03.25_São José,3,9.8,55,0,32,10,0,0,0,5,25,2,0,7,29,0,0,5,1,0,0,0,6,23/24
714195,Luciano Gonzalez,24.03.25_São José,3,26.0,1074,2,379,394,174,71,23,58,68,23,4,32,71,25,1,7,1,4,5,1,47,23/24
714226,Rafael Mineiro,24.03.25_São José,3,21.9,1123,0,331,466,228,59,0,55,86,26,5,51,91,26,0,8,2,1,3,7,66,23/24
703456,Renan Lenz,24.03.25_São José,3,19.6,372,0,150,145,48,5,0,19,47,8,1,14,50,7,0,0,13,5,4,0,60,23/24
703343,Winicius Braga,24.03.25_São José,3,6.0,39,0,26,0,0,0,0,8,19,0,0,10,17,1,0,0,0,0,0,0,0,23/24
709501,Yuri Neptune,24.03.25_São José,3,7.8,35,0,22,2,0,0,0,6,13,1,0,10,11,0,0,0,0,0,0,0,0,23/24
692169,Alexandre Paranhos,24.03.25_São José,4,16.5,268,0,139,88,22,0,0,19,30,5,1,20,32,3,0,1,1,1,1,0,9,23/24
716240,Cristian Cortes,24.03.25_São José,4,18.1,299,0,185,75,15,1,0,25,26,1,1,31,23,3,0,4,1,1,1,0,11,23/24
713851,Danilo Fuzaro,24.03.25_São José,4,19.7,318,0,168,73,40,8,0,17,45,4,3,25,41,5,0,10,9,1,2,0,40,23/24
708457,Felipe Vezaro,24.03.25_São José,4,26.4,1354,1,498,527,189,60,14,97,99,24,7,102,79,33,0,1,4,5,9,3,74,23/24
714249,Franco Baralle,24.03.25_São José,4,26.0,1209,1,517,409,149,44,11,68,90,37,12,88,89,33,0,2,4,5,7,5,75,23/24
714245,Gemerson Barbosa,24.03.25_São José,4,26.2,1490,4,497,609,229,67,39,86,104,30,7,73,117,27,1,1,3,3,4,11,87,23/24
709202,Leandro Moura,24.03.25_São José,4,8.6,110,0,73,8,0,0,0,17,34,0,0,21,30,0,0,9,1,0,0,0,10,23/24
714195,Luciano Gonzalez,24.03.25_São José,4,24.4,1118,1,476,419,133,50,1,68,69,14,10,43,85,22,0,2,4,6,4,0,45,23/24
714226,Rafael Mineiro,24.03.25_São José,4,18.7,1150,0,442,514,139,3,0,69,106,34,3,63,122,27,0,3,5,2,7,5,73,23/24
703456,Renan Lenz,24.03.25_São José,4,17.0,293,0,160,92,13,0,0,17,52,2,1,16,56,1,0,14,5,1,1,1,34,23/24
703343,Winicius Braga,24.03.25_São José,4,7.6,115,0,95,7,0,0,0,4,24,0,0,2,25,1,0,0,0,0,0,0,0,23/24
709501,Yuri Neptune,24.03.25_São José,4,23.3,304,0,130,111,30,11,0,28,31,5,1,22,38,4,0,2,1,1,2,0,13,23/24
692169,Alexandre Paranhos,24.03.27_Pinheiros,1,21.7,765,0,221,338,138,36,0,34,65,23,2,30,72,24,0,2,1,1,6,1,38,23/24
716240,Cristian Cortes,24.03.27_Pinheiros,1,22.2,755,0,237,253,188,53,0,38,51,13,7,36,45,18,0,2,1,0,4,2,32,23/24
713851,Danilo Fuzaro,24.03.27_Pinheiros,1,28.8,1287,2,370,528,246,70,22,69,86,27,9,58,90,34,1,0,2,2,4,10,73,23/24
708457,Felipe Vezaro,24.03.27_Pinheiros,1,26.2,802,1,280,333,125,20,7,36,69,15,3,42,62,22,0,2,1,1,4,2,35,23/24
714249,Franco Baralle,24.03.27_Pinheiros,1,23.8,742,0,253,321,128,10,0,40,60,22,4,37,53,19,0,7,1,2,4,4,48,23/24
714245,Gemerson Barbosa,24.03.27_Pinheiros,1,25.7,775,3,212,303,147,78,10,31,50,11,6,31,49,16,0,2,2,1,5,1,34,23/24
712072,Lucas Rodriguez,24.03.27_Pinheiros,1,5.1,36,0,26,0,0,0,0,8,9,0,0,10,7,0,0,10,1,0,0,0,11,23/24
714195,Luciano Gonzalez,24.03.27_Pinheiros,1,26.2,996,4,331,382,174,56,19,46,76,19,10,33,69,36,0,4,1,1,8,1,44,23/24
714226,Rafael Mineiro,24.03.27_Pinheiros,1,22.8,1080,0,358,510,141,28,0,71,75,29,4,56,100,18,0,2,3,4,7,2,56,23/24
703456,Renan Lenz,24.03.27_Pinheiros,1,18.3,320,0,95,157,53,1,0,20,34,3,0,15,32,5,0,3,11,1,2,1,39,23/24
703343,Winicius Braga,24.03.27_Pinheiros,1,5.8,19,0,10,0,0,0,0,0,16,0,0,2,14,0,0,2,0,0,0,0,2,23/24
709501,Yuri Neptune,24.03.27_Pinheiros,1,6.7,26,0,15,3,0,0,0,4,13,0,0,5,13,0,0,0,0,0,0,0,0,23/24
692169,Alexandre Paranhos,24.03.27_Pinheiros,2,25.9,992,7,299,406,136,72,32,49,78,29,10,39,83,37,1,2,3,2,7,3,53,23/24
716240,Cristian Cortes,24.03.27_Pinheiros,2,26.5,1008,3,289,346,204,99,29,57,70,16,11,47,58,28,2,4,1,1,3,7,56,23/24
713851,Danilo Fuzaro,24.03.27_Pinheiros,2,28.5,1038,4,295,373,218,75,40,47,78,26,5,43,76,21,1,1,8,2,5,4,66,23/24
708457,Felipe Vezaro,24.03.27_Pinheiros,2,19.1,517,0,156,230,88,14,0,37,48,11,1,43,43,13,0,11,1,1,2,3,39,23/24
714249,Franco Baralle,24.03.27_Pinheiros,2,25.5,958,1,379,364,119,40,8,76,70,16,5,69,62,22,0,5,3,3,6,4,64,23/24
714245,Gemerson Barbosa,24.03.27_Pinheiros,2,25.7,562,1,150,225,109,52,4,33,40,13,6,32,40,16,0,11,4,1,2,3,46,23/24
712072,Lucas Rodriguez,24.03.27_Pinheiros,2,5.1,36,0,26,0,0,0,0,8,9,0,0,10,7,0,0,10,1,0,0,0,11,23/24
714195,Luciano Gonzalez,24.03.27_Pinheiros,2,26.3,587,2,181,204,86,77,15,27,41,11,5,35,32,18,0,7,2,2,4,1,35,23/24
714226,Rafael Mineiro,24.03.27_Pinheiros,2,16.9,596,0,202,291,76,0,0,37,52,14,2,35,49,14,0,7,2,2,4,0,33,23/24
703456,Renan Lenz,24.03.27_Pinheiros,2,26.0,1597,3,447,677,281,132,15,82,110,27,5,67,94,39,0,0,1,3,6,12,93,23/24
703343,Winicius Braga,24.03.27_Pinheiros,2,5.3,27,0,17,0,0,0,0,5,14,0,0,6,13,0,0,0,0,0,0,0,0,23/24
709501,Yuri Neptune,24.03.27_Pinheiros,2,6.0,14,0,8,0,0,0,0,2,8,0,0,2,8,0,0,0,0,0,0,0,0,23/24
692169,Alexandre Paranhos,24.03.27_Pinheiros,3,22.7,1039,0,332,464,161,37,0,58,90,25,2,57,89,32,0,4,2,1,5,6,62,23/24
716240,Cristian Cortes,24.03.27_Pinheiros,3,28.1,756,2,313,205,93,76,22,35,75,12,4,48,58,16,1,4,2,2,4,2,38,23/24
713851,Danilo Fuzaro,24.03.27_Pinheiros,3,26.0,900,2,288,340,171,48,11,53,84,18,6,47,79,23,1,5,6,3,2,6,65,23/24
708457,Felipe Vezaro,24.03.27_Pinheiros,3,24.0,432,1,171,162,52,19,1,28,55,5,0,37,48,4,0,6,1,1,2,1,21,23/24
714249,Franco Baralle,24.03.27_Pinheiros,3,17.8,710,0,298,304,70,0,0,41,56,16,5,52,59,12,0,5,4,2,3,4,48,23/24
714245,Gemerson Barbosa,24.03.27_Pinheiros,3,26.2,713,3,213,247,141,43,34,34,66,11,10,41,58,22,1,9,2,1,5,4,51,23/24
712072,Lucas Rodriguez,24.03.27_Pinheiros,3,5.1,36,0,26,0,0,0,0,8,9,0,0,10,7,0,0,10,1,0,0,0,11,23/24
714195,Luciano Gonzalez,24.03.27_Pinheiros,3,26.1,730,2,253,273,139,26,12,38,61,9,7,37,50,18,0,6,2,2,4,1,37,23/24
714226,Rafael Mineiro,24.03.27_Pinheiros,3,20.3,1328,0,480,570,186,31,0,90,129,35,2,72,137,32,0,3,3,3,5,7,76,23/24
703456,Renan Lenz,24.03.27_Pinheiros,3,25.3,1031,1,296,406,226,66,7,53,71,20,5,42,70,22,0,0,9,5,3,7,75,23/24
703343,Winicius Braga,24.03.27_Pinheiros,3,5.6,31,0,19,0,0,0,0,4,19,0,0,4,19,0,0,0,0,0,0,0,0,23/24
709501,Yuri Neptune,24.03.27_Pinheiros,3,6.3,40,0,26,1,0,0,0,4,23,1,0,5,23,0,0,1,0,0,0,0,1,23/24
692169,Alexandre Paranhos,24.03.27_Pinheiros,4,4.9,33,0,22,0,0,0,0,7,14,0,0,7,14,0,0,1,0,0,0,0,1,23/24
716240,Cristian Cortes,24.03.27_Pinheiros,4,26.0,1066,3,404,394,164,51,17,56,71,24,12,49,78,28,2,4,1,1,3,9,61,23/24
713851,Danilo Fuzaro,24.03.27_Pinheiros,4,5.8,68,0,56,0,0,0,0,5,21,0,0,4,21,0,0,15,2,0,0,0,18,23/24
708457,Felipe Vezaro,24.03.27_Pinheiros,4,22.9,1399,0,438,643,225,45,0,90,97,30,5,82,89,26,1,1,1,2,8,6,71,23/24
714249,Franco Baralle,24.03.27_Pinheiros,4,4.6,7,0,4,0,0,0,0,2,3,0,0,3,2,0,0,0,0,0,0,0,0,23/24
714245,Gemerson Barbosa,24.03.27_Pinheiros,4,25.4,1417,1,400,628,272,64,6,74,104,32,7,64,99,36,0,0,1,1,5,11,78,23/24
712072,Lucas Rodriguez,24.03.27_Pinheiros,4,21.7,457,0,156,201,62,16,0,38,32,11,2,29,40,10,0,2,3,2,4,1,34,23/24
714195,Luciano Gonzalez,24.03.27_Pinheiros,4,25.8,575,2,150,252,126,18,9,34,50,10,3,34,35,16,1,1,0,1,3,2,25,23/24
714226,Rafael Mineiro,24.03.27_Pinheiros,4,5.9,54,0,46,0,0,0,0,3,13,0,0,3,14,0,0,7,0,0,0,0,7,23/24
703456,Renan Lenz,24.03.27_Pinheiros,4,21.1,875,0,287,406,130,20,0,43,82,16,3,44,78,19,0,0,6,1,4,5,60,23/24
703343,Winicius Braga,24.03.27_Pinheiros,4,23.3,543,0,209,270,25,10,0,41,57,13,1,23,69,11,0,1,1,2,4,0,25,23/24
709501,Yuri Neptune,24.03.27_Pinheiros,4,21.2,785,0,272,350,127,6,0,46,67,17,2,51,61,17,0,1,2,2,3,4,43,23/24
692169,Alexandre Paranhos,24.03.30_Corinthians,1,24.4,1006,1,343,416,146,53,3,55,85,28,4,42,94,28,0,1,2,2,5,2,41,23/24
716240,Cristian Cortes,24.03.30_Corinthians,1,25.8,689,2,281,211,122,33,8,39,51,9,5,34,54,12,1,4,1,1,4,0,27,23/24
713851,Danilo Fuzaro,24.03.30_Corinthians,1,25.1,1355,1,427,511,247,114,4,57,108,32,7,51,107,39,0,1,6,2,4,8,80,23/24
708457,Felipe Vezaro,24.03.30_Corinthians,1,23.4,739,0,253,291,111,41,0,48,65,16,0,48,62,11,0,6,2,2,2,0,22,23/24
714249,Franco Baralle,24.03.30_Corinthians,1,23.1,1055,0,424,386,155,36,0,66,82,23,6,84,64,30,0,5,2,2,7,2,51,23/24
714245,Gemerson Barbosa,24.03.30_Corinthians,1,26.0,851,2,273,334,140,52,10,50,69,19,4,45,80,13,1,6,3,2,2,1,34,23/24
712072,Lucas Rodriguez,24.03.30_Corinthians,1,14.1,248,0,135,79,7,0,0,19,44,1,0,25,33,2,0,11,3,1,0,0,21,23/24
714195,Luciano Gonzalez,24.03.30_Corinthians,1,26.2,1349,3,533,454,214,79,15,69,99,19,6,54,94,29,1,5,4,4,5,2,56,23/24
714226,Rafael Mineiro,24.03.30_Corinthians,1,22.0,1227,0,486,548,127,17,0,60,120,20,1,66,107,26,0,6,3,3,5,5,66,23/24
703456,Renan Lenz,24.03.30_Corinthians,1,20.8,532,0,223,195,79,12,0,20,58,7,1,22,57,8,0,0,16,4,2,1,55,23/24
703343,Winicius Braga,24.03.30_Corinthians,1,13.0,219,0,134,62,3,0,0,11,42,1,0,14,44,0,0,5,1,1,0,0,9,23/24
709501,Yuri Neptune,24.03.30_Corinthians,1,13.8,207,0,155,20,4,0,0,9,48,3,2,13,53,1,0,4,2,2,2,1,28,23/24
692169,Alexandre Paranhos,24.03.30_Corinthians,2,26.3,1066,1,345,438,135,84,13,67,81,32,3,51,92,26,0,3,2,3,6,3,55,23/24
716240,Cristian Cortes,24.03.30_Corinthians,2,22.8,633,0,216,230,115,39,0,41,41,16,4,41,38,16,0,5,2,1,4,1,31,23/24
713851,Danilo Fuzaro,24.03.30_Corinthians,2,25.3,910,1,369,295,133,55,4,43,90,24,3,48,86,24,0,2,10,3,5,5,75,23/24
708457,Felipe Vezaro,24.03.30_Corinthians,2,26.4,1290,2,435,478,245,66,18,73,88,19,4,74,94,21,0,8,5,4,6,3,67,23/24
714249,Franco Baralle,24.03.30_Corinthians,2,26.0,1004,1,443,327,141,29,8,42,82,23,3,72,66,23,1,6,4,4,6,2,60,23/24
714245,Gemerson Barbosa,24.03.30_Corinthians,2,26.9,885,3,290,264,176,89,33,31,52,18,8,27,53,21,1,11,5,2,4,3,57,23/24
712072,Lucas Rodriguez,24.03.30_Corinthians,2,6.6,121,0,87,7,0,0,0,15,30,0,0,16,29,0,0,5,0,0,0,0,6,23/24
714195,Luciano Gonzalez,24.03.30_Corinthians,2,24.2,1069,2,399,366,176,78,3,52,77,21,11,44,79,31,0,7,3,2,6,3,59,23/24
714226,Rafael Mineiro,24.03.30_Corinthians,2,18.0,537,0,234,204,65,0,0,32,43,11,1,42,43,11,0,15,3,2,3,1,43,23/24
703456,Renan Lenz,24.03.30_Corinthians,2,24.3,1094,1,304,486,200,64,5,51,73,25,4,46,87,23,0,0,11,4,4,4,73,23/24
703343,Winicius Braga,24.03.30_Corinthians,2,7.0,73,0,55,2,0,0,0,13,22,0,0,13,21,0,0,0,0,0,0,0,0,23/24
709501,Yuri Neptune,24.03.30_Corinthians,2,6.5,141,0,121,1,0,0,0,5,29,0,0,12,23,1,0,1,0,0,0,0,1,23/24
692169,Alexandre Paranhos,24.03.30_Corinthians,3,26.3,957,1,254,455,152,49,12,50,69,24,4,31,60,34,0,4,2,1,4,5,52,23/24
716240,Cristian Cortes,24.03.30_Corinthians,3,25.7,484,2,159,162,98,30,8,26,40,3,6,31,33,13,0,3,1,1,2,1,19,23/24
713851,Danilo Fuzaro,24.03.30_Corinthians,3,22.8,474,0,195,166,58,22,0,38,46,11,2,27,53,10,1,4,8,1,3,2,45,23/24
708457,Felipe Vezaro,24.03.30_Corinthians,3,26.1,1284,1,327,571,271,66,5,75,78,33,7,89,79,27,1,0,3,2,7,6,68,23/24
714249,Franco Baralle,24.03.30_Corinthians,3,23.8,935,0,387,366,118,20,0,48,72,20,4,56,64,22,0,4,2,1,5,4,52,23/24
714245,Gemerson Barbosa,24.03.30_Corinthians,3,26.4,470,2,114,210,92,22,15,19,42,8,1,30,30,8,0,11,2,2,1,2,32,23/24
712072,Lucas Rodriguez,24.03.30_Corinthians,3,5.9,48,0,33,0,0,0,0,9,17,0,0,12,14,0,0,7,0,0,0,0,7,23/24
714195,Luciano Gonzalez,24.03.30_Corinthians,3,22.4,940,0,299,357,191,58,0,59,61,14,4,47,57,21,0,4,2,4,3,2,43,23/24
714226,Rafael Mineiro,24.03.30_Corinthians,3,20.9,395,0,175,160,29,7,0,24,40,11,2,32,43,9,0,3,1,1,2,1,23,23/24
703456,Renan Lenz,24.03.30_Corinthians,3,22.9,1152,0,303,528,203,80,0,59,80,23,4,52,82,23,0,0,4,4,2,3,47,23/24
703343,Winicius Braga,24.03.30_Corinthians,3,5.3,29,0,16,0,0,0,0,9,17,0,0,10,17,0,0,0,0,0,0,0,0,23/24
709501,Yuri Neptune,24.03.30_Corinthians,3,17.6,282,0,92,99,78,0,0,18,30,5,1,12,31,5,0,0,1,1,2,0,10,23/24
692169,Alexandre Paranhos,24.03.30_Corinthians,4,22.6,373,0,157,110,56,30,0,15,36,9,2,14,46,4,0,4,1,1,2,0,17,23/24
716240,Cristian Cortes,24.03.30_Corinthians,4,21.3,750,0,253,295,136,28,0,36,53,18,0,44,42,16,0,3,3,2,2,2,34,23/24
713851,Danilo Fuzaro,24.03.30_Corinthians,4,28.3,1057,3,304,439,198,58,14,50,89,24,4,32,84,28,2,2,3,2,4,8,67,23/24
708457,Felipe Vezaro,24.03.30_Corinthians,4,6.5,77,0,55,1,0,0,0,9,33,0,0,11,32,0,0,17,0,0,0,0,18,23/24
714249,Franco Baralle,24.03.30_Corinthians,4,18.8,723,0,335,248,95,6,0,51,67,9,0,53,43,16,0,4,2,3,4,0,34,23/24
714245,Gemerson Barbosa,24.03.30_Corinthians,4,26.4,975,1,208,384,234,106,17,48,65,17,5,35,65,20,0,4,3,2,4,4,56,23/24
712072,Lucas Rodriguez,24.03.30_Corinthians,4,22.7,432,0,154,148,87,22,0,22,35,6,3,23,33,10,0,7,2,1,2,1,27,23/24
714195,Luciano Gonzalez,24.03.30_Corinthians,4,25.9,679,1,235,271,105,36,6,40,50,10,6,34,56,11,1,5,2,2,4,1,33,23/24
714226,Rafael Mineiro,24.03.30_Corinthians,4,20.9,583,0,203,275,72,14,0,44,41,11,4,38,46,14,0,7,2,0,2,3,38,23/24
703456,Renan Lenz,24.03.30_Corinthians,4,23.2,580,0,209,219,72,47,0,38,56,13,2,32,63,10,0,1,7,3,5,0,46,23/24
703343,Winicius Braga,24.03.30_Corinthians,4,24.1,587,1,173,283,92,11,3,18,64,16,2,18,62,14,0,0,1,2,4,0,27,23/24
709501,Yuri Neptune,24.03.30_Corinthians,4,21.4,844,0,207,370,202,24,0,46,76,23,2,39,81,20,0,6,2,2,4,3,49,23/24
692169,Alexandre Paranhos,24.04.05_Pato,1,23.9,955,0,264,512,117,33,0,51,74,21,4,41,82,24,0,2,1,1,8,2,52,23/24
716240,Cristian Cortes,24.04.05_Pato,1,25.9,601,2,205,222,102,32,10,35,53,7,2,36,54,9,0,1,2,2,1,1,25,23/24
713851,Danilo Fuzaro,24.04.05_Pato,1,22.1,971,0,305,395,188,40,0,62,74,17,7,51,76,23,0,0,4,1,3,8,64,23/24
708457,Felipe Vezaro,24.04.05_Pato,1,24.2,753,1,220,344,130,30,3,43,54,17,3,53,58,15,0,2,2,2,2,2,26,23/24
714249,Franco Baralle,24.04.05_Pato,1,21.6,670,0,273,280,68,12,0,49,46,17,2,45,56,14,0,6,1,1,4,4,47,23/24
714245,Gemerson Barbosa,24.04.05_Pato,1,4.1,11,0,4,0,0,0,0,3,11,0,0,3,11,0,0,1,0,0,0,0,1,23/24
714195,Luciano Gonzalez,24.04.05_Pato,1,25.1,1012,1,293,456,164,54,5,75,76,22,9,56,82,29,0,4,1,2,5,5,54,23/24
714226,Rafael Mineiro,24.04.05_Pato,1,21.5,928,0,269,480,132,18,0,47,85,18,2,35,77,25,0,4,1,2,5,3,49,23/24
703456,Renan Lenz,24.04.05_Pato,1,22.3,727,0,232,320,128,19,0,43,71,12,2,46,69,15,0,0,4,4,5,2,55,23/24
703343,Winicius Braga,24.04.05_Pato,1,5.7,30,0,22,0,0,0,0,3,11,0,0,3,12,0,0,4,0,0,0,0,4,23/24
709501,Yuri Neptune,24.04.05_Pato,1,5.5,29,0,22,0,0,0,0,1,16,0,0,3,15,0,0,3,0,0,0,0,3,23/24
692169,Alexandre Paranhos,24.04.05_Pato,2,23.8,608,0,224,246,79,21,0,40,69,15,3,29,71,21,0,5,2,2,4,1,31,23/24
716240,Cristian Cortes,24.04.05_Pato,2,26.4,1586,5,505,588,295,92,51,75,103,30,10,62,101,33,1,4,4,5,6,5,77,23/24
713851,Danilo Fuzaro,24.04.05_Pato,2,25.9,916,1,334,314,134,73,6,53,89,24,7,48,90,27,0,2,10,3,3,8,84,23/24
708457,Felipe Vezaro,24.04.05_Pato,2,26.4,1155,2,421,436,157,54,19,78,90,16,11,75,89,23,0,4,5,5,3,2,54,23/24
714249,Franco Baralle,24.04.05_Pato,2,25.1,740,2,352,227,63,33,10,54,65,13,3,51,57,17,0,12,3,3,6,1,54,23/24
714245,Gemerson Barbosa,24.04.05_Pato,2,6.4,77,0,49,1,0,0,0,14,37,1,0,20,35,0,0,1,0,0,0,0,1,23/24
714195,Luciano Gonzalez,24.04.05_Pato,2,26.0,841,1,351,280,126,35,6,46,64,17,7,44,65,20,1,9,3,4,5,4,68,23/24
714226,Rafael Mineiro,24.04.05_Pato,2,23.6,1486,0,518,596,246,61,0,77,141,27,10,65,155,35,0,1,6,5,7,8,94,23/24
703456,Renan Lenz,24.04.05_Pato,2,26.0,1117,3,379,392,211,75,15,54,94,18,4,58,96,26,0,0,7,7,5,8,93,23/24
703343,Winicius Braga,24.04.05_Pato,2,4.9,28,0,16,0,0,0,0,5,24,0,0,6,23,0,0,1,0,0,0,0,1,23/24
709501,Yuri Neptune,24.04.05_Pato,2,5.8,118,0,89,0,0,0,0,13,45,0,0,17,44,0,0,0,0,0,0,0,0,23/24
692169,Alexandre Paranhos,24.04.05_Pato,3,26.2,1184,2,398,543,149,37,17,60,94,28,4,42,96,33,1,5,1,4,7,5,72,23/24
716240,Cristian Cortes,24.04.05_Pato,3,27.5,961,3,366,305,150,64,28,55,73,18,4,51,66,21,0,6,2,5,7,1,56,23/24
713851,Danilo Fuzaro,24.04.05_Pato,3,21.3,963,0,275,481,149,20,0,54,69,28,6,50,73,28,0,1,9,2,4,7,79,23/24
708457,Felipe Vezaro,24.04.05_Pato,3,25.9,686,1,242,244,95,55,7,34,61,13,3,43,54,15,0,6,3,4,3,1,39,23/24
714249,Franco Baralle,24.04.05_Pato,3,22.5,1162,0,462,406,163,62,0,68,95,20,7,81,89,24,0,3,4,4,7,6,82,23/24
714245,Gemerson Barbosa,24.04.05_Pato,3,5.8,29,0,15,0,0,0,0,8,21,0,0,10,19,0,0,0,0,0,0,0,0,23/24
714195,Luciano Gonzalez,24.04.05_Pato,3,26.0,1149,2,489,370,186,50,9,58,85,18,6,48,86,25,0,6,3,5,8,3,70,23/24
714226,Rafael Mineiro,24.04.05_Pato,3,20.9,1013,0,390,487,62,29,0,59,80,26,4,62,90,21,0,6,5,6,6,2,67,23/24
703456,Renan Lenz,24.04.05_Pato,3,26.0,881,2,311,357,109,46,17,41,94,15,6,36,103,18,0,0,8,6,8,2,76,23/24
703343,Winicius Braga,24.04.05_Pato,3,5.4,15,0,8,0,0,0,0,1,13,0,0,1,13,0,0,0,0,0,0,0,0,23/24
709501,Yuri Neptune,24.04.05_Pato,3,5.4,28,0,20,0,0,0,0,3,15,0,0,2,16,0,0,0,0,0,0,0,0,23/24
692169,Alexandre Paranhos,24.04.05_Pato,4,23.1,967,0,384,406,92,25,0,49,105,18,3,57,99,27,0,5,5,4,5,1,56,23/24
716240,Cristian Cortes,24.04.05_Pato,4,26.4,1509,5,493,648,224,35,51,85,116,31,4,93,112,24,0,6,1,3,4,12,92,23/24
713851,Danilo Fuzaro,24.04.05_Pato,4,26.2,1308,5,491,392,216,119,33,55,97,29,11,57,94,31,0,0,8,6,7,8,104,23/24
708457,Felipe Vezaro,24.04.05_Pato,4,23.3,956,0,447,239,148,54,0,61,91,16,8,68,88,23,0,10,6,5,2,0,49,23/24
714249,Franco Baralle,24.04.05_Pato,4,21.5,1124,0,464,432,105,31,0,78,82,21,2,87,84,12,0,8,8,5,6,3,78,23/24
714245,Gemerson Barbosa,24.04.05_Pato,4,7.2,82,0,62,3,0,0,0,9,27,1,0,12,25,1,0,0,0,0,0,0,0,23/24
714195,Luciano Gonzalez,24.04.05_Pato,4,25.4,755,2,350,230,80,37,11,49,73,13,5,55,77,15,0,14,4,3,3,2,53,23/24
714226,Rafael Mineiro,24.04.05_Pato,4,24.5,1353,1,532,533,167,50,5,85,125,26,8,77,141,29,0,5,7,4,5,8,93,23/24
703456,Renan Lenz,24.04.05_Pato,4,26.1,1120,3,409,404,136,96,21,51,97,20,3,44,103,17,0,1,14,3,7,4,88,23/24
703343,Winicius Braga,24.04.05_Pato,4,7.0,65,0,47,1,0,0,0,3,29,1,0,5,30,0,0,1,0,0,0,0,1,23/24
709501,Yuri Neptune,24.04.05_Pato,4,7.2,125,0,91,5,0,0,0,9,49,1,0,12,47,0,0,0,0,0,0,0,0,23/24
692169,Alexandre Paranhos,24.04.10_Caxias,1,21.4,860,0,272,433,95,19,0,57,75,19,5,41,89,18,0,4,1,2,7,2,51,23/24
716240,Cristian Cortes,24.04.10_Caxias,1,24.5,728,1,240,271,142,46,4,43,53,7,6,30,47,17,0,2,2,1,4,3,39,23/24
713851,Danilo Fuzaro,24.04.10_Caxias,1,27.7,1185,2,371,475,242,27,26,65,84,26,8,50,101,28,1,0,4,2,5,8,73,23/24
708457,Felipe Vezaro,24.04.10_Caxias,1,23.8,712,0,241,300,87,51,0,49,51,14,2,43,53,13,0,2,2,2,5,0,34,23/24
714249,Franco Baralle,24.04.10_Caxias,1,23.2,652,0,252,275,77,12,0,38,67,12,2,47,55,13,1,3,2,2,3,1,29,23/24
714245,Gemerson Barbosa,24.04.10_Caxias,1,26.7,866,5,217,330,152,97,48,30,51,22,3,35,53,21,0,3,1,2,3,4,40,23/24
714195,Luciano Gonzalez,24.04.10_Caxias,1,23.2,700,0,199,312,130,38,0,27,41,21,6,27,48,24,0,5,1,3,4,1,37,23/24
714226,Rafael Mineiro,24.04.10_Caxias,1,16.8,628,0,199,324,73,0,0,49,52,17,0,40,72,5,0,6,1,3,4,1,38,23/24
703456,Renan Lenz,24.04.10_Caxias,1,26.0,542,2,174,232,72,25,16,24,51,12,2,16,50,15,0,0,9,5,2,3,53,23/24
703343,Winicius Braga,24.04.10_Caxias,1,6.1,17,0,8,0,0,0,0,6,10,1,0,7,11,0,0,2,0,0,0,0,2,23/24
709501,Yuri Neptune,24.04.10_Caxias,1,19.8,430,0,158,165,84,8,0,19,40,8,1,23,35,9,0,8,1,1,3,1,25,23/24
692169,Alexandre Paranhos,24.04.10_Caxias,2,23.9,643,0,242,241,112,13,0,36,66,14,3,40,71,12,0,4,2,2,3,1,33,23/24
716240,Cristian Cortes,24.04.10_Caxias,2,27.0,973,3,418,264,112,102,29,37,68,14,6,45,58,21,1,11,5,4,5,3,65,23/24
713851,Danilo Fuzaro,24.04.10_Caxias,2,26.0,612,2,277,148,75,63,12,33,51,11,5,29,52,16,0,10,9,2,4,2,62,23/24
708457,Felipe Vezaro,24.04.10_Caxias,2,24.1,713,1,228,322,92,29,1,46,60,12,4,53,54,12,0,9,2,2,4,1,41,23/24
714249,Franco Baralle,24.04.10_Caxias,2,23.3,876,0,325,361,129,14,0,61,62,20,2,56,66,18,0,5,1,3,5,4,54,23/24
714245,Gemerson Barbosa,24.04.10_Caxias,2,27.8,772,2,274,262,172,17,18,29,58,18,7,27,59,23,0,13,5,3,3,4,62,23/24
714195,Luciano Gonzalez,24.04.10_Caxias,2,19.2,675,0,294,208,125,13,0,35,49,12,2,28,43,17,0,7,2,2,3,0,33,23/24
714226,Rafael Mineiro,24.04.10_Caxias,2,26.0,794,1,333,324,71,19,9,53,75,18,3,42,86,14,0,6,3,2,4,1,43,23/24
703456,Renan Lenz,24.04.10_Caxias,2,25.9,733,1,234,280,126,51,8,26,66,23,3,29,71,20,0,0,16,4,3,4,76,23/24
703343,Winicius Braga,24.04.10_Caxias,2,18.1,852,0,339,396,79,1,0,50,82,12,5,40,96,11,0,3,3,2,6,2,48,23/24
709501,Yuri Neptune,24.04.10_Caxias,2,25.7,1925,3,560,710,437,130,20,95,136,41,7,64,149,41,0,1,3,5,9,10,108,23/24
692169,Alexandre Paranhos,24.04.10_Caxias,3,19.0,329,0,117,128,55,4,0,18,40,12,2,19,46,10,0,2,1,1,2,1,18,23/24
716240,Cristian Cortes,24.04.10_Caxias,3,25.6,1039,1,332,395,185,85,5,45,73,12,6,47,58,22,0,5,2,3,5,4,54,23/24
713851,Danilo Fuzaro,24.04.10_Caxias,3,23.2,1114,0,314,442,232,58,0,76,102,32,8,69,103,40,0,2,8,3,4,10,93,23/24
708457,Felipe Vezaro,24.04.10_Caxias,3,26.2,1052,1,382,399,168,36,18,72,71,24,6,67,76,23,0,3,6,4,5,1,53,23/24
714249,Franco Baralle,24.04.10_Caxias,3,22.1,684,0,327,231,73,17,0,55,51,9,1,57,41,10,0,5,4,2,5,0,38,23/24
714245,Gemerson Barbosa,24.04.10_Caxias,3,27.1,852,1,229,303,190,79,20,43,58,15,6,43,69,15,1,10,2,2,5,4,63,23/24
714195,Luciano Gonzalez,24.04.10_Caxias,3,24.9,557,2,227,196,81,23,8,21,40,8,2,35,35,6,0,5,3,2,1,0,20,23/24
714226,Rafael Mineiro,24.04.10_Caxias,3,21.4,1194,0,377,510,210,34,0,67,113,31,6,64,117,31,0,3,3,4,7,5,77,23/24
703456,Renan Lenz,24.04.10_Caxias,3,22.3,895,0,330,332,140,49,0,34,80,26,3,29,91,19,0,0,8,9,5,4,85,23/24
703343,Winicius Braga,24.04.10_Caxias,3,7.1,32,0,19,2,0,0,0,9,16,2,0,10,16,1,0,8,0,0,0,0,8,23/24
709501,Yuri Neptune,24.04.10_Caxias,3,19.8,683,0,208,275,146,19,0,36,74,15,3,22,82,17,0,15,2,2,5,1,49,23/24
692169,Alexandre Paranhos,24.04.10_Caxias,4,17.2,343,0,172,114,24,0,0,28,55,8,2,24,64,4,0,3,2,2,1,0,15,23/24
716240,Cristian Cortes,24.04.10_Caxias,4,24.7,1076,1,430,345,196,36,10,55,92,16,5,74,73,22,0,7,4,4,6,3,65,23/24
713851,Danilo Fuzaro,24.04.10_Caxias,4,26.6,519,1,242,144,62,12,18,29,59,8,3,34,50,14,0,8,9,4,5,0,62,23/24
708457,Felipe Vezaro,24.04.10_Caxias,4,23.7,1492,0,518,605,202,94,0,86,103,37,13,88,99,43,0,2,8,5,7,7,91,23/24
714249,Franco Baralle,24.04.10_Caxias,4,20.4,615,0,239,238,96,14,0,27,54,11,4,35,42,18,0,3,1,2,5,0,32,23/24
714245,Gemerson Barbosa,24.04.10_Caxias,4,20.0,461,0,149,218,55,15,0,34,44,8,1,23,46,7,0,16,3,2,2,1,43,23/24
714195,Luciano Gonzalez,24.04.10_Caxias,4,25.6,963,2,367,360,142,33,22,46,76,18,7,48,70,26,0,5,2,3,5,3,51,23/24
714226,Rafael Mineiro,24.04.10_Caxias,4,21.0,724,0,247,291,124,28,0,34,65,14,4,45,58,17,0,13,2,1,2,5,55,23/24
703456,Renan Lenz,24.04.10_Caxias,4,26.0,1230,1,396,499,182,88,14,61,103,30,7,48,105,34,0,0,7,4,6,10,102,23/24
703343,Winicius Braga,24.04.10_Caxias,4,23.7,638,0,223,302,66,12,0,43,67,12,5,39,66,14,0,4,2,1,3,3,37,23/24
709501,Yuri Neptune,24.04.10_Caxias,4,24.2,588,1,192,201,128,28,3,22,74,13,3,25,74,13,0,12,1,2,4,0,37,23/24
692169,Alexandre Paranhos,24.04.12_União Corinthians,1,23.7,962,0,277,449,148,51,0,55,72,21,6,43,84,22,0,4,1,1,5,5,54,23/24
716240,Cristian Cortes,24.04.12_União Corinthians,1,25.3,499,1,167,157,103,49,5,23,29,9,3,19,35,12,0,2,2,2,4,1,29,23/24
713851,Danilo Fuzaro,24.04.12_União Corinthians,1,26.1,1237,5,324,467,273,99,30,65,86,23,12,48,89,37,1,0,3,1,3,10,71,23/24
708457,Felipe Vezaro,24.04.12_União Corinthians,1,23.0,493,0,198,203,45,18,0,35,39,7,4,29,38,9,0,4,2,2,3,0,25,23/24
714249,Franco Baralle,24.04.12_União Corinthians,1,20.2,806,0,274,358,125,5,0,58,66,18,5,55,67,20,0,3,0,2,4,5,48,23/24
714245,Gemerson Barbosa,24.04.12_União Corinthians,1,26.8,443,1,145,158,86,25,8,19,38,9,5,22,38,12,0,6,1,1,4,1,29,23/24
714195,Luciano Gonzalez,24.04.12_União Corinthians,1,24.4,1066,1,298,484,218,43,3,52,70,25,5,44,60,33,0,6,3,3,1,1,26,23/24
714226,Rafael Mineiro,24.04.12_União Corinthians,1,20.0,911,0,252,488,130,9,0,47,78,28,5,41,76,30,0,1,1,2,6,4,55,23/24
703456,Renan Lenz,24.04.12_União Corinthians,1,22.2,483,0,161,227,52,20,0,22,51,8,2,24,49,7,1,0,9,3,4,0,48,23/24
703343,Winicius Braga,24.04.12_União Corinthians,1,6.2,20,0,15,0,0,0,0,0,15,0,0,0,15,0,0,3,0,0,0,0,3,23/24
709501,Yuri Neptune,24.04.12_União Corinthians,1,17.8,291,0,100,125,50,0,0,13,35,4,0,14,29,7,0,1,1,2,1,1,15,23/24
692169,Alexandre Paranhos,24.04.12_União Corinthians,2,23.1,805,0,287,356,81,48,0,51,70,18,6,40,71,25,0,2,3,2,3,6,54,23/24
716240,Cristian Cortes,24.04.12_União Corinthians,2,23.6,833,0,312,240,170,78,0,45,46,19,3,39,41,22,0,6,3,3,2,5,57,23/24
713851,Danilo Fuzaro,24.04.12_União Corinthians,2,20.9,356,0,182,101,33,10,0,27,36,10,0,33,36,6,0,5,14,2,3,0,49,23/24
708457,Felipe Vezaro,24.04.12_União Corinthians,2,25.5,746,1,262,276,116,47,6,52,66,14,4,57,63,13,1,10,3,1,4,3,49,23/24
714249,Franco Baralle,24.04.12_União Corinthians,2,22.0,794,0,348,297,89,15,0,57,52,15,4,53,58,13,0,3,3,3,4,2,48,23/24
714245,Gemerson Barbosa,24.04.12_União Corinthians,2,27.4,1339,5,391,540,261,59,49,60,93,23,8,53,81,27,2,4,3,4,3,9,77,23/24
714195,Luciano Gonzalez,24.04.12_União Corinthians,2,26.3,1062,3,395,385,155,69,22,39,73,11,10,48,68,22,0,3,4,3,4,2,44,23/24
714226,Rafael Mineiro,24.04.12_União Corinthians,2,22.0,758,0,282,292,131,22,0,45,56,17,2,30,73,15,0,3,3,3,6,5,64,23/24
703456,Renan Lenz,24.04.12_União Corinthians,2,26.0,841,2,272,303,156,65,12,38,64,16,3,38,71,18,0,0,13,3,2,5,67,23/24
703343,Winicius Braga,24.04.12_União Corinthians,2,11.4,97,0,53,33,0,0,0,7,16,2,0,9,14,1,0,2,0,0,0,0,2,23/24
709501,Yuri Neptune,24.04.12_União Corinthians,2,22.1,954,0,347,360,157,52,0,47,92,11,2,41,86,16,0,7,3,4,3,1,42,23/24
692169,Alexandre Paranhos,24.04.12_União Corinthians,3,26.0,1167,1,390,493,186,36,8,57,101,28,7,55,97,38,0,6,4,3,6,6,78,23/24
716240,Cristian Cortes,24.04.12_União Corinthians,3,26.3,996,3,370,322,155,84,21,43,69,14,11,56,58,23,0,3,4,2,2,2,38,23/24
713851,Danilo Fuzaro,24.04.12_União Corinthians,3,26.1,1193,3,432,377,200,92,24,64,98,26,6,59,96,28,2,4,7,4,8,3,80,23/24
708457,Felipe Vezaro,24.04.12_União Corinthians,3,23.1,401,0,166,141,50,12,0,32,44,9,1,37,36,6,0,7,2,2,2,0,23,23/24
714249,Franco Baralle,24.04.12_União Corinthians,3,19.7,700,0,297,216,121,18,0,56,50,17,2,55,50,16,0,6,3,3,5,1,45,23/24
714245,Gemerson Barbosa,24.04.12_União Corinthians,3,26.0,469,1,170,182,59,26,8,29,44,11,5,20,47,13,0,17,3,2,3,1,46,23/24
714195,Luciano Gonzalez,24.04.12_União Corinthians,3,25.4,1298,2,511,395,222,114,6,55,86,24,10,57,89,24,2,6,6,4,7,4,74,23/24
714226,Rafael Mineiro,24.04.12_União Corinthians,3,22.4,755,0,290,273,126,26,0,36,85,15,3,36,81,17,0,5,5,3,5,3,60,23/24
703456,Renan Lenz,24.04.12_União Corinthians,3,26.1,880,1,293,378,126,28,14,49,77,24,4,49,83,20,0,1,12,5,5,3,74,23/24
703343,Winicius Braga,24.04.12_União Corinthians,3,4.9,20,0,12,0,0,0,0,4,14,0,0,4,14,0,0,0,0,0,0,0,0,23/24
709501,Yuri Neptune,24.04.12_União Corinthians,3,26.0,439,2,146,155,92,13,7,23,54,8,2,29,52,8,0,9,3,1,0,0,17,23/24
692169,Alexandre Paranhos,24.04.12_União Corinthians,4,21.1,1110,0,378,520,120,29,0,63,109,29,4,57,115,33,0,3,4,3,7,4,70,23/24
716240,Cristian Cortes,24.04.12_União Corinthians,4,26.5,701,1,265,235,79,63,14,50,55,18,4,47,52,16,0,12,3,1,2,2,41,23/24
713851,Danilo Fuzaro,24.04.12_União Corinthians,4,20.1,609,0,269,236,49,12,0,44,60,14,3,41,69,13,0,11,8,3,3,0,51,23/24
708457,Felipe Vezaro,24.04.12_União Corinthians,4,24.9,831,1,292,320,134,35,6,62,59,20,4,67,68,20,0,7,3,3,5,1,50,23/24
714249,Franco Baralle,24.04.12_União Corinthians,4,19.5,756,0,342,284,72,9,0,49,69,9,2,56,60,12,0,7,3,1,5,2,51,23/24
714245,Gemerson Barbosa,24.04.12_União Corinthians,4,25.8,562,1,183,189,122,25,8,25,62,15,4,26,59,13,1,14,4,2,3,2,50,23/24
714195,Luciano Gonzalez,24.04.12_União Corinthians,4,25.9,1195,3,506,407,152,62,12,63,92,21,6,62,90,23,0,8,5,5,5,2,63,23/24
714226,Rafael Mineiro,24.04.12_União Corinthians,4,18.0,701,0,301,294,73,1,0,32,74,11,1,47,63,12,0,7,4,3,2,1,35,23/24
703456,Renan Lenz,24.04.12_União Corinthians,4,26.0,1080,1,390,425,137,76,6,57,88,21,3,37,83,26,1,2,11,4,6,3,75,23/24
703343,Winicius Braga,24.04.12_União Corinthians,4,4.9,35,0,28,0,0,0,0,3,11,0,0,2,11,0,0,0,0,0,0,0,0,23/24
709501,Yuri Neptune,24.04.12_União Corinthians,4,18.8,407,0,192,129,51,3,0,25,62,6,2,26,63,5,0,10,4,3,1,1,35,23/24
692169,Alexandre Paranhos,24.04.19_União Corinthians,1,24.9,1049,1,346,463,133,51,6,68,87,23,9,62,81,34,1,7,5,2,4,4,61,23/24
716240,Cristian Cortes,24.04.19_União Corinthians,1,26.0,708,2,287,206,114,47,12,39,55,12,7,51,43,20,0,7,4,3,5,1,44,23/24
713851,Danilo Fuzaro,24.04.19_União Corinthians,1,26.8,889,2,315,265,192,40,20,47,94,23,5,36,86,28,1,2,5,4,5,7,81,23/24
708457,Felipe Vezaro,24.04.19_União Corinthians,1,25.2,870,1,280,285,206,50,3,47,71,14,5,53,58,22,0,6,3,3,5,2,52,23/24
714249,Franco Baralle,24.04.19_União Corinthians,1,17.5,921,0,349,362,148,0,0,69,75,15,5,81,50,26,0,6,2,3,5,5,59,23/24
714195,Luciano Gonzalez,24.04.19_União Corinthians,1,26.2,1289,5,464,437,224,96,27,60,78,20,11,62,72,32,1,8,2,4,7,2,63,23/24
714226,Rafael Mineiro,24.04.19_União Corinthians,1,21.9,1361,0,484,564,218,38,0,73,110,39,5,68,118,35,0,6,4,4,5,5,68,23/24
703456,Renan Lenz,24.04.19_União Corinthians,1,26.0,959,2,363,312,161,63,20,40,82,19,3,34,90,18,0,0,9,8,6,3,81,23/24
703343,Winicius Braga,24.04.19_União Corinthians,1,5.1,23,0,13,0,0,0,0,7,14,0,0,6,15,0,0,4,0,0,0,0,4,23/24
709501,Yuri Neptune,24.04.19_União Corinthians,1,20.4,555,0,217,175,114,19,0,31,63,10,2,25,65,10,0,3,3,4,1,0,23,23/24
692169,Alexandre Paranhos,24.04.19_União Corinthians,2,26.6,1166,1,380,513,181,28,7,61,92,36,8,62,87,37,1,4,3,3,5,8,79,23/24
716240,Cristian Cortes,24.04.19_União Corinthians,2,26.1,578,2,260,136,89,35,18,31,53,6,5,35,44,13,0,9,3,2,2,0,33,23/24
713851,Danilo Fuzaro,24.04.19_União Corinthians,2,26.1,1367,5,473,435,260,108,25,78,106,46,6,56,120,38,1,1,6,3,10,5,87,23/24
708457,Felipe Vezaro,24.04.19_União Corinthians,2,25.2,658,1,205,284,110,22,4,36,62,15,4,45,54,17,0,13,4,2,4,2,52,23/24
714249,Franco Baralle,24.04.19_União Corinthians,2,24.2,1402,1,608,518,162,36,1,102,89,29,6,93,100,30,0,1,5,4,7,8,92,23/24
714195,Luciano Gonzalez,24.04.19_União Corinthians,2,25.6,1056,2,371,403,163,70,10,60,62,21,8,39,75,27,0,8,4,2,6,3,59,23/24
714226,Rafael Mineiro,24.04.19_União Corinthians,2,24.9,1463,1,545,612,188,47,11,87,113,40,6,73,137,29,0,2,5,6,10,1,75,23/24
703456,Renan Lenz,24.04.19_União Corinthians,2,24.6,511,1,168,157,92,56,4,27,54,9,3,18,59,12,0,3,14,4,4,1,62,23/24
703343,Winicius Braga,24.04.19_União Corinthians,2,17.7,187,0,73,56,39,0,0,18,32,2,0,14,30,5,0,1,0,1,0,0,6,23/24
709501,Yuri Neptune,24.04.19_União Corinthians,2,7.4,99,0,77,6,0,0,0,4,28,0,0,9,28,0,0,1,0,0,0,0,1,23/24
692169,Alexandre Paranhos,24.04.19_União Corinthians,3,26.1,1002,2,293,543,77,31,13,74,71,25,6,47,91,23,0,5,2,3,4,7,69,23/24
716240,Cristian Cortes,24.04.19_União Corinthians,3,26.0,453,1,172,146,64,36,9,28,40,7,1,33,30,11,0,5,2,3,2,0,24,23/24
713851,Danilo Fuzaro,24.04.19_União Corinthians,3,26.1,587,1,190,204,125,19,10,39,56,13,2,33,54,18,0,9,7,2,4,2,55,23/24
708457,Felipe Vezaro,24.04.19_União Corinthians,3,25.6,1547,1,549,610,236,79,10,97,119,25,11,95,106,35,1,2,3,3,8,7,85,23/24
714249,Franco Baralle,24.04.19_União Corinthians,3,18.4,1051,0,418,463,99,5,0,82,80,21,7,84,87,17,0,6,3,3,5,7,74,23/24
714195,Luciano Gonzalez,24.04.19_União Corinthians,3,26.1,1129,1,438,402,178,58,8,46,99,20,7,45,87,31,1,6,4,4,7,1,63,23/24
714226,Rafael Mineiro,24.04.19_União Corinthians,3,23.3,1281,0,450,576,172,25,0,89,125,26,9,75,140,29,0,4,4,3,4,5,63,23/24
703456,Renan Lenz,24.04.19_União Corinthians,3,26.0,786,1,292,274,130,38,9,35,81,18,3,40,76,21,0,2,10,3,7,2,69,23/24
703343,Winicius Braga,24.04.19_União Corinthians,3,6.8,32,0,19,4,0,0,0,1,20,0,0,0,21,0,0,1,0,0,0,0,1,23/24
709501,Yuri Neptune,24.04.19_União Corinthians,3,12.4,128,0,54,54,2,0,0,11,32,3,0,9,35,2,0,0,0,1,0,0,3,23/24
692169,Alexandre Paranhos,24.04.19_União Corinthians,4,24.6,1575,1,635,665,168,22,3,110,143,47,2,87,167,35,0,3,7,4,10,9,114,23/24
716240,Cristian Cortes,24.04.19_União Corinthians,4,24.6,921,2,385,291,123,61,4,46,78,15,11,57,69,23,1,6,2,2,4,3,50,23/24
713851,Danilo Fuzaro,24.04.19_União Corinthians,4,26.3,1509,2,703,442,207,58,11,89,142,24,6,93,111,37,1,3,7,7,12,4,103,23/24
708457,Felipe Vezaro,24.04.19_União Corinthians,4,16.9,261,0,174,40,10,0,0,24,47,4,0,26,46,3,0,23,2,1,0,0,30,23/24
714249,Franco Baralle,24.04.19_União Corinthians,4,21.5,998,0,527,301,80,17,0,72,84,16,4,85,71,17,0,14,5,4,3,4,68,23/24
714195,Luciano Gonzalez,24.04.19_União Corinthians,4,25.1,1642,1,690,658,167,57,4,63,120,35,9,65,120,39,0,6,6,9,9,2,91,23/24
714226,Rafael Mineiro,24.04.19_União Corinthians,4,22.7,964,0,427,396,81,8,0,75,83,23,1,54,101,13,0,13,6,5,7,0,69,23/24
703456,Renan Lenz,24.04.19_União Corinthians,4,23.2,1000,0,447,379,79,28,0,58,101,17,1,60,107,15,0,8,12,4,7,1,75,23/24
703343,Winicius Braga,24.04.19_União Corinthians,4,11.6,157,0,125,12,0,0,0,12,29,0,1,13,27,2,0,0,0,0,0,0,0,23/24
709501,Yuri Neptune,24.04.19_União Corinthians,4,21.7,724,0,323,252,100,7,0,45,86,9,3,31,87,9,0,6,1,2,3,0,28,23/24
692169,Alexandre Paranhos,24.04.23_União Corinthians,1,26.1,935,2,268,462,104,46,16,53,78,28,7,49,97,22,1,5,1,2,3,8,65,23/24
716240,Cristian Cortes,24.04.23_União Corinthians,1,23.4,482,0,164,180,81,30,0,31,38,12,3,31,39,13,0,3,2,1,4,3,42,23/24
713851,Danilo Fuzaro,24.04.23_União Corinthians,1,26.2,1072,2,379,401,161,51,26,56,111,22,4,49,98,30,1,0,4,3,5,7,73,23/24
708457,Felipe Vezaro,24.04.23_União Corinthians,1,5.3,23,0,12,0,0,0,0,5,15,0,0,5,15,0,0,17,2,0,0,0,20,23/24
714249,Franco Baralle,24.04.23_União Corinthians,1,25.8,897,1,309,367,127,31,11,64,71,24,4,62,69,27,0,4,1,1,6,5,57,23/24
714245,Gemerson Barbosa,24.04.23_União Corinthians,1,25.5,767,1,238,345,124,30,8,41,55,16,1,43,56,17,0,4,2,2,4,2,40,23/24
712072,Lucas Rodriguez,24.04.23_União Corinthians,1,5.0,36,0,23,0,0,0,0,4,20,0,0,5,19,0,0,9,0,0,0,0,10,23/24
714195,Luciano Gonzalez,24.04.23_União Corinthians,1,22.7,778,0,288,290,126,42,0,40,62,17,3,40,64,18,0,6,1,3,5,1,39,23/24
714226,Rafael Mineiro,24.04.23_União Corinthians,1,20.7,1188,0,426,543,147,18,0,70,107,40,2,62,127,32,0,1,3,3,8,5,73,23/24
703456,Renan Lenz,24.04.23_União Corinthians,1,27.0,533,1,127,205,135,27,18,15,47,10,5,24,47,14,0,0,11,3,3,1,53,23/24
703343,Winicius Braga,24.04.23_União Corinthians,1,7.3,29,0,20,2,0,0,0,2,14,1,0,2,16,0,0,2,0,0,0,0,2,23/24
709501,Yuri Neptune,24.04.23_União Corinthians,1,24.9,358,1,141,134,44,12,2,18,58,4,2,14,52,9,0,4,2,2,2,2,30,23/24
692169,Alexandre Paranhos,24.04.23_União Corinthians,2,25.0,1125,1,422,474,143,21,4,57,102,36,4,58,114,30,0,4,3,3,7,8,87,23/24
716240,Cristian Cortes,24.04.23_União Corinthians,2,26.0,517,2,217,192,48,23,14,31,39,4,1,34,35,7,0,10,4,2,2,2,39,23/24
713851,Danilo Fuzaro,24.04.23_União Corinthians,2,25.8,1283,2,569,404,196,39,10,65,119,26,5,54,113,33,1,2,7,5,12,3,93,23/24
708457,Felipe Vezaro,24.04.23_União Corinthians,2,24.7,635,1,251,233,81,37,2,46,39,14,2,44,44,10,0,14,3,2,2,3,53,23/24
714249,Franco Baralle,24.04.23_União Corinthians,2,24.2,1188,1,598,376,116,23,1,81,88,26,5,84,81,30,0,6,6,5,5,4,79,23/24
714245,Gemerson Barbosa,24.04.23_União Corinthians,2,22.3,994,0,345,414,163,30,0,54,84,13,7,48,78,22,0,14,3,2,5,4,65,23/24
712072,Lucas Rodriguez,24.04.23_União Corinthians,2,7.2,123,0,91,10,0,0,0,9,26,0,0,15,22,0,0,7,0,0,0,0,7,23/24
714195,Luciano Gonzalez,24.04.23_União Corinthians,2,22.3,1217,0,514,410,191,49,0,50,92,27,8,54,94,26,0,8,6,7,5,2,69,23/24
714226,Rafael Mineiro,24.04.23_União Corinthians,2,24.0,746,0,329,233,97,40,0,38,73,20,2,40,77,17,0,13,5,5,4,0,56,23/24
703456,Renan Lenz,24.04.23_União Corinthians,2,25.9,910,1,378,351,86,51,6,43,76,18,1,33,80,14,0,0,15,5,6,2,82,23/24
703343,Winicius Braga,24.04.23_União Corinthians,2,5.9,78,0,64,0,0,0,0,6,25,0,0,7,24,0,0,0,0,0,0,0,0,23/24
709501,Yuri Neptune,24.04.23_União Corinthians,2,7.5,146,0,119,3,0,0,0,9,40,0,0,9,39,0,0,7,1,1,1,1,17,23/24
692169,Alexandre Paranhos,24.04.23_União Corinthians,3,22.1,1262,0,440,615,125,33,0,73,109,31,2,57,132,24,0,3,2,2,8,6,77,23/24
716240,Cristian Cortes,24.04.23_União Corinthians,3,20.5,237,0,108,45,49,12,0,22,27,4,0,23,26,3,0,8,2,1,1,1,22,23/24
713851,Danilo Fuzaro,24.04.23_União Corinthians,3,27.8,1498,3,490,516,318,75,31,92,120,32,5,60,118,34,2,0,1,4,9,8,90,23/24
708457,Felipe Vezaro,24.04.23_União Corinthians,3,26.4,263,2,97,76,30,20,21,23,34,3,2,20,28,8,0,12,3,2,3,0,37,23/24
714249,Franco Baralle,24.04.23_União Corinthians,3,22.2,1203,0,462,522,120,29,0,87,99,19,5,96,84,22,0,3,2,3,4,9,81,23/24
714245,Gemerson Barbosa,24.04.23_União Corinthians,3,19.9,510,0,193,177,100,12,0,31,56,9,1,28,56,12,0,8,2,2,2,1,31,23/24
712072,Lucas Rodriguez,24.04.23_União Corinthians,3,7.9,49,0,23,9,0,0,0,7,25,2,0,10,26,0,0,2,0,0,0,0,2,23/24
714195,Luciano Gonzalez,24.04.23_União Corinthians,3,26.2,1098,2,489,382,135,44,11,48,68,19,8,42,68,27,0,7,3,3,5,3,57,23/24
714226,Rafael Mineiro,24.04.23_União Corinthians,3,20.1,1057,0,353,503,139,13,0,60,108,23,5,53,118,22,0,6,3,4,5,4,63,23/24
703456,Renan Lenz,24.04.23_União Corinthians,3,21.9,553,0,147,240,109,33,0,44,47,12,2,20,55,11,0,1,13,2,4,2,58,23/24
703343,Winicius Braga,24.04.23_União Corinthians,3,5.0,31,0,22,0,0,0,0,2,18,0,0,3,17,0,0,0,0,0,0,0,0,23/24
709501,Yuri Neptune,24.04.23_União Corinthians,3,8.4,71,0,46,8,0,0,0,5,29,1,0,7,26,0,0,2,0,0,0,0,4,23/24
692169,Alexandre Paranhos,24.04.23_União Corinthians,4,25.3,1022,1,373,407,137,38,7,64,97,27,8,44,123,27,0,8,4,5,6,3,71,23/24
716240,Cristian Cortes,24.04.23_União Corinthians,4,23.9,894,0,356,308,149,30,0,50,77,17,4,60,79,14,1,12,2,2,2,4,51,23/24
713851,Danilo Fuzaro,24.04.23_União Corinthians,4,20.3,686,0,337,185,72,34,0,46,82,11,6,45,83,13,0,7,17,7,5,1,83,23/24
708457,Felipe Vezaro,24.04.23_União Corinthians,4,20.4,506,0,203,178,77,19,0,27,59,6,1,39,50,7,0,21,7,2,2,3,61,23/24
714249,Franco Baralle,24.04.23_União Corinthians,4,23.5,1108,0,661,287,60,21,0,61,94,17,3,83,78,16,0,14,10,6,5,1,75,23/24
714245,Gemerson Barbosa,24.04.23_União Corinthians,4,25.8,1706,2,657,622,277,69,6,97,134,37,8,103,138,33,0,9,8,7,5,5,90,23/24
712072,Lucas Rodriguez,24.04.23_União Corinthians,4,7.4,115,0,83,4,0,0,0,16,28,1,0,17,29,0,0,2,0,0,0,0,2,23/24
714195,Luciano Gonzalez,24.04.23_União Corinthians,4,26.3,1880,5,845,577,194,108,56,102,130,31,15,89,143,41,0,5,9,7,8,5,106,23/24
714226,Rafael Mineiro,24.04.23_União Corinthians,4,25.1,1475,2,637,551,161,43,5,103,138,30,11,75,166,27,0,9,10,5,7,4,91,23/24
703456,Renan Lenz,24.04.23_União Corinthians,4,23.1,533,0,251,169,48,21,0,24,75,12,2,26,79,10,0,11,19,2,3,1,71,23/24
703343,Winicius Braga,24.04.23_União Corinthians,4,7.8,101,0,78,2,0,0,0,5,41,1,0,6,42,0,0,0,0,0,0,0,2,23/24
709501,Yuri Neptune,24.04.23_União Corinthians,4,7.4,134,0,105,3,0,0,0,10,39,1,0,21,33,0,0,2,1,0,0,1,11,23/24
692169,Alexandre Paranhos,24.05.03_São Paulo,1,23.5,1164,0,346,555,181,47,0,75,63,23,8,56,79,27,0,2,1,1,4,8,61,23/24
716240,Cristian Cortes,24.05.03_São Paulo,1,25.1,201,1,64,60,28,24,5,20,16,5,0,21,16,3,0,10,2,1,1,0,20,23/24
713851,Danilo Fuzaro,24.05.03_São Paulo,1,26.1,1248,3,340,516,232,97,28,60,83,31,10,45,92,27,0,0,1,2,3,9,65,23/24
708457,Felipe Vezaro,24.05.03_São Paulo,1,22.1,597,0,160,269,109,28,0,41,58,9,5,31,55,16,0,3,1,0,3,2,29,23/24
714249,Franco Baralle,24.05.03_São Paulo,1,22.5,1025,0,359,438,155,28,0,62,75,25,2,61,77,20,0,0,2,1,2,11,66,23/24
714245,Gemerson Barbosa,24.05.03_São Paulo,1,26.1,236,1,60,58,83,14,6,14,23,3,4,10,25,7,0,7,1,1,2,0,19,23/24
712072,Lucas Rodriguez,24.05.03_São Paulo,1,7.2,24,0,12,2,0,0,0,8,13,0,0,9,13,0,0,1,0,0,0,0,1,23/24
714195,Luciano Gonzalez,24.05.03_São Paulo,1,24.6,970,2,345,399,155,40,3,44,66,16,3,42,60,24,0,3,2,2,6,3,49,23/24
714226,Rafael Mineiro,24.05.03_São Paulo,1,24.2,763,1,222,330,148,38,1,34,59,16,7,29,60,22,0,6,1,0,3,5,46,23/24
703456,Renan Lenz,24.05.03_São Paulo,1,23.4,601,0,179,263,111,22,0,23,56,17,3,21,57,16,0,0,1,8,2,4,55,23/24
703343,Winicius Braga,24.05.03_São Paulo,1,7.7,30,0,20,2,0,0,0,3,18,1,0,3,19,0,0,0,0,0,0,0,1,23/24
709501,Yuri Neptune,24.05.03_São Paulo,1,6.9,49,0,35,1,0,0,0,4,23,1,0,7,23,0,0,2,0,0,0,0,2,23/24
692169,Alexandre Paranhos,24.05.03_São Paulo,2,23.1,1082,0,391,464,135,35,0,53,104,26,4,52,106,27,0,8,4,4,6,5,77,23/24
716240,Cristian Cortes,24.05.03_São Paulo,2,23.8,782,0,278,294,125,49,0,44,57,17,5,48,52,19,0,13,2,1,4,2,48,23/24
713851,Danilo Fuzaro,24.05.03_São Paulo,2,27.7,1446,2,559,505,233,57,30,77,106,21,3,59,96,36,1,0,9,8,9,3,91,23/24
708457,Felipe Vezaro,24.05.03_São Paulo,2,21.9,426,0,185,106,76,25,0,29,52,9,2,25,56,8,0,8,2,1,3,0,25,23/24
714249,Franco Baralle,24.05.03_São Paulo,2,21.5,999,0,483,341,102,11,0,73,61,13,4,69,59,16,0,2,12,5,6,3,81,23/24
714245,Gemerson Barbosa,24.05.03_São Paulo,2,25.2,741,4,274,224,137,64,7,37,65,7,7,42,62,14,1,13,6,3,2,4,64,23/24
712072,Lucas Rodriguez,24.05.03_São Paulo,2,6.0,104,0,76,0,0,0,0,13,33,0,0,26,23,0,0,1,0,0,0,0,1,23/24
714195,Luciano Gonzalez,24.05.03_São Paulo,2,26.5,1646,3,690,544,241,89,14,76,118,31,10,78,118,35,2,3,8,3,10,5,92,23/24
714226,Rafael Mineiro,24.05.03_São Paulo,2,23.2,1339,0,578,505,164,27,0,70,120,29,4,69,128,23,0,5,7,5,8,3,83,23/24
703456,Renan Lenz,24.05.03_São Paulo,2,26.1,523,1,216,160,72,31,11,24,57,6,4,30,54,7,1,0,14,10,1,3,78,23/24
703343,Winicius Braga,24.05.03_São Paulo,2,6.1,102,0,80,1,0,0,0,6,40,0,0,11,36,0,0,1,0,0,0,0,1,23/24
709501,Yuri Neptune,24.05.03_São Paulo,2,7.3,179,0,149,9,0,0,0,10,38,1,0,13,36,0,0,2,0,0,0,0,2,23/24
692169,Alexandre Paranhos,24.05.03_São Paulo,3,26.0,1161,2,402,480,151,67,11,68,83,23,4,60,85,25,1,2,2,4,8,4,67,23/24
716240,Cristian Cortes,24.05.03_São Paulo,3,6.3,47,0,32,1,0,0,0,14,8,0,0,13,11,0,0,7,0,0,0,0,7,23/24
713851,Danilo Fuzaro,24.05.03_São Paulo,3,27.6,1172,3,421,350,216,91,39,65,82,25,8,56,85,28,2,0,1,6,9,3,70,23/24
708457,Felipe Vezaro,24.05.03_São Paulo,3,26.6,191,2,59,66,14,24,11,14,29,2,2,14,33,3,0,5,1,0,1,0,11,23/24
714249,Franco Baralle,24.05.03_São Paulo,3,26.0,1053,2,455,364,122,34,20,66,75,9,8,78,56,21,0,0,4,4,7,3,66,23/24
714245,Gemerson Barbosa,24.05.03_São Paulo,3,4.5,30,0,19,0,0,0,0,1,25,0,0,4,22,0,0,16,3,0,0,0,21,23/24
712072,Lucas Rodriguez,24.05.03_São Paulo,3,4.5,21,0,11,0,0,0,0,7,9,0,0,8,8,0,0,1,0,0,0,0,1,23/24
714195,Luciano Gonzalez,24.05.03_São Paulo,3,22.5,926,0,407,315,113,43,0,58,80,13,6,59,70,22,0,3,6,4,5,0,48,23/24
714226,Rafael Mineiro,24.05.03_São Paulo,3,23.6,928,0,342,388,131,27,0,58,84,20,3,47,94,20,0,2,4,3,6,4,62,23/24
703456,Renan Lenz,24.05.03_São Paulo,3,15.7,201,0,69,89,28,0,0,14,33,2,0,15,28,4,0,0,11,6,1,1,48,23/24
703343,Winicius Braga,24.05.03_São Paulo,3,9.3,25,0,15,2,0,0,0,4,12,1,1,5,15,0,0,0,0,0,0,0,0,23/24
709501,Yuri Neptune,24.05.03_São Paulo,3,10.9,67,0,29,21,0,0,0,9,22,2,0,11,21,0,0,1,0,0,0,0,1,23/24
692169,Alexandre Paranhos,24.05.03_São Paulo,4,20.0,504,0,176,193,83,16,0,30,60,16,4,24,67,17,0,7,1,1,2,1,29,23/24
716240,Cristian Cortes,24.05.03_São Paulo,4,26.2,1163,2,382,460,201,56,18,60,79,30,6,64,70,34,0,5,3,3,5,5,65,23/24
713851,Danilo Fuzaro,24.05.03_São Paulo,4,22.5,1036,0,330,379,236,49,0,59,90,21,7,36,91,32,0,3,8,3,5,5,71,23/24
708457,Felipe Vezaro,24.05.03_São Paulo,4,26.0,1688,2,506,755,315,53,11,90,120,34,7,98,114,37,0,1,4,4,6,8,85,23/24
714249,Franco Baralle,24.05.03_São Paulo,4,23.4,626,0,230,256,68,28,0,47,46,10,6,53,49,13,0,13,3,1,4,2,47,23/24
714245,Gemerson Barbosa,24.05.03_São Paulo,4,26.2,1031,1,304,397,179,97,17,47,81,26,3,43,79,23,0,8,2,4,5,5,65,23/24
712072,Lucas Rodriguez,24.05.03_São Paulo,4,6.1,52,0,43,1,0,0,0,5,8,0,0,8,6,0,0,3,0,0,0,0,3,23/24
714195,Luciano Gonzalez,24.05.03_São Paulo,4,21.6,391,0,153,141,48,20,0,16,42,7,0,31,29,9,0,7,2,1,1,0,19,23/24
714226,Rafael Mineiro,24.05.03_São Paulo,4,21.8,635,0,226,301,66,12,0,42,60,13,1,42,57,15,0,12,3,1,4,3,49,23/24
703456,Renan Lenz,24.05.03_São Paulo,4,22.8,1525,0,480,692,230,74,0,82,103,24,7,70,107,34,0,0,1,5,5,11,96,23/24
703343,Winicius Braga,24.05.03_São Paulo,4,5.8,40,0,32,0,0,0,0,4,13,0,0,6,10,0,0,0,0,0,0,0,0,23/24
709501,Yuri Neptune,24.05.03_São Paulo,4,23.1,415,0,162,129,82,21,0,20,43,7,3,19,47,9,0,1,0,1,3,0,15,23/24
692169,Alexandre Paranhos,24.05.06_São Paulo,1,25.9,1256,2,401,564,174,49,13,72,101,36,5,58,110,35,1,5,2,3,9,4,74,23/24
716240,Cristian Cortes,24.05.06_São Paulo,1,23.7,474,0,221,130,73,11,0,41,51,8,3,49,42,13,0,4,2,4,3,0,30,23/24
713851,Danilo Fuzaro,24.05.06_São Paulo,1,27.0,1102,4,315,382,222,94,40,51,87,25,10,45,86,27,0,2,8,2,4,5,68,23/24
708457,Felipe Vezaro,24.05.06_São Paulo,1,24.1,629,1,176,248,144,27,1,42,55,16,5,34,51,21,0,3,1,2,4,1,34,23/24
714249,Franco Baralle,24.05.06_São Paulo,1,25.7,1028,1,408,386,125,49,4,69,68,36,4,67,70,31,0,6,3,2,4,8,74,23/24
714245,Gemerson Barbosa,24.05.06_São Paulo,1,22.2,191,0,79,52,22,17,0,13,33,4,1,22,26,3,0,10,1,1,1,0,18,23/24
712072,Lucas Rodriguez,24.05.06_São Paulo,1,5.5,59,0,41,0,0,0,0,10,25,0,0,11,25,0,0,11,0,0,0,0,12,23/24
714195,Luciano Gonzalez,24.05.06_São Paulo,1,26.0,1201,2,436,502,157,40,24,68,85,26,7,53,85,36,0,5,5,2,6,5,69,23/24
714226,Rafael Mineiro,24.05.06_São Paulo,1,23.4,1207,0,369,559,201,39,0,71,72,36,7,56,100,28,0,6,3,3,6,5,70,23/24
703456,Renan Lenz,24.05.06_São Paulo,1,19.4,438,0,228,136,40,2,0,22,60,6,1,27,53,5,0,2,14,4,2,1,54,23/24
703343,Winicius Braga,24.05.06_São Paulo,1,6.0,45,0,29,0,0,0,0,4,33,0,0,6,32,0,0,3,0,0,0,0,3,23/24
709501,Yuri Neptune,24.05.06_São Paulo,1,9.7,126,0,61,43,0,0,0,14,33,1,0,15,34,0,0,2,1,0,0,0,5,23/24
692169,Alexandre Paranhos,24.05.06_São Paulo,2,22.6,506,0,232,167,52,18,0,37,46,11,4,38,52,10,0,7,3,2,3,0,29,23/24
716240,Cristian Cortes,24.05.06_São Paulo,2,25.7,724,1,336,224,89,27,8,39,60,10,4,44,46,13,0,13,2,1,2,4,49,23/24
713851,Danilo Fuzaro,24.05.06_São Paulo,2,21.1,462,0,232,110,62,18,0,28,61,7,1,31,58,5,0,10,14,3,2,0,57,23/24
708457,Felipe Vezaro,24.05.06_São Paulo,2,22.8,651,0,269,227,68,45,0,42,63,16,5,35,71,13,0,15,3,2,1,3,47,23/24
714249,Franco Baralle,24.05.06_São Paulo,2,21.4,1130,0,563,333,131,26,0,65,88,22,9,87,81,18,1,4,10,3,6,7,92,23/24
714245,Gemerson Barbosa,24.05.06_São Paulo,2,26.0,1695,2,542,602,375,108,12,73,125,30,7,72,116,36,1,1,3,4,9,10,109,23/24
712072,Lucas Rodriguez,24.05.06_São Paulo,2,8.0,146,0,96,24,0,0,0,15,25,0,0,17,23,0,0,8,0,0,0,0,8,23/24
714195,Luciano Gonzalez,24.05.06_São Paulo,2,21.4,774,0,423,236,69,12,0,32,60,16,5,45,68,13,1,12,2,3,3,1,42,23/24
714226,Rafael Mineiro,24.05.06_São Paulo,2,22.1,1132,0,468,441,136,26,0,65,118,19,3,55,129,16,0,12,3,2,4,9,85,23/24
703456,Renan Lenz,24.05.06_São Paulo,2,26.0,1545,1,611,540,261,65,11,68,123,30,4,64,122,29,0,0,11,3,6,11,106,23/24
703343,Winicius Braga,24.05.06_São Paulo,2,6.3,169,0,150,2,0,0,0,5,33,0,0,5,34,0,0,0,0,0,0,0,0,23/24
709501,Yuri Neptune,24.05.06_São Paulo,2,5.8,212,0,191,0,0,0,0,3,38,0,0,7,36,0,0,1,0,0,0,0,1,23/24
692169,Alexandre Paranhos,24.05.06_São Paulo,3,26.2,1187,1,395,538,163,21,10,53,105,35,5,46,119,37,0,4,3,4,9,2,71,23/24
716240,Cristian Cortes,24.05.06_São Paulo,3,25.0,336,1,118,124,55,13,4,30,29,5,1,21,32,8,0,4,0,1,2,0,18,23/24
713851,Danilo Fuzaro,24.05.06_São Paulo,3,25.7,613,2,189,237,106,43,8,34,48,10,4,24,46,16,0,10,5,4,6,2,61,23/24
708457,Felipe Vezaro,24.05.06_São Paulo,3,22.6,492,0,168,199,76,15,0,30,53,11,2,38,52,10,1,3,1,3,3,1,30,23/24
714249,Franco Baralle,24.05.06_São Paulo,3,22.0,1267,0,559,453,133,35,0,90,97,30,5,97,96,26,0,4,5,4,7,8,91,23/24
714245,Gemerson Barbosa,24.05.06_São Paulo,3,26.1,997,1,326,396,156,59,16,69,71,13,5,55,80,20,0,7,6,4,6,3,68,23/24
712072,Lucas Rodriguez,24.05.06_São Paulo,3,4.7,28,0,18,0,0,0,0,9,9,0,0,12,6,0,0,2,0,0,0,0,2,23/24
714195,Luciano Gonzalez,24.05.06_São Paulo,3,25.4,1117,1,432,413,152,73,3,62,80,23,8,49,67,35,0,3,5,3,7,4,69,23/24
714226,Rafael Mineiro,24.05.06_São Paulo,3,18.6,752,0,296,316,93,2,0,47,77,18,2,49,73,18,0,7,3,5,6,0,52,23/24
703456,Renan Lenz,24.05.06_São Paulo,3,21.8,1153,0,451,492,118,51,0,59,96,11,6,55,92,22,0,0,9,4,7,7,91,23/24
703343,Winicius Braga,24.05.06_São Paulo,3,4.9,31,0,26,0,0,0,0,1,14,0,0,1,14,0,0,0,0,0,0,0,0,23/24
709501,Yuri Neptune,24.05.06_São Paulo,3,6.1,66,0,52,0,0,0,0,4,24,1,0,8,22,0,0,0,0,0,0,0,0,23/24
692169,Alexandre Paranhos,24.05.06_São Paulo,4,20.5,813,0,319,351,90,8,0,36,82,21,3,40,88,17,0,4,1,2,6,3,49,23/24
716240,Cristian Cortes,24.05.06_São Paulo,4,26.9,1756,3,690,648,228,98,14,88,111,32,6,99,111,29,1,1,3,5,8,9,97,23/24
713851,Danilo Fuzaro,24.05.06_São Paulo,4,22.7,1051,0,421,371,178,19,0,61,93,28,1,56,89,27,0,8,3,6,7,2,67,23/24
708457,Felipe Vezaro,24.05.06_São Paulo,4,25.0,1205,1,453,492,168,37,3,73,97,28,5,87,93,30,0,6,5,5,6,2,69,23/24
714249,Franco Baralle,24.05.06_São Paulo,4,4.6,125,0,103,0,0,0,0,5,17,0,0,15,7,0,0,11,0,0,0,0,11,23/24
714245,Gemerson Barbosa,24.05.06_São Paulo,4,27.2,877,4,287,298,127,94,42,37,55,10,6,20,66,16,0,10,3,4,4,2,52,23/24
712072,Lucas Rodriguez,24.05.06_São Paulo,4,14.8,325,0,188,108,6,0,0,24,26,2,0,31,24,1,0,5,1,2,0,0,13,23/24
714195,Luciano Gonzalez,24.05.06_São Paulo,4,22.8,537,0,292,177,22,14,0,33,55,13,2,41,57,9,0,7,2,4,1,0,29,23/24
714226,Rafael Mineiro,24.05.06_São Paulo,4,16.2,453,0,235,144,42,0,0,32,48,8,2,21,48,10,0,9,2,2,2,1,29,23/24
703456,Renan Lenz,24.05.06_São Paulo,4,23.8,539,0,239,190,66,21,0,27,48,6,0,25,42,8,0,6,12,1,4,2,58,23/24
703343,Winicius Braga,24.05.06_São Paulo,4,15.9,448,0,221,188,22,0,0,27,44,3,1,19,47,3,0,3,2,2,2,0,18,23/24
709501,Yuri Neptune,24.05.06_São Paulo,4,26.1,549,2,230,192,60,30,13,23,51,8,1,21,44,12,0,4,1,2,2,0,21,23/24
692169,Alexandre Paranhos,24.05.08_São Paulo,1,22.8,1140,0,291,590,188,28,0,64,83,36,6,59,89,37,0,2,2,2,7,6,74,23/24
716240,Cristian Cortes,24.05.08_São Paulo,1,25.9,633,2,186,262,91,49,8,48,55,13,6,48,52,16,0,5,2,1,3,3,41,23/24
713851,Danilo Fuzaro,24.05.08_São Paulo,1,27.2,1248,3,420,444,236,75,19,69,100,26,8,63,103,26,1,0,2,3,6,10,85,23/24
708457,Felipe Vezaro,24.05.08_São Paulo,1,20.8,447,0,134,159,88,33,0,27,57,12,0,41,45,13,0,1,1,3,5,4,52,23/24
714249,Franco Baralle,24.05.08_São Paulo,1,21.6,890,0,353,373,109,20,0,50,63,16,4,58,59,20,0,0,5,2,3,9,77,23/24
714245,Gemerson Barbosa,24.05.08_São Paulo,1,26.4,548,3,147,194,113,41,29,15,51,11,3,22,53,11,0,10,3,0,2,3,43,23/24
712072,Lucas Rodriguez,24.05.08_São Paulo,1,5.8,55,0,34,0,0,0,0,9,28,0,0,16,21,0,0,5,0,0,0,0,5,23/24
714195,Luciano Gonzalez,24.05.08_São Paulo,1,26.0,1060,1,375,361,179,88,17,50,80,23,4,41,82,27,1,5,2,4,6,4,62,23/24
714226,Rafael Mineiro,24.05.08_São Paulo,1,25.0,909,1,340,372,111,43,5,52,79,22,3,38,93,19,0,5,3,3,6,3,60,23/24
703456,Renan Lenz,24.05.08_São Paulo,1,22.1,289,0,102,115,30,22,0,17,37,7,0,16,38,6,0,1,14,3,2,1,49,23/24
703343,Winicius Braga,24.05.08_São Paulo,1,6.8,78,0,56,3,0,0,0,7,37,2,0,7,39,1,0,5,0,0,0,0,5,23/24
709501,Yuri Neptune,24.05.08_São Paulo,1,6.7,81,0,64,2,0,0,0,1,32,0,0,5,30,0,0,3,0,0,0,0,3,23/24
692169,Alexandre Paranhos,24.05.08_São Paulo,2,22.6,873,0,350,308,146,23,0,45,83,17,6,34,80,24,0,8,4,3,5,2,56,23/24
716240,Cristian Cortes,24.05.08_São Paulo,2,25.6,543,1,303,132,49,6,4,41,60,7,6,45,54,11,0,21,4,0,1,3,46,23/24
713851,Danilo Fuzaro,24.05.08_São Paulo,2,26.0,693,1,354,139,106,42,7,35,72,13,3,43,64,15,0,2,17,4,3,4,81,23/24
708457,Felipe Vezaro,24.05.08_São Paulo,2,24.5,1274,2,468,453,195,94,4,63,108,21,3,82,89,23,0,5,5,6,7,3,76,23/24
714249,Franco Baralle,24.05.08_São Paulo,2,20.7,1451,0,716,478,159,15,0,88,105,27,5,92,86,39,0,1,6,7,8,9,109,23/24
714245,Gemerson Barbosa,24.05.08_São Paulo,2,26.4,1114,3,441,380,156,40,48,52,102,19,3,54,92,20,0,10,7,3,4,7,81,23/24
712072,Lucas Rodriguez,24.05.08_São Paulo,2,10.6,218,0,148,25,0,0,0,26,46,0,0,26,46,0,0,5,0,0,0,0,5,23/24
714195,Luciano Gonzalez,24.05.08_São Paulo,2,26.0,1575,6,637,464,234,143,36,91,102,27,15,62,101,45,2,3,8,6,7,6,95,23/24
714226,Rafael Mineiro,24.05.08_São Paulo,2,24.6,1225,2,508,378,208,68,6,60,94,38,4,53,116,25,0,7,6,5,6,5,81,23/24
703456,Renan Lenz,24.05.08_São Paulo,2,26.0,737,1,319,247,101,22,9,38,79,8,3,34,80,12,0,4,18,2,2,3,73,23/24
703343,Winicius Braga,24.05.08_São Paulo,2,7.6,192,0,157,6,0,0,0,13,47,3,0,12,50,0,0,2,0,0,0,0,2,23/24
709501,Yuri Neptune,24.05.08_São Paulo,2,7.2,278,0,237,11,0,0,0,8,58,2,0,3,61,1,0,2,0,0,0,0,2,23/24
692169,Alexandre Paranhos,24.05.08_São Paulo,3,22.2,826,0,254,402,114,20,0,59,68,25,2,42,82,20,0,2,1,4,6,3,58,23/24
716240,Cristian Cortes,24.05.08_São Paulo,3,26.0,631,1,251,199,77,49,9,40,59,9,4,51,53,13,0,8,4,2,1,2,36,23/24
713851,Danilo Fuzaro,24.05.08_São Paulo,3,26.2,1387,4,501,457,265,55,33,89,121,30,9,85,115,36,1,0,6,5,7,10,106,23/24
708457,Felipe Vezaro,24.05.08_São Paulo,3,23.2,729,0,262,256,124,28,0,51,81,16,5,55,77,19,0,6,7,6,3,4,71,23/24
714249,Franco Baralle,24.05.08_São Paulo,3,22.6,1111,0,463,419,129,35,0,49,97,14,8,77,76,19,0,9,3,5,5,5,75,23/24
714245,Gemerson Barbosa,24.05.08_São Paulo,3,31.3,772,3,236,247,116,49,79,48,70,13,5,42,75,11,1,10,6,3,6,3,68,23/24
712072,Lucas Rodriguez,24.05.08_São Paulo,3,7.7,66,0,39,6,0,0,0,9,26,3,0,14,24,0,0,3,0,0,0,0,3,23/24
714195,Luciano Gonzalez,24.05.08_São Paulo,3,22.3,1123,0,468,420,130,37,0,71,92,26,7,72,94,28,0,8,6,7,5,3,74,23/24
714226,Rafael Mineiro,24.05.08_São Paulo,3,20.2,1491,0,543,655,188,31,0,80,136,37,8,61,158,27,0,1,6,7,6,7,95,23/24
703456,Renan Lenz,24.05.08_São Paulo,3,6.9,93,0,71,1,0,0,0,8,33,0,0,14,28,0,0,12,16,0,0,0,45,23/24
703343,Winicius Braga,24.05.08_São Paulo,3,9.5,74,0,49,8,0,0,0,5,29,5,0,8,32,0,0,1,0,0,0,0,1,23/24
709501,Yuri Neptune,24.05.08_São Paulo,3,8.3,52,0,32,2,0,0,0,7,29,2,0,8,32,0,0,0,0,0,0,0,0,23/24
692169,Alexandre Paranhos,24.05.08_São Paulo,4,20.6,389,0,160,127,63,11,0,23,41,10,1,31,39,8,0,9,1,1,3,1,28,23/24
716240,Cristian Cortes,24.05.08_São Paulo,4,26.0,846,1,312,282,106,70,11,66,64,14,6,62,64,18,0,10,2,1,4,5,58,23/24
713851,Danilo Fuzaro,24.05.08_São Paulo,4,26.6,1333,1,460,492,239,64,10,85,108,30,12,69,101,45,0,0,2,6,7,12,112,23/24
708457,Felipe Vezaro,24.05.08_São Paulo,4,22.8,512,0,210,157,79,24,0,34,63,10,1,46,52,10,0,12,3,2,2,1,35,23/24
714249,Franco Baralle,24.05.08_São Paulo,4,26.0,1132,1,483,396,149,34,6,76,90,20,6,81,91,19,0,6,5,4,7,5,80,23/24
714245,Gemerson Barbosa,24.05.08_São Paulo,4,25.8,1313,4,398,542,207,90,25,72,98,25,8,62,102,31,0,1,5,5,4,12,104,23/24
712072,Lucas Rodriguez,24.05.08_São Paulo,4,6.2,83,0,50,1,0,0,0,19,35,0,0,28,28,0,0,4,0,0,0,0,4,23/24
714195,Luciano Gonzalez,24.05.08_São Paulo,4,23.2,863,0,378,318,91,31,0,57,67,15,4,46,71,16,0,12,5,4,3,2,56,23/24
714226,Rafael Mineiro,24.05.08_São Paulo,4,20.7,1365,0,566,583,126,17,0,84,143,28,3,67,153,26,0,1,5,7,6,8,96,23/24
703456,Renan Lenz,24.05.08_São Paulo,4,5.8,113,0,91,0,0,0,0,7,36,0,0,12,32,0,0,15,12,0,0,0,40,23/24
703343,Winicius Braga,24.05.08_São Paulo,4,5.3,49,0,35,0,0,0,0,5,26,0,0,6,26,0,0,2,0,0,0,0,2,23/24
709501,Yuri Neptune,24.05.08_São Paulo,4,10.4,127,0,89,14,0,0,0,12,41,0,0,13,41,0,0,2,0,0,0,0,2,23/24
692169,Alexandre Paranhos,24.05.11_São Paulo,1,22.3,1254,0,359,618,170,66,0,58,77,34,5,54,93,33,0,6,2,1,7,6,70,23/24
716240,Cristian Cortes,24.05.11_São Paulo,1,14.9,290,0,115,102,30,0,0,31,48,0,1,38,39,2,0,8,2,1,1,0,20,23/24
713851,Danilo Fuzaro,24.05.11_São Paulo,1,29.0,1508,3,499,501,292,113,38,71,136,22,9,79,110,37,2,0,4,2,8,8,89,23/24
708457,Felipe Vezaro,24.05.11_São Paulo,1,20.4,392,0,148,138,51,17,0,32,65,8,0,32,63,7,0,12,3,1,3,0,34,23/24
714249,Franco Baralle,24.05.11_São Paulo,1,22.5,1272,0,513,497,164,35,0,70,93,25,7,70,82,31,0,1,4,2,5,10,85,23/24
714245,Gemerson Barbosa,24.05.11_São Paulo,1,26.2,368,2,141,111,39,23,23,21,59,5,1,33,51,6,0,10,5,1,1,1,32,23/24
712072,Lucas Rodriguez,24.05.11_São Paulo,1,6.4,68,0,39,1,0,0,0,15,36,0,0,12,40,0,0,6,0,0,0,0,6,23/24
714195,Luciano Gonzalez,24.05.11_São Paulo,1,26.0,1272,5,504,440,171,87,18,60,90,21,8,59,79,28,1,7,3,4,5,4,63,23/24
714226,Rafael Mineiro,24.05.11_São Paulo,1,20.7,1355,0,447,622,210,24,0,68,113,35,4,67,130,28,0,2,3,1,4,13,89,23/24
703456,Renan Lenz,24.05.11_São Paulo,1,14.5,111,0,65,12,5,0,0,10,53,0,0,8,54,1,0,2,19,2,0,0,45,23/24
703343,Winicius Braga,24.05.11_São Paulo,1,6.6,40,0,23,1,0,0,0,7,29,1,0,7,30,0,0,1,0,0,0,0,1,23/24
709501,Yuri Neptune,24.05.11_São Paulo,1,7.5,86,0,66,2,0,0,0,4,38,1,0,6,38,0,0,6,0,0,0,0,6,23/24
692169,Alexandre Paranhos,24.05.11_São Paulo,2,16.4,301,0,140,115,15,0,0,17,46,5,1,17,49,3,0,6,1,0,2,0,14,23/24
716240,Cristian Cortes,24.05.11_São Paulo,2,26.2,1460,2,530,534,263,72,20,70,94,21,10,80,88,25,0,8,4,4,8,6,91,23/24
713851,Danilo Fuzaro,24.05.11_São Paulo,2,24.8,920,1,428,261,126,36,5,54,99,21,3,66,86,23,1,1,17,6,7,1,84,23/24
708457,Felipe Vezaro,24.05.11_São Paulo,2,26.1,856,3,329,297,121,46,18,56,76,16,6,50,79,20,1,15,5,3,4,1,55,23/24
714249,Franco Baralle,24.05.11_São Paulo,2,22.1,737,0,363,195,111,17,0,50,46,16,3,57,37,14,0,16,6,3,4,2,63,23/24
714245,Gemerson Barbosa,24.05.11_São Paulo,2,26.0,1069,4,390,315,153,142,23,47,80,16,10,50,96,21,0,13,4,4,5,5,79,23/24
712072,Lucas Rodriguez,24.05.11_São Paulo,2,5.8,108,0,78,0,0,0,0,17,34,0,0,27,25,0,0,2,0,0,0,0,2,23/24
714195,Luciano Gonzalez,24.05.11_São Paulo,2,26.2,1423,3,603,426,190,111,20,73,122,17,15,67,105,34,3,8,6,7,8,1,78,23/24
714226,Rafael Mineiro,24.05.11_São Paulo,2,21.9,921,0,436,329,74,29,0,55,92,27,4,52,102,22,0,10,7,5,7,1,75,23/24
703456,Renan Lenz,24.05.11_São Paulo,2,26.6,1596,5,518,574,294,118,44,61,113,32,4,53,114,37,0,0,8,9,7,5,98,23/24
703343,Winicius Braga,24.05.11_São Paulo,2,6.9,123,0,96,1,0,0,0,8,43,0,0,6,46,0,0,0,0,0,0,0,0,23/24
709501,Yuri Neptune,24.05.11_São Paulo,2,10.0,180,0,135,12,0,0,0,18,42,3,0,20,44,0,0,0,0,0,0,0,0,23/24
692169,Alexandre Paranhos,24.05.11_São Paulo,3,26.3,1479,2,416,718,205,63,16,71,117,33,10,66,109,49,0,2,3,4,7,9,94,23/24
716240,Cristian Cortes,24.05.11_São Paulo,3,26.0,99,1,50,16,6,5,9,8,11,0,1,11,7,3,0,15,1,1,0,0,18,23/24
713851,Danilo Fuzaro,24.05.11_São Paulo,3,27.9,1306,5,419,479,232,72,34,84,99,27,6,77,97,29,2,0,6,6,10,2,83,23/24
708457,Felipe Vezaro,24.05.11_São Paulo,3,21.4,241,0,76,86,45,14,0,20,27,5,1,19,21,6,0,9,1,0,2,0,19,23/24
714249,Franco Baralle,24.05.11_São Paulo,3,23.2,1390,0,573,550,166,32,0,98,100,27,7,87,105,27,0,0,6,4,8,6,89,23/24
714245,Gemerson Barbosa,24.05.11_São Paulo,3,24.1,211,1,80,55,32,24,1,12,30,3,1,19,30,3,0,14,3,1,1,1,31,23/24
712072,Lucas Rodriguez,24.05.11_São Paulo,3,6.7,38,0,20,1,0,0,0,10,18,0,0,16,13,0,0,2,0,0,0,0,2,23/24
714195,Luciano Gonzalez,24.05.11_São Paulo,3,26.1,1209,2,505,439,130,56,20,64,101,33,6,64,104,31,1,7,3,6,8,0,63,23/24
714226,Rafael Mineiro,24.05.11_São Paulo,3,26.0,1372,1,505,635,129,37,8,75,117,30,8,74,138,25,0,1,5,4,7,8,92,23/24
703456,Renan Lenz,24.05.11_São Paulo,3,5.4,42,0,28,0,0,0,0,7,24,0,0,8,23,0,0,3,21,1,0,0,46,23/24
703343,Winicius Braga,24.05.11_São Paulo,3,5.8,31,0,22,0,0,0,0,3,16,0,0,3,16,0,0,0,0,0,0,0,0,23/24
709501,Yuri Neptune,24.05.11_São Paulo,3,9.3,81,0,57,12,0,0,0,3,23,1,0,6,20,1,0,0,0,0,0,0,0,23/24
692169,Alexandre Paranhos,24.05.11_São Paulo,4,5.3,34,0,28,0,0,0,0,4,10,0,0,4,10,0,0,6,0,0,0,0,6,23/24
716240,Cristian Cortes,24.05.11_São Paulo,4,26.8,1332,4,489,501,189,60,47,59,100,24,12,67,99,25,3,3,1,2,4,10,76,23/24
713851,Danilo Fuzaro,24.05.11_São Paulo,4,23.1,909,0,334,324,175,32,0,51,67,20,4,51,70,18,0,6,3,2,6,3,59,23/24
708457,Felipe Vezaro,24.05.11_São Paulo,4,24.2,1225,2,412,486,185,92,3,72,82,19,10,75,83,29,0,3,2,3,7,5,71,23/24
714249,Franco Baralle,24.05.11_São Paulo,4,5.1,33,0,26,0,0,0,0,5,6,0,0,8,4,0,0,13,0,0,0,0,13,23/24
714245,Gemerson Barbosa,24.05.11_São Paulo,4,26.5,1480,3,451,683,201,63,28,106,95,34,8,88,102,29,2,0,0,2,7,12,91,23/24
712072,Lucas Rodriguez,24.05.11_São Paulo,4,22.6,298,0,151,86,28,6,0,19,29,8,2,24,34,5,0,3,2,2,0,0,14,23/24
714195,Luciano Gonzalez,24.05.11_São Paulo,4,7.3,105,0,79,13,0,0,0,5,15,1,0,14,12,0,0,5,0,0,0,0,5,23/24
714226,Rafael Mineiro,24.05.11_São Paulo,4,20.4,341,0,146,159,12,7,0,24,35,8,0,15,39,4,0,14,1,0,2,3,37,23/24
703456,Renan Lenz,24.05.11_São Paulo,4,25.3,1145,1,413,482,167,41,3,55,92,19,4,49,88,27,0,1,3,4,7,6,76,23/24
703343,Winicius Braga,24.05.11_São Paulo,4,15.6,291,0,143,111,20,0,0,18,37,4,0,13,42,2,0,1,1,2,0,0,11,23/24
709501,Yuri Neptune,24.05.11_São Paulo,4,21.4,638,0,229,275,97,11,0,42,48,10,2,42,55,9,0,1,1,4,3,1,32,23/24
692169,Alexandre Paranhos,24.05.13_São Paulo,1,26.2,701,2,214,292,112,32,13,59,57,18,4,35,76,17,1,2,1,2,3,3,40,23/24
716240,Cristian Cortes,24.05.13_São Paulo,1,26.0,547,3,206,157,89,25,36,25,57,9,1,38,49,7,0,3,1,2,2,1,26,23/24
713851,Danilo Fuzaro,24.05.13_São Paulo,1,24.9,1041,3,341,360,204,77,8,55,86,23,6,45,102,24,0,2,5,3,5,5,66,23/24
708457,Felipe Vezaro,24.05.13_São Paulo,1,23.1,561,0,199,189,83,55,0,37,54,9,4,41,49,13,0,5,2,2,2,1,30,23/24
714249,Franco Baralle,24.05.13_São Paulo,1,20.1,829,0,343,329,95,10,0,61,67,22,2,71,66,14,0,6,2,2,4,6,64,23/24
714245,Gemerson Barbosa,24.05.13_São Paulo,1,26.8,705,2,172,261,172,46,23,42,52,17,6,29,52,24,0,8,3,1,6,2,50,23/24
712072,Lucas Rodriguez,24.05.13_São Paulo,1,6.9,43,0,26,1,0,0,0,8,23,1,0,9,24,0,0,5,0,0,0,0,5,23/24
714195,Luciano Gonzalez,24.05.13_São Paulo,1,23.9,1456,0,537,548,236,81,0,74,109,29,11,60,114,35,1,0,3,4,9,4,75,23/24
714226,Rafael Mineiro,24.05.13_São Paulo,1,25.9,1405,2,429,594,281,42,8,65,117,37,6,65,113,39,1,0,2,3,6,10,84,23/24
703456,Renan Lenz,24.05.13_São Paulo,1,23.5,181,0,50,67,39,11,0,11,32,2,1,7,38,2,0,1,17,2,1,0,44,23/24
703343,Winicius Braga,24.05.13_São Paulo,1,6.4,32,0,21,2,0,0,0,4,20,0,0,4,19,1,0,1,0,0,0,0,1,23/24
709501,Yuri Neptune,24.05.13_São Paulo,1,12.1,146,0,90,34,1,0,0,12,39,3,2,8,44,3,0,5,0,0,0,0,6,23/24
692169,Alexandre Paranhos,24.05.13_São Paulo,2,5.0,43,0,24,0,0,0,0,8,32,0,0,9,32,0,0,1,0,0,0,0,1,23/24
716240,Cristian Cortes,24.05.13_São Paulo,2,26.4,1026,4,424,326,119,47,60,53,74,20,6,53,76,20,1,4,4,3,3,4,53,23/24
713851,Danilo Fuzaro,24.05.13_São Paulo,2,26.2,1284,5,530,387,156,127,26,75,95,17,11,61,84,32,1,2,6,5,7,4,78,23/24
708457,Felipe Vezaro,24.05.13_São Paulo,2,26.0,486,1,166,181,74,11,13,32,76,2,3,32,66,10,0,16,2,1,1,3,42,23/24
714249,Franco Baralle,24.05.13_São Paulo,2,21.9,1136,0,463,427,151,27,0,71,83,35,2,93,65,30,0,5,2,2,6,9,85,23/24
714245,Gemerson Barbosa,24.05.13_São Paulo,2,27.2,742,1,198,291,148,47,21,24,71,19,5,35,69,16,0,9,7,2,4,3,58,23/24
712072,Lucas Rodriguez,24.05.13_São Paulo,2,4.9,42,0,20,0,0,0,0,12,27,0,0,10,28,0,0,3,0,0,0,0,3,23/24
714195,Luciano Gonzalez,24.05.13_São Paulo,2,25.7,999,3,377,352,127,90,14,39,85,16,4,45,75,23,0,10,3,4,6,0,56,23/24
714226,Rafael Mineiro,24.05.13_São Paulo,2,24.0,1459,0,503,677,194,23,0,83,136,35,8,82,147,25,1,1,3,5,6,10,96,23/24
703456,Renan Lenz,24.05.13_São Paulo,2,26.0,1172,2,314,481,207,112,12,55,96,28,8,46,101,32,1,0,9,2,4,10,89,23/24
703343,Winicius Braga,24.05.13_São Paulo,2,6.8,48,0,32,2,0,0,0,1,32,1,0,3,33,0,0,0,0,0,0,0,0,23/24
709501,Yuri Neptune,24.05.13_São Paulo,2,9.9,135,0,86,24,0,0,0,3,53,3,1,11,51,1,0,3,0,0,0,0,3,23/24
692169,Alexandre Paranhos,24.05.13_São Paulo,3,25.9,1301,2,398,621,164,53,13,70,110,30,7,51,118,35,0,2,1,2,5,8,73,23/24
716240,Cristian Cortes,24.05.13_São Paulo,3,24.3,363,1,118,120,53,49,2,24,24,7,2,30,22,7,0,4,0,0,2,0,15,23/24
713851,Danilo Fuzaro,24.05.13_São Paulo,3,25.8,1166,2,376,484,211,43,8,69,84,33,4,50,83,33,1,0,5,3,5,7,71,23/24
708457,Felipe Vezaro,24.05.13_São Paulo,3,19.8,316,0,104,126,54,9,0,23,41,9,0,19,40,8,0,8,1,0,2,0,20,23/24
714249,Franco Baralle,24.05.13_São Paulo,3,21.3,1066,0,380,424,193,20,0,65,68,27,5,64,72,29,0,2,4,2,3,7,67,23/24
714245,Gemerson Barbosa,24.05.13_São Paulo,3,9.1,88,0,46,29,0,0,0,8,20,3,0,7,23,0,0,14,2,1,0,0,19,23/24
712072,Lucas Rodriguez,24.05.13_São Paulo,3,6.0,38,0,23,1,0,0,0,9,19,0,0,11,18,0,0,2,0,0,0,0,2,23/24
714195,Luciano Gonzalez,24.05.13_São Paulo,3,26.1,1270,1,469,560,149,37,12,76,93,22,3,52,105,23,0,4,5,3,6,1,53,23/24
714226,Rafael Mineiro,24.05.13_São Paulo,3,24.4,1117,1,360,504,187,29,1,59,80,26,7,47,93,25,0,2,4,3,3,7,67,23/24
703456,Renan Lenz,24.05.13_São Paulo,3,18.9,294,0,109,120,31,10,0,24,42,9,0,16,52,4,0,0,14,3,1,1,47,23/24
703343,Winicius Braga,24.05.13_São Paulo,3,5.5,25,0,17,0,0,0,0,3,17,0,0,4,16,0,0,0,0,0,0,0,0,23/24
709501,Yuri Neptune,24.05.13_São Paulo,3,10.4,90,0,60,12,0,0,0,11,31,0,0,10,32,0,0,2,1,0,0,0,4,23/24
692169,Alexandre Paranhos,24.05.13_São Paulo,4,5.2,27,0,16,0,0,0,0,4,13,0,0,5,13,0,0,2,0,0,0,0,2,23/24
716240,Cristian Cortes,24.05.13_São Paulo,4,26.1,1346,4,465,486,220,96,20,71,92,30,7,67,92,33,0,2,3,3,8,6,80,23/24
713851,Danilo Fuzaro,24.05.13_São Paulo,4,23.0,824,0,250,336,133,50,0,54,75,32,4,55,82,24,0,5,5,3,7,3,69,23/24
708457,Felipe Vezaro,24.05.13_São Paulo,4,20.5,1241,0,460,549,138,23,0,84,110,22,2,88,111,19,0,4,5,6,8,0,67,23/24
714249,Franco Baralle,24.05.13_São Paulo,4,4.9,9,0,5,0,0,0,0,3,4,0,0,2,5,0,0,11,0,0,0,0,11,23/24
714245,Gemerson Barbosa,24.05.13_São Paulo,4,26.3,1488,5,396,589,310,98,46,72,101,42,12,57,114,40,0,0,3,3,6,11,97,23/24
712072,Lucas Rodriguez,24.05.13_São Paulo,4,19.2,276,0,72,124,54,10,0,18,29,3,3,21,20,11,0,3,1,1,1,0,11,23/24
714195,Luciano Gonzalez,24.05.13_São Paulo,4,6.5,100,0,82,12,0,0,0,3,10,1,0,3,11,0,0,2,0,0,0,0,2,23/24
714226,Rafael Mineiro,24.05.13_São Paulo,4,6.6,68,0,53,1,0,0,0,8,26,1,0,8,30,0,0,10,0,0,0,0,10,23/24
703456,Renan Lenz,24.05.13_São Paulo,4,24.9,1444,1,500,617,219,45,8,75,115,33,2,66,114,28,0,0,2,5,8,8,93,23/24
703343,Winicius Braga,24.05.13_São Paulo,4,22.0,281,0,72,133,40,24,0,14,29,6,1,10,28,11,0,0,1,1,1,0,9,23/24
709501,Yuri Neptune,24.05.13_São Paulo,4,25.8,633,1,159,265,145,34,4,34,50,15,4,25,51,19,0,2,0,1,3,3,31,23/24
692169,Alexandre Paranhos,24.05.17_Franca,1,26.2,1051,2,244,476,201,76,9,60,61,34,8,50,89,26,0,5,2,1,6,6,65,23/24
716240,Cristian Cortes,24.05.17_Franca,1,25.7,408,1,122,164,87,14,4,22,30,5,3,24,35,7,0,6,1,1,1,2,26,23/24
713851,Danilo Fuzaro,24.05.17_Franca,1,24.9,921,1,268,321,221,63,3,57,63,23,8,46,70,29,0,1,7,1,3,8,67,23/24
708457,Felipe Vezaro,24.05.17_Franca,1,22.8,643,0,187,296,105,27,0,33,58,20,3,33,69,15,0,4,1,2,3,2,33,23/24
714249,Franco Baralle,24.05.17_Franca,1,26.1,1007,1,372,383,137,49,7,75,72,20,8,72,66,31,0,4,2,1,5,7,68,23/24
714245,Gemerson Barbosa,24.05.17_Franca,1,23.2,497,0,148,185,91,55,0,29,39,10,2,23,34,14,0,8,2,1,2,3,38,23/24
712072,Lucas Rodriguez,24.05.17_Franca,1,5.3,29,0,18,0,0,0,0,7,15,0,0,6,15,0,0,5,0,0,0,0,5,23/24
714195,Luciano Gonzalez,24.05.17_Franca,1,26.0,1412,3,472,526,236,98,30,82,93,29,11,65,98,39,1,1,0,2,9,7,80,23/24
714226,Rafael Mineiro,24.05.17_Franca,1,22.6,1131,0,293,528,214,57,0,64,87,33,7,50,99,34,0,2,2,1,3,11,77,23/24
703456,Renan Lenz,24.05.17_Franca,1,21.0,328,0,106,159,35,13,0,18,42,4,0,19,42,4,0,0,13,3,1,2,50,23/24
703343,Winicius Braga,24.05.17_Franca,1,7.5,26,0,14,2,0,0,0,3,17,2,0,2,21,0,0,2,0,0,0,0,2,23/24
709501,Yuri Neptune,24.05.17_Franca,1,5.6,49,0,35,0,0,0,0,3,25,0,0,1,27,0,0,1,0,0,0,0,1,23/24
692169,Alexandre Paranhos,24.05.17_Franca,2,25.4,1274,4,456,508,175,57,21,74,91,30,5,70,100,30,0,5,4,5,7,5,81,23/24
716240,Cristian Cortes,24.05.17_Franca,2,25.9,717,2,296,182,114,74,17,47,43,8,6,40,35,15,0,12,1,1,3,2,39,23/24
713851,Danilo Fuzaro,24.05.17_Franca,2,22.6,673,0,291,226,77,34,0,36,76,8,5,37,65,14,0,5,13,2,4,3,67,23/24
708457,Felipe Vezaro,24.05.17_Franca,2,24.4,549,1,171,209,103,29,3,34,48,11,3,42,38,16,0,18,1,1,1,3,41,23/24
714249,Franco Baralle,24.05.17_Franca,2,24.9,1564,1,671,521,220,69,3,93,106,30,12,101,110,32,0,1,4,5,8,8,99,23/24
714245,Gemerson Barbosa,24.05.17_Franca,2,26.3,994,2,336,347,177,80,18,48,67,20,3,53,58,22,0,9,6,3,4,4,69,23/24
712072,Lucas Rodriguez,24.05.17_Franca,2,9.0,128,0,100,9,0,0,0,13,25,0,0,17,21,0,0,5,0,0,0,0,5,23/24
714195,Luciano Gonzalez,24.05.17_Franca,2,24.0,1176,1,547,333,160,82,1,59,69,26,8,49,69,36,1,7,6,4,9,2,75,23/24
714226,Rafael Mineiro,24.05.17_Franca,2,21.1,1062,0,431,430,116,27,0,56,113,23,1,49,122,17,0,7,6,5,7,2,72,23/24
703456,Renan Lenz,24.05.17_Franca,2,26.1,996,2,361,334,176,71,14,43,78,19,7,39,80,25,0,0,14,4,3,6,82,23/24
703343,Winicius Braga,24.05.17_Franca,2,11.5,122,0,98,12,0,0,0,4,20,1,0,11,17,0,0,1,0,0,0,0,1,23/24
709501,Yuri Neptune,24.05.17_Franca,2,9.3,207,0,165,15,0,0,0,11,39,0,0,18,35,0,0,0,0,0,0,0,0,23/24
692169,Alexandre Paranhos,24.05.17_Franca,3,25.6,1082,1,406,449,139,26,5,57,85,27,5,52,110,22,0,4,2,2,8,6,74,23/24
716240,Cristian Cortes,24.05.17_Franca,3,23.0,490,0,153,178,97,35,0,28,40,11,2,36,33,8,0,4,1,2,2,1,25,23/24
713851,Danilo Fuzaro,24.05.17_Franca,3,25.9,504,1,170,133,133,26,4,25,50,12,4,34,48,12,1,16,3,1,3,3,53,23/24
708457,Felipe Vezaro,24.05.17_Franca,3,25.1,384,1,130,121,85,14,4,21,50,9,2,31,43,10,0,5,1,1,2,0,20,23/24
714249,Franco Baralle,24.05.17_Franca,3,21.3,1186,0,526,367,184,36,0,76,91,19,11,80,83,32,0,3,5,4,7,3,69,23/24
714245,Gemerson Barbosa,24.05.17_Franca,3,26.0,1005,2,321,366,188,76,16,46,78,20,8,36,79,27,0,9,1,4,5,5,66,23/24
712072,Lucas Rodriguez,24.05.17_Franca,3,5.4,40,0,23,0,0,0,0,11,16,0,0,12,15,0,0,1,0,0,0,0,1,23/24
714195,Luciano Gonzalez,24.05.17_Franca,3,22.7,1489,0,616,523,206,74,0,84,121,29,5,75,117,37,1,4,5,7,8,2,78,23/24
714226,Rafael Mineiro,24.05.17_Franca,3,23.4,1290,0,465,529,211,27,0,72,126,30,4,63,131,29,0,3,6,5,8,4,81,23/24
703456,Renan Lenz,24.05.17_Franca,3,26.0,777,1,283,294,136,18,6,36,70,16,2,34,71,13,1,2,13,5,4,4,74,23/24
703343,Winicius Braga,24.05.17_Franca,3,6.5,25,0,17,1,0,0,0,2,12,1,0,3,11,1,0,0,0,0,0,0,0,23/24
709501,Yuri Neptune,24.05.17_Franca,3,7.2,54,0,42,2,0,0,0,4,18,1,0,3,19,0,0,0,0,0,0,0,0,23/24
692169,Alexandre Paranhos,24.05.17_Franca,4,26.1,723,1,314,278,82,3,16,45,55,12,1,26,64,14,0,3,2,2,6,0,35,23/24
716240,Cristian Cortes,24.05.17_Franca,4,26.8,1730,3,643,561,307,116,34,84,112,37,14,74,109,48,0,1,3,4,8,9,93,23/24
713851,Danilo Fuzaro,24.05.17_Franca,4,25.4,1069,1,400,378,180,52,6,52,94,26,4,58,72,34,0,8,3,3,6,5,70,23/24
708457,Felipe Vezaro,24.05.17_Franca,4,22.3,1057,0,341,411,207,53,0,66,80,18,6,52,73,30,0,8,3,3,5,3,60,23/24
714249,Franco Baralle,24.05.17_Franca,4,19.7,608,0,279,202,83,5,0,42,42,16,0,46,44,12,0,5,2,2,3,2,35,23/24
714245,Gemerson Barbosa,24.05.17_Franca,4,5.3,28,0,24,0,0,0,0,1,6,0,0,3,4,0,0,2,0,0,0,0,2,23/24
712072,Lucas Rodriguez,24.05.17_Franca,4,22.3,155,0,51,38,37,10,0,11,20,2,0,12,22,0,0,2,1,0,0,0,4,23/24
714195,Luciano Gonzalez,24.05.17_Franca,4,23.0,500,0,231,170,57,12,0,32,51,4,2,30,45,9,0,9,2,2,2,1,29,23/24
714226,Rafael Mineiro,24.05.17_Franca,4,21.4,1101,0,403,465,178,11,0,53,94,27,3,49,111,16,0,5,5,3,6,5,72,23/24
703456,Renan Lenz,24.05.17_Franca,4,25.4,1325,2,491,483,207,84,13,55,114,25,6,54,101,36,0,0,6,6,5,7,88,23/24
703343,Winicius Braga,24.05.17_Franca,4,5.8,38,0,29,0,0,0,0,0,17,0,0,4,14,0,0,0,0,0,0,0,0,23/24
709501,Yuri Neptune,24.05.17_Franca,4,6.1,63,0,50,1,0,0,0,4,19,0,0,10,15,0,0,0,0,0,0,0,0,23/24
692169,Alexandre Paranhos,24.05.20_Franca,1,22.6,1416,0,366,655,286,58,0,62,118,36,7,68,115,42,0,0,2,1,7,8,79,23/24
716240,Cristian Cortes,24.05.20_Franca,1,26.3,389,1,124,132,68,27,16,19,38,5,4,23,27,11,1,5,2,1,2,1,23,23/24
713851,Danilo Fuzaro,24.05.20_Franca,1,27.5,1501,4,436,581,292,90,48,77,107,36,7,75,97,45,0,0,1,2,5,12,86,23/24
708457,Felipe Vezaro,24.05.20_Franca,1,23.1,593,0,154,228,142,44,0,30,57,14,1,31,50,16,0,3,1,1,3,2,30,23/24
713017,Fernando Fernandes,24.05.20_Franca,1,10.2,63,0,39,10,0,0,0,5,29,0,0,5,30,0,0,1,0,0,0,0,1,23/24
714249,Franco Baralle,24.05.20_Franca,1,26.0,1131,1,387,461,190,35,7,63,77,17,11,70,72,35,0,2,4,2,4,6,63,23/24
712072,Lucas Rodriguez,24.05.20_Franca,1,7.2,66,0,47,4,0,0,0,11,21,0,0,10,21,0,0,1,0,0,0,0,1,23/24
714195,Luciano Gonzalez,24.05.20_Franca,1,21.7,883,0,313,356,133,41,0,50,62,25,2,39,71,23,0,5,2,3,6,1,48,23/24
714226,Rafael Mineiro,24.05.20_Franca,1,23.4,1192,0,326,604,191,32,0,78,95,22,5,60,98,32,0,3,3,1,5,7,69,23/24
703456,Renan Lenz,24.05.20_Franca,1,21.2,386,0,115,145,74,32,0,20,46,6,2,18,35,11,0,1,13,2,2,1,47,23/24
703343,Winicius Braga,24.05.20_Franca,1,6.4,45,0,32,1,0,0,0,3,23,0,0,3,24,0,0,7,0,0,0,0,7,23/24
709501,Yuri Neptune,24.05.20_Franca,1,9.7,87,0,48,25,0,0,0,5,27,2,0,2,31,0,0,7,2,0,0,0,10,23/24
692169,Alexandre Paranhos,24.05.20_Franca,2,23.6,1130,0,434,463,153,30,0,52,97,31,1,55,106,18,0,8,5,3,6,5,74,23/24
716240,Cristian Cortes,24.05.20_Franca,2,22.6,822,0,335,301,101,50,0,53,53,16,7,44,58,21,0,15,3,1,2,5,59,23/24
713851,Danilo Fuzaro,24.05.20_Franca,2,26.4,896,1,346,296,125,60,17,48,74,16,4,43,72,21,1,0,12,6,7,2,79,23/24
708457,Felipe Vezaro,24.05.20_Franca,2,22.8,939,0,262,385,212,35,0,56,83,24,3,52,76,24,0,14,2,2,3,5,62,23/24
713017,Fernando Fernandes,24.05.20_Franca,2,6.1,95,0,77,1,0,0,0,11,21,1,0,14,19,0,0,0,0,0,0,0,0,23/24
714249,Franco Baralle,24.05.20_Franca,2,21.2,985,0,447,341,132,15,0,60,81,17,3,58,67,23,0,9,6,4,6,2,64,23/24
712072,Lucas Rodriguez,24.05.20_Franca,2,6.7,107,0,81,6,0,0,0,7,28,3,0,12,26,0,0,1,0,0,0,0,1,23/24
714195,Luciano Gonzalez,24.05.20_Franca,2,24.7,1481,1,620,534,192,70,3,67,104,32,7,73,100,40,0,5,5,6,9,1,77,23/24
714226,Rafael Mineiro,24.05.20_Franca,2,22.3,1263,0,434,561,174,46,0,54,106,36,1,63,107,31,0,4,7,5,7,5,82,23/24
703456,Renan Lenz,24.05.20_Franca,2,24.1,1120,1,386,404,241,46,1,57,79,24,8,49,83,28,0,0,10,6,4,6,88,23/24
703343,Winicius Braga,24.05.20_Franca,2,7.3,125,0,100,2,0,0,0,5,40,1,0,14,36,0,0,3,0,0,0,0,3,23/24
709501,Yuri Neptune,24.05.20_Franca,2,6.3,154,0,133,1,0,0,0,10,36,0,0,10,35,1,0,1,0,0,0,0,1,23/24
692169,Alexandre Paranhos,24.05.20_Franca,3,6.7,69,0,45,2,0,0,0,8,36,0,0,10,35,0,0,6,0,0,0,0,6,23/24
716240,Cristian Cortes,24.05.20_Franca,3,15.2,148,0,84,37,7,0,0,27,22,1,0,20,25,1,0,11,1,1,0,0,16,23/24
713851,Danilo Fuzaro,24.05.20_Franca,3,26.7,1302,4,442,428,272,73,24,73,109,22,9,59,98,37,0,0,6,4,5,9,90,23/24
708457,Felipe Vezaro,24.05.20_Franca,3,20.0,368,0,117,151,58,11,0,28,49,11,2,28,52,8,0,8,1,1,2,1,26,23/24
713017,Fernando Fernandes,24.05.20_Franca,3,7.1,88,0,58,8,0,0,0,12,33,3,0,14,36,0,0,0,0,0,0,0,0,23/24
714249,Franco Baralle,24.05.20_Franca,3,22.4,1389,0,554,540,176,38,0,99,88,25,8,106,91,27,0,2,5,5,7,5,78,23/24
712072,Lucas Rodriguez,24.05.20_Franca,3,15.9,115,0,68,17,7,0,0,11,39,4,0,12,37,3,0,3,0,0,0,0,3,23/24
714195,Luciano Gonzalez,24.05.20_Franca,3,24.7,1401,1,457,554,242,81,3,80,91,35,6,66,93,38,0,2,6,8,8,0,71,23/24
714226,Rafael Mineiro,24.05.20_Franca,3,24.3,1468,1,450,639,272,46,1,72,135,39,3,85,123,40,0,0,4,5,6,9,91,23/24
703456,Renan Lenz,24.05.20_Franca,3,25.0,1881,1,594,788,320,118,7,77,122,30,7,69,109,51,0,0,0,4,7,12,104,23/24
703343,Winicius Braga,24.05.20_Franca,3,7.3,46,0,31,2,0,0,0,3,25,1,0,6,25,1,0,1,0,0,0,0,1,23/24
709501,Yuri Neptune,24.05.20_Franca,3,9.3,146,0,98,27,0,0,0,10,38,7,0,11,44,1,0,5,1,0,0,0,8,23/24
692169,Alexandre Paranhos,24.05.20_Franca,4,22.4,1504,0,590,671,144,17,0,77,151,30,4,95,151,23,0,10,5,5,7,6,92,23/24
716240,Cristian Cortes,24.05.20_Franca,4,26.1,937,1,445,251,160,21,12,54,69,18,4,46,62,19,1,4,3,2,8,6,80,23/24
713851,Danilo Fuzaro,24.05.20_Franca,4,22.3,1012,0,394,391,128,34,0,59,93,23,8,55,91,29,0,11,17,3,4,6,97,23/24
708457,Felipe Vezaro,24.05.20_Franca,4,23.5,1112,0,358,436,217,43,0,72,94,25,7,80,83,30,0,12,5,4,6,2,69,23/24
713017,Fernando Fernandes,24.05.20_Franca,4,10.5,186,0,153,9,0,0,0,14,33,1,1,20,30,1,0,0,0,0,0,0,0,23/24
714249,Franco Baralle,24.05.20_Franca,4,19.4,764,0,356,286,66,3,0,53,66,14,4,59,61,16,0,13,1,2,4,2,48,23/24
712072,Lucas Rodriguez,24.05.20_Franca,4,10.2,279,0,206,33,0,0,0,26,46,7,0,42,45,2,0,2,1,0,0,0,4,23/24
714195,Luciano Gonzalez,24.05.20_Franca,4,20.0,1103,0,457,434,152,15,0,43,86,27,7,57,81,25,0,7,4,3,7,3,65,23/24
714226,Rafael Mineiro,24.05.20_Franca,4,25.3,1389,1,539,539,188,49,5,79,133,31,8,84,138,31,0,11,8,4,6,6,94,23/24
703456,Renan Lenz,24.05.20_Franca,4,19.8,414,0,248,89,13,9,0,34,78,7,0,47,69,8,0,1,19,5,1,0,57,23/24
703343,Winicius Braga,24.05.20_Franca,4,11.1,319,0,252,34,0,0,0,28,45,4,0,21,51,2,0,2,0,0,0,0,3,23/24
709501,Yuri Neptune,24.05.20_Franca,4,9.8,135,0,95,8,0,0,0,17,43,2,0,20,41,1,0,4,0,0,0,0,5,23/24
692169,Alexandre Paranhos,24.05.22_Franca,1,23.9,976,0,279,477,148,30,0,49,90,26,2,62,92,22,0,5,2,3,5,5,59,23/24
716240,Cristian Cortes,24.05.22_Franca,1,9.9,122,0,90,22,0,0,0,10,15,0,0,9,14,0,0,4,0,0,0,0,5,23/24
713851,Danilo Fuzaro,24.05.22_Franca,1,21.4,1075,0,332,437,210,49,0,54,90,22,10,47,90,31,0,0,6,3,6,5,71,23/24
708457,Felipe Vezaro,24.05.22_Franca,1,22.3,489,0,158,211,79,22,0,28,41,14,2,29,43,9,1,3,1,1,2,2,28,23/24
713017,Fernando Fernandes,24.05.22_Franca,1,5.8,43,0,31,0,0,0,0,4,19,0,0,7,19,0,0,0,0,0,0,0,0,23/24
714249,Franco Baralle,24.05.22_Franca,1,22.7,1292,0,453,513,211,48,0,89,100,21,6,82,84,31,0,2,2,3,5,3,50,23/24
712072,Lucas Rodriguez,24.05.22_Franca,1,5.9,50,0,39,0,0,0,0,4,15,0,0,6,15,0,0,1,0,0,0,0,1,23/24
714195,Luciano Gonzalez,24.05.22_Franca,1,26.0,1392,2,472,573,202,86,15,73,89,31,9,63,97,35,0,1,2,2,5,4,52,23/24
714226,Rafael Mineiro,24.05.22_Franca,1,22.3,1300,0,401,572,252,22,0,66,123,37,4,61,130,32,0,1,5,4,5,6,72,23/24
703456,Renan Lenz,24.05.22_Franca,1,28.0,517,0,154,194,99,43,0,27,62,8,3,24,47,15,0,2,18,2,3,2,63,23/24
703343,Winicius Braga,24.05.22_Franca,1,5.5,28,0,17,0,0,0,0,5,19,0,0,4,20,0,0,1,0,0,0,0,1,23/24
709501,Yuri Neptune,24.05.22_Franca,1,17.6,178,0,89,61,15,0,0,10,26,2,0,17,19,4,0,5,1,1,0,0,10,23/24
692169,Alexandre Paranhos,24.05.22_Franca,2,16.1,547,0,226,243,52,0,0,32,47,17,0,43,39,16,0,6,1,1,3,2,35,23/24
716240,Cristian Cortes,24.05.22_Franca,2,26.0,1245,2,423,462,213,99,11,56,83,21,6,58,72,25,0,7,2,2,6,5,62,23/24
713851,Danilo Fuzaro,24.05.22_Franca,2,21.3,1228,0,494,436,202,46,0,69,94,28,7,55,109,28,0,1,8,3,10,4,83,23/24
708457,Felipe Vezaro,24.05.22_Franca,2,22.1,576,0,185,159,157,40,0,24,57,10,2,29,47,14,0,14,1,1,2,3,44,23/24
713017,Fernando Fernandes,24.05.22_Franca,2,6.3,114,0,94,2,0,0,0,9,27,0,0,15,20,0,0,0,0,0,0,0,0,23/24
714249,Franco Baralle,24.05.22_Franca,2,20.5,999,0,404,391,112,26,0,70,75,18,5,73,73,22,0,8,4,4,3,0,41,23/24
712072,Lucas Rodriguez,24.05.22_Franca,2,6.2,117,0,95,1,0,0,0,9,28,0,0,14,22,0,0,1,0,0,0,0,1,23/24
714195,Luciano Gonzalez,24.05.22_Franca,2,22.7,837,0,382,252,132,29,0,43,67,15,4,38,67,16,0,3,4,4,3,2,41,23/24
714226,Rafael Mineiro,24.05.22_Franca,2,23.0,1208,0,434,491,205,33,0,70,111,21,5,41,116,29,0,5,6,4,8,3,74,23/24
703456,Renan Lenz,24.05.22_Franca,2,32.0,1501,1,517,541,323,62,1,76,106,32,11,66,111,38,0,0,14,9,5,9,117,23/24
703343,Winicius Braga,24.05.22_Franca,2,6.5,109,0,92,2,0,0,0,5,25,1,0,8,26,0,0,0,0,0,0,0,0,23/24
709501,Yuri Neptune,24.05.22_Franca,2,7.4,153,0,115,11,0,0,0,8,38,1,0,15,35,1,0,2,0,0,0,0,2,23/24
692169,Alexandre Paranhos,24.05.22_Franca,3,21.6,847,0,229,438,135,16,0,41,62,29,9,42,65,35,0,3,1,1,4,5,52,23/24
716240,Cristian Cortes,24.05.22_Franca,3,25.4,641,1,276,208,90,29,6,39,48,11,3,35,50,12,0,3,3,2,3,2,36,23/24
713851,Danilo Fuzaro,24.05.22_Franca,3,26.3,1114,3,298,467,214,71,23,49,83,26,8,44,78,34,0,4,4,3,9,2,68,23/24
708457,Felipe Vezaro,24.05.22_Franca,3,24.1,666,1,219,299,83,19,1,43,63,18,7,56,68,18,0,4,4,3,2,2,41,23/24
713017,Fernando Fernandes,24.05.22_Franca,3,7.7,37,0,22,5,0,0,0,5,16,1,0,5,17,0,0,0,0,0,0,0,0,23/24
714249,Franco Baralle,24.05.22_Franca,3,19.6,892,0,308,424,109,8,0,50,70,19,6,55,67,18,0,7,2,3,2,0,31,23/24
712072,Lucas Rodriguez,24.05.22_Franca,3,6.2,26,0,16,1,0,0,0,6,14,0,0,7,13,0,0,0,0,0,0,0,0,23/24
714195,Luciano Gonzalez,24.05.22_Franca,3,26.0,1039,1,408,418,123,43,10,65,69,24,8,58,85,20,0,7,3,3,2,0,33,23/24
714226,Rafael Mineiro,24.05.22_Franca,3,21.4,1170,0,437,472,182,32,0,63,101,33,8,57,117,31,0,4,4,4,5,2,52,23/24
703456,Renan Lenz,24.05.22_Franca,3,34.0,2521,1,796,1056,429,158,9,103,163,40,9,92,146,68,0,0,0,6,10,17,140,23/24
703343,Winicius Braga,24.05.22_Franca,3,4.9,22,0,13,0,0,0,0,3,16,0,0,3,16,0,0,0,0,0,0,0,0,23/24
709501,Yuri Neptune,24.05.22_Franca,3,5.7,51,0,34,0,0,0,0,6,27,0,0,7,25,0,0,1,0,0,0,0,1,23/24
692169,Alexandre Paranhos,24.05.22_Franca,4,7.5,89,0,61,4,0,0,0,14,31,2,0,17,26,4,0,2,0,0,0,0,2,23/24
716240,Cristian Cortes,24.05.22_Franca,4,20.5,563,0,222,192,98,17,0,29,55,15,2,42,48,14,0,5,1,2,1,2,23,23/24
713851,Danilo Fuzaro,24.05.22_Franca,4,25.9,1391,2,492,466,277,88,12,59,101,40,8,64,90,41,0,10,8,4,8,4,90,23/24
708457,Felipe Vezaro,24.05.22_Franca,4,23.9,1347,0,469,495,245,61,0,89,94,24,14,93,101,31,1,9,8,5,6,4,82,23/24
713017,Fernando Fernandes,24.05.22_Franca,4,10.9,196,0,139,31,0,0,0,13,39,1,0,21,35,0,0,0,0,0,0,0,0,23/24
714249,Franco Baralle,24.05.22_Franca,4,26.0,1345,2,610,394,203,27,9,85,110,29,7,101,111,26,1,5,8,6,4,2,66,23/24
712072,Lucas Rodriguez,24.05.22_Franca,4,7.6,162,0,126,2,0,0,0,18,44,1,0,24,40,0,0,1,0,0,0,0,1,23/24
714195,Luciano Gonzalez,24.05.22_Franca,4,25.9,1558,2,779,428,168,73,8,77,154,26,11,77,142,39,0,8,9,8,7,0,79,23/24
714226,Rafael Mineiro,24.05.22_Franca,4,21.7,1567,0,630,604,223,27,0,92,152,36,9,79,162,38,0,5,9,5,7,4,86,23/24
703456,Renan Lenz,24.05.22_Franca,4,27.0,555,0,332,119,17,12,0,46,105,9,0,63,92,11,0,1,25,7,1,0,77,23/24
703343,Winicius Braga,24.05.22_Franca,4,7.6,96,0,78,4,0,0,0,8,26,0,0,6,26,0,0,0,0,0,0,0,0,23/24
709501,Yuri Neptune,24.05.22_Franca,4,6.7,183,0,137,7,0,0,0,19,52,3,0,21,54,0,0,0,0,0,0,0,2,23/24
692169,Alexandre Paranhos,24.05.25_Franca,1,24.3,1328,2,446,537,260,35,3,73,102,33,10,56,120,38,0,3,2,3,7,8,83,23/24
716240,Cristian Cortes,24.05.25_Franca,1,22.0,511,0,224,148,87,19,0,29,46,9,2,36,39,13,0,6,2,2,1,1,27,23/24
713851,Danilo Fuzaro,24.05.25_Franca,1,26.5,1441,4,426,588,269,75,24,73,90,40,8,75,105,35,0,0,4,4,5,11,94,23/24
708457,Felipe Vezaro,24.05.25_Franca,1,22.7,733,0,232,296,140,26,0,42,62,19,3,38,73,15,0,4,3,2,4,2,42,23/24
713017,Fernando Fernandes,24.05.25_Franca,1,4.8,70,0,44,0,0,0,0,11,45,0,0,9,45,0,0,1,0,0,0,0,1,23/24
714249,Franco Baralle,24.05.25_Franca,1,22.0,1223,0,416,505,216,27,0,83,78,32,8,75,89,30,0,6,2,1,5,10,82,23/24
712072,Lucas Rodriguez,24.05.25_Franca,1,5.7,54,0,36,0,0,0,0,6,27,0,0,9,26,0,0,5,0,0,0,0,5,23/24
714195,Luciano Gonzalez,24.05.25_Franca,1,26.0,1425,2,556,486,249,60,11,79,105,23,10,64,94,37,1,2,6,5,7,2,66,23/24
714226,Rafael Mineiro,24.05.25_Franca,1,20.3,1336,0,382,573,269,70,0,57,106,38,6,62,103,36,0,5,3,2,5,8,78,23/24
703456,Renan Lenz,24.05.25_Franca,1,25.7,803,1,259,356,124,29,6,38,71,14,3,26,71,22,1,4,7,4,1,0,36,23/24
703343,Winicius Braga,24.05.25_Franca,1,5.4,34,0,25,0,0,0,0,2,21,0,0,5,19,0,0,3,0,0,0,0,3,23/24
709501,Yuri Neptune,24.05.25_Franca,1,6.7,86,0,63,2,0,0,0,7,39,0,0,9,38,0,0,0,0,0,0,0,0,23/24
692169,Alexandre Paranhos,24.05.25_Franca,2,20.0,776,0,259,348,113,13,0,44,70,23,3,38,87,16,0,9,2,2,3,5,59,23/24
716240,Cristian Cortes,24.05.25_Franca,2,25.7,748,2,239,254,174,43,9,38,44,14,9,44,43,23,0,14,2,1,3,1,41,23/24
713851,Danilo Fuzaro,24.05.25_Franca,2,25.5,1158,2,502,357,183,47,5,70,96,22,6,64,100,23,1,0,6,9,6,5,93,23/24
708457,Felipe Vezaro,24.05.25_Franca,2,22.0,1432,0,517,560,231,61,0,91,107,27,2,88,105,30,0,2,7,3,6,9,93,23/24
713017,Fernando Fernandes,24.05.25_Franca,2,9.0,147,0,90,27,0,0,0,16,38,1,0,29,30,1,0,2,0,0,0,0,2,23/24
714249,Franco Baralle,24.05.25_Franca,2,24.1,896,1,395,301,92,44,1,62,70,18,6,76,59,22,1,8,7,3,6,3,71,23/24
712072,Lucas Rodriguez,24.05.25_Franca,2,13.9,153,0,112,11,3,0,0,9,31,1,0,20,25,0,0,3,0,0,0,0,3,23/24
714195,Luciano Gonzalez,24.05.25_Franca,2,22.1,591,0,291,186,67,19,0,30,40,11,0,26,42,9,0,6,4,2,3,1,36,23/24
714226,Rafael Mineiro,24.05.25_Franca,2,23.9,897,0,355,332,149,19,0,45,86,23,4,47,88,25,0,11,5,3,4,4,63,23/24
703456,Renan Lenz,24.05.25_Franca,2,26.0,1598,4,520,604,287,115,23,75,114,26,7,69,120,28,1,1,5,7,8,6,94,23/24
703343,Winicius Braga,24.05.25_Franca,2,12.2,125,0,86,20,1,0,0,11,21,1,0,12,21,0,0,4,4,3,3,2,43,23/24
709501,Yuri Neptune,24.05.25_Franca,2,20.8,269,0,147,64,22,4,0,14,50,5,1,23,44,5,0,2,1,1,0,0,5,23/24
692169,Alexandre Paranhos,24.05.25_Franca,3,23.1,1334,0,437,601,209,36,0,63,99,32,9,60,106,35,0,2,2,3,5,10,81,23/24
716240,Cristian Cortes,24.05.25_Franca,3,22.7,439,0,149,142,95,28,0,27,44,9,2,22,47,8,0,7,1,1,2,1,27,23/24
713851,Danilo Fuzaro,24.05.25_Franca,3,27.1,1306,2,379,502,266,82,14,72,107,31,6,71,102,30,1,1,2,3,7,6,73,23/24
708457,Felipe Vezaro,24.05.25_Franca,3,21.8,417,0,177,125,61,23,0,27,51,8,2,22,51,9,0,13,2,1,2,1,30,23/24
713017,Fernando Fernandes,24.05.25_Franca,3,13.0,96,0,58,15,3,0,0,7,34,2,0,14,32,0,0,1,0,0,0,0,1,23/24
714249,Franco Baralle,24.05.25_Franca,3,26.0,1129,1,420,415,189,41,6,76,79,28,8,76,77,27,0,4,2,2,6,5,68,23/24
712072,Lucas Rodriguez,24.05.25_Franca,3,5.9,54,0,36,0,0,0,0,12,23,0,0,11,24,0,0,1,0,0,0,0,1,23/24
714195,Luciano Gonzalez,24.05.25_Franca,3,25.8,1273,1,496,471,168,83,7,59,89,23,9,51,82,42,0,3,5,4,4,2,50,23/24
714226,Rafael Mineiro,24.05.25_Franca,3,21.9,1279,0,383,609,187,54,0,69,99,43,2,63,127,24,0,2,3,2,6,8,75,23/24
703456,Renan Lenz,24.05.25_Franca,3,16.1,166,0,91,53,5,0,0,7,34,3,0,7,35,3,0,2,17,2,0,0,41,23/24
703343,Winicius Braga,24.05.25_Franca,3,6.9,49,0,38,2,0,0,0,2,16,1,0,4,17,0,0,2,3,2,1,1,23,23/24
709501,Yuri Neptune,24.05.25_Franca,3,10.9,89,0,59,9,0,0,0,2,46,3,0,8,43,1,0,1,0,0,0,0,1,23/24
692169,Alexandre Paranhos,24.05.25_Franca,4,22.8,1055,0,451,388,140,11,0,69,95,20,5,56,105,21,0,8,8,6,4,7,92,23/24
716240,Cristian Cortes,24.05.25_Franca,4,26.0,1092,2,436,308,188,71,13,69,97,16,10,84,81,27,1,15,2,2,3,2,45,23/24
713851,Danilo Fuzaro,24.05.25_Franca,4,22.0,902,0,403,313,74,41,0,63,99,12,4,60,93,18,0,2,12,6,7,4,94,23/24
708457,Felipe Vezaro,24.05.25_Franca,4,23.7,859,0,346,321,109,23,0,51,90,19,4,55,82,22,0,19,6,2,2,5,69,23/24
713017,Fernando Fernandes,24.05.25_Franca,4,15.6,232,0,153,27,4,0,0,16,78,6,2,18,81,4,0,5,0,0,0,0,6,23/24
714249,Franco Baralle,24.05.25_Franca,4,22.3,1215,0,591,351,147,36,0,86,99,17,8,98,80,29,0,6,14,5,6,3,87,23/24
712072,Lucas Rodriguez,24.05.25_Franca,4,11.8,235,0,148,43,0,0,0,21,61,4,0,35,55,1,0,8,0,0,0,0,9,23/24
714195,Luciano Gonzalez,24.05.25_Franca,4,23.7,936,0,470,291,97,35,0,40,73,18,1,46,68,16,0,5,4,7,5,2,67,23/24
714226,Rafael Mineiro,24.05.25_Franca,4,21.3,1407,0,546,552,206,30,0,79,135,34,3,75,133,32,0,4,11,6,4,8,100,23/24
703456,Renan Lenz,24.05.25_Franca,4,26.0,1708,2,590,647,316,74,11,70,133,43,5,68,145,37,0,0,8,10,8,8,117,23/24
703343,Winicius Braga,24.05.25_Franca,4,11.1,138,0,95,13,0,0,0,12,51,2,1,18,52,1,0,6,3,1,1,0,20,23/24
709501,Yuri Neptune,24.05.25_Franca,4,7.9,288,0,205,27,0,0,0,18,95,3,0,33,88,1,0,5,0,0,0,0,5,23/24
692169,Alexandre Paranhos,24.05.27_Franca,1,18.9,554,0,171,281,65,5,0,39,58,18,0,30,66,14,0,2,1,1,3,2,31,23/24
716240,Cristian Cortes,24.05.27_Franca,1,26.1,443,2,152,127,78,49,13,28,37,8,4,31,35,11,0,3,1,1,2,1,23,23/24
713851,Danilo Fuzaro,24.05.27_Franca,1,26.0,1257,3,361,479,277,62,17,74,89,34,9,61,104,31,1,0,3,3,4,11,85,23/24
708457,Felipe Vezaro,24.05.27_Franca,1,22.6,586,0,155,262,99,44,0,30,53,12,2,28,43,18,0,3,1,1,2,3,32,23/24
713017,Fernando Fernandes,24.05.27_Franca,1,7.9,76,0,54,2,0,0,0,8,38,1,0,12,37,0,0,2,0,0,0,0,2,23/24
714249,Franco Baralle,24.05.27_Franca,1,21.3,963,0,418,339,121,17,0,83,71,28,4,75,73,32,0,5,2,3,6,5,64,23/24
712072,Lucas Rodriguez,24.05.27_Franca,1,5.9,65,0,44,0,0,0,0,9,36,0,0,13,30,1,0,4,0,0,0,0,5,23/24
714195,Luciano Gonzalez,24.05.27_Franca,1,25.2,1352,1,528,510,212,50,3,65,95,26,4,54,87,36,0,1,3,3,7,7,78,23/24
714226,Rafael Mineiro,24.05.27_Franca,1,20.5,1362,0,486,596,208,20,0,67,109,32,8,64,121,34,0,1,2,2,5,9,78,23/24
703456,Renan Lenz,24.05.27_Franca,1,20.8,925,0,290,435,134,37,0,47,77,17,4,38,73,20,0,2,7,1,4,6,68,23/24
703343,Winicius Braga,24.05.27_Franca,1,5.9,30,0,19,0,0,0,0,5,20,1,0,5,21,0,0,2,1,0,0,0,4,23/24
709501,Yuri Neptune,24.05.27_Franca,1,25.2,212,2,130,32,11,9,3,8,52,6,3,11,59,3,0,7,1,1,1,0,14,23/24
692169,Alexandre Paranhos,24.05.27_Franca,2,26.0,692,1,258,284,80,28,6,37,67,14,4,37,68,16,1,4,1,2,3,3,38,23/24
716240,Cristian Cortes,24.05.27_Franca,2,25.9,596,1,230,206,85,28,5,35,48,13,3,36,46,11,1,2,3,4,5,8,80,23/24
713851,Danilo Fuzaro,24.05.27_Franca,2,28.1,1457,5,517,471,272,79,43,73,112,42,9,70,119,41,1,0,7,7,7,10,111,23/24
708457,Felipe Vezaro,24.05.27_Franca,2,26.0,823,1,339,242,129,65,5,39,75,17,3,43,63,21,0,17,6,2,2,4,61,23/24
713017,Fernando Fernandes,24.05.27_Franca,2,14.0,181,0,110,27,3,0,0,16,60,1,0,34,45,0,0,1,0,0,0,0,1,23/24
714249,Franco Baralle,24.05.27_Franca,2,26.0,1070,1,491,345,133,23,12,64,85,22,2,78,72,19,0,10,4,2,5,4,67,23/24
712072,Lucas Rodriguez,24.05.27_Franca,2,10.5,198,0,130,26,0,0,0,20,46,3,0,26,43,0,0,6,0,0,0,0,7,23/24
714195,Luciano Gonzalez,24.05.27_Franca,2,25.0,1192,1,551,363,173,30,9,79,96,25,6,63,94,34,0,7,9,4,5,5,84,23/24
714226,Rafael Mineiro,24.05.27_Franca,2,22.3,1348,0,538,582,156,11,0,78,128,30,2,55,136,26,0,3,8,3,6,6,80,23/24
703456,Renan Lenz,24.05.27_Franca,2,22.4,1328,0,542,496,172,66,0,67,97,26,6,66,106,25,0,1,12,8,6,4,92,23/24
703343,Winicius Braga,24.05.27_Franca,2,13.4,229,0,150,47,2,0,0,19,50,4,0,23,51,2,0,5,2,1,0,0,13,23/24
709501,Yuri Neptune,24.05.27_Franca,2,19.2,295,0,221,19,9,5,0,16,65,0,3,19,67,2,0,9,1,1,0,0,16,23/24
692169,Alexandre Paranhos,24.05.27_Franca,3,24.0,1289,0,475,602,139,26,0,69,99,19,10,59,111,30,0,3,2,2,5,7,68,23/24
716240,Cristian Cortes,24.05.27_Franca,3,17.9,226,0,88,104,8,0,0,26,27,6,2,30,24,7,0,4,2,2,1,2,30,23/24
713851,Danilo Fuzaro,24.05.27_Franca,3,24.6,1168,2,392,477,200,32,3,71,103,30,2,62,96,30,0,0,4,4,4,10,87,23/24
708457,Felipe Vezaro,24.05.27_Franca,3,16.0,267,0,126,80,38,0,0,21,41,2,0,17,39,4,0,10,1,2,1,0,19,23/24
713017,Fernando Fernandes,24.05.27_Franca,3,5.3,63,0,45,0,0,0,0,7,35,0,0,7,35,0,0,0,0,0,0,0,0,23/24
714249,Franco Baralle,24.05.27_Franca,3,25.9,1160,1,467,433,159,34,5,74,85,29,8,71,84,33,0,4,4,2,7,5,73,23/24
712072,Lucas Rodriguez,24.05.27_Franca,3,6.4,64,0,40,1,0,0,0,9,33,1,0,12,31,0,0,2,0,0,0,0,2,23/24
714195,Luciano Gonzalez,24.05.27_Franca,3,25.1,1427,1,646,543,137,38,3,68,107,26,4,73,110,23,0,1,5,5,9,4,77,23/24
714226,Rafael Mineiro,24.05.27_Franca,3,19.2,853,0,326,405,82,3,0,50,87,21,3,51,90,16,0,0,1,3,4,5,51,23/24
703456,Renan Lenz,24.05.27_Franca,3,17.5,587,0,252,260,45,0,0,34,58,7,2,27,59,9,0,6,8,4,4,1,53,23/24
703343,Winicius Braga,24.05.27_Franca,3,8.4,23,0,12,3,0,0,0,2,13,1,0,4,13,0,0,1,0,0,0,0,1,23/24
709501,Yuri Neptune,24.05.27_Franca,3,5.7,78,0,51,0,0,0,0,7,46,0,0,12,42,0,0,4,0,0,0,0,4,23/24
692169,Alexandre Paranhos,24.05.27_Franca,4,20.8,1378,0,595,540,159,16,0,64,125,33,4,66,149,23,0,5,4,4,6,8,88,23/24
716240,Cristian Cortes,24.05.27_Franca,4,23.3,526,0,224,164,67,21,0,43,48,12,3,52,57,8,0,4,3,3,3,4,54,23/24
713851,Danilo Fuzaro,24.05.27_Franca,4,25.9,667,1,271,215,109,9,6,49,73,16,3,44,66,19,0,12,13,2,5,2,76,23/24
708457,Felipe Vezaro,24.05.27_Franca,4,20.7,892,0,378,289,147,23,0,35,92,17,4,58,70,18,0,4,6,4,6,7,86,23/24
713017,Fernando Fernandes,24.05.27_Franca,4,14.7,207,0,127,35,6,0,0,16,59,4,0,35,49,2,0,1,0,0,0,0,3,23/24
714249,Franco Baralle,24.05.27_Franca,4,21.3,1609,0,753,540,192,21,0,103,125,28,9,117,122,30,0,2,8,6,9,6,99,23/24
712072,Lucas Rodriguez,24.05.27_Franca,4,8.1,191,0,137,9,0,0,0,21,58,2,0,31,52,2,0,3,0,0,0,0,5,23/24
714195,Luciano Gonzalez,24.05.27_Franca,4,25.9,1272,1,580,421,151,47,4,65,127,18,7,70,129,27,0,9,7,7,5,3,79,23/24
714226,Rafael Mineiro,24.05.27_Franca,4,24.4,962,1,385,432,75,14,2,63,94,21,9,49,113,19,0,1,4,3,4,5,57,23/24
703456,Renan Lenz,24.05.27_Franca,4,27.0,1547,1,558,554,274,84,18,81,111,31,8,48,132,32,0,3,10,6,8,8,111,23/24
703343,Winicius Braga,24.05.27_Franca,4,8.5,147,0,115,9,0,0,0,13,31,2,0,13,32,0,0,2,0,0,0,0,3,23/24
709501,Yuri Neptune,24.05.27_Franca,4,10.5,276,0,184,52,0,0,0,11,76,4,0,19,75,0,0,3,0,0,0,0,3,23/24
