npf,nome,nome_sessao,quarto_jg,vel_max,dist_total,sprints,zv1,zv2,zv3,zv4,zv5,dcel1,dcel2,dcel3,dcel4,acel1,acel2,acel3,acel4,fc1,fc2,fc3,fc4,fc5,trimp,temp
692169,Alexandre Paranhos,22.10.15_Flamengo,1,25.1,892,5,245,422,143,40,6,52,71,21,1,43,84,17,0,1,2,4,6,1,44,22/23
703092,Alexey Borges,22.10.15_Flamengo,1,25.7,1305,18,309,483,358,107,10,56,73,32,15,54,73,41,1,0,4,2,3,10,76,22/23
708457,Felipe Vezaro,22.10.15_Flamengo,1,25.7,1271,7,294,586,313,25,4,70,89,38,6,65,80,42,0,3,1,3,10,1,63,22/23
709286,Isaac Hamilton,22.10.15_Flamengo,1,25.1,733,9,156,286,174,75,19,37,50,12,8,29,43,26,0,7,4,1,1,5,49,22/23
703222,João Prado,22.10.15_Flamengo,1,9.3,56,0,35,6,0,0,0,7,22,0,0,8,21,0,0,8,1,0,0,0,11,22/23
709202,Leandro Moura,22.10.15_Flamengo,1,25.5,221,1,102,76,15,6,4,8,39,5,0,13,38,4,0,15,2,0,1,0,23,22/23
708797,Lucas Faggiano,22.10.15_Flamengo,1,23.3,692,8,219,262,150,33,0,43,58,21,3,34,54,26,0,3,1,2,4,2,37,22/23
709288,Novar Gadson,22.10.15_Flamengo,1,25.9,942,10,346,331,158,52,15,47,78,17,7,46,72,26,0,4,1,1,2,5,40,22/23
703456,Renan Lenz,22.10.15_Flamengo,1,26.0,1528,15,429,617,322,90,26,72,100,42,9,64,108,44,0,0,2,2,11,4,74,22/23
685024,Wesley de Castro,22.10.15_Flamengo,1,24.4,578,4,146,299,96,16,2,33,52,18,3,24,53,17,0,10,2,2,2,2,36,22/23
709501,Yuri Neptune,22.10.15_Flamengo,1,7.1,116,0,88,4,0,0,0,8,50,3,0,11,54,0,0,5,0,0,0,0,5,22/23
692169,Alexandre Paranhos,22.10.15_Flamengo,2,25.9,456,4,153,167,64,32,10,27,50,14,0,33,45,13,0,6,2,1,2,1,26,22/23
703092,Alexey Borges,22.10.15_Flamengo,2,23.9,1408,16,450,500,270,136,0,76,90,29,7,65,93,32,0,1,7,4,5,8,86,22/23
708457,Felipe Vezaro,22.10.15_Flamengo,2,22.3,1244,6,425,488,243,39,0,65,88,36,2,70,95,29,0,7,3,5,8,0,60,22/23
709286,Isaac Hamilton,22.10.15_Flamengo,2,26.9,1208,16,369,435,194,134,35,56,81,15,13,51,73,28,1,7,6,3,5,3,63,22/23
703222,João Prado,22.10.15_Flamengo,2,6.9,124,0,86,2,0,0,0,19,41,1,0,27,35,0,0,6,1,0,0,0,11,22/23
709202,Leandro Moura,22.10.15_Flamengo,2,25.6,407,8,126,151,57,43,5,25,45,10,1,24,45,11,0,6,1,1,2,0,18,22/23
708797,Lucas Faggiano,22.10.15_Flamengo,2,26.3,1160,16,376,443,212,73,27,53,74,31,8,43,74,31,1,7,4,3,4,4,59,22/23
709288,Novar Gadson,22.10.15_Flamengo,2,24.6,601,4,261,214,54,43,2,24,51,10,3,36,45,10,0,1,1,2,5,6,58,22/23
703456,Renan Lenz,22.10.15_Flamengo,2,25.8,1304,5,429,580,191,52,6,54,111,28,6,57,111,26,0,2,7,4,8,3,76,22/23
685024,Wesley de Castro,22.10.15_Flamengo,2,26.2,1183,6,467,495,106,45,24,67,105,22,5,61,103,30,0,4,3,5,8,1,64,22/23
709501,Yuri Neptune,22.10.15_Flamengo,2,7.3,141,0,98,8,0,0,0,14,60,2,0,18,61,0,0,1,0,0,0,0,1,22/23
692169,Alexandre Paranhos,22.10.15_Flamengo,3,15.9,571,0,199,273,68,0,0,38,63,8,1,36,58,11,0,1,2,2,3,0,27,22/23
703092,Alexey Borges,22.10.15_Flamengo,3,27.0,662,9,187,251,105,55,37,37,39,14,6,32,46,12,0,14,3,2,2,4,51,22/23
708457,Felipe Vezaro,22.10.15_Flamengo,3,19.8,513,2,201,216,55,7,0,36,52,9,0,37,46,8,0,3,2,4,1,0,22,22/23
709286,Isaac Hamilton,22.10.15_Flamengo,3,26.7,1985,30,664,580,412,171,89,65,143,39,21,52,118,63,2,2,4,6,7,5,79,22/23
703222,João Prado,22.10.15_Flamengo,3,6.5,75,0,51,1,0,0,0,16,28,1,0,16,29,0,0,5,1,0,0,0,8,22/23
709202,Leandro Moura,22.10.15_Flamengo,3,5.2,36,0,24,0,0,0,0,3,17,0,0,4,17,0,0,0,0,0,0,0,0,22/23
708797,Lucas Faggiano,22.10.15_Flamengo,3,23.2,1227,15,366,442,288,85,0,43,93,28,13,55,99,32,0,7,2,2,6,5,69,22/23
709288,Novar Gadson,22.10.15_Flamengo,3,21.7,1396,9,515,546,225,40,0,65,131,36,6,75,119,40,0,3,4,4,4,4,58,22/23
703456,Renan Lenz,22.10.15_Flamengo,3,26.9,1098,11,366,410,174,58,33,54,115,28,2,50,111,27,1,6,5,3,9,1,67,22/23
685024,Wesley de Castro,22.10.15_Flamengo,3,26.3,944,10,345,337,126,61,39,45,71,23,11,54,69,26,1,8,3,4,8,1,61,22/23
709501,Yuri Neptune,22.10.15_Flamengo,3,8.7,104,0,66,11,0,0,0,12,45,1,0,17,45,0,0,1,0,0,0,0,1,22/23
692169,Alexandre Paranhos,22.10.15_Flamengo,4,21.5,392,2,138,161,55,11,0,26,43,6,1,32,42,8,0,1,0,0,2,1,16,22/23
703092,Alexey Borges,22.10.15_Flamengo,4,26.8,1306,13,463,463,200,103,31,67,78,16,15,61,74,33,1,1,6,7,5,6,87,22/23
708457,Felipe Vezaro,22.10.15_Flamengo,4,21.8,954,7,259,410,209,30,0,71,82,19,4,60,70,28,0,3,2,3,7,0,49,22/23
709286,Isaac Hamilton,22.10.15_Flamengo,4,27.9,1867,22,555,614,397,130,108,82,113,40,12,65,111,50,1,2,5,5,7,7,92,22/23
703222,João Prado,22.10.15_Flamengo,4,7.4,126,0,89,3,0,0,0,24,26,2,0,30,23,0,0,3,1,0,0,0,6,22/23
709202,Leandro Moura,22.10.15_Flamengo,4,25.8,341,2,128,73,97,8,4,25,44,0,6,17,44,11,0,5,1,1,1,0,16,22/23
708797,Lucas Faggiano,22.10.15_Flamengo,4,26.0,422,3,127,149,97,22,6,25,32,11,2,27,29,14,0,8,0,0,1,2,25,22/23
709288,Novar Gadson,22.10.15_Flamengo,4,20.5,678,3,315,214,104,10,0,35,66,8,1,28,67,14,0,10,4,4,4,1,55,22/23
703456,Renan Lenz,22.10.15_Flamengo,4,26.2,1320,10,433,507,248,52,26,65,112,26,9,45,113,37,0,3,8,5,11,1,81,22/23
685024,Wesley de Castro,22.10.15_Flamengo,4,26.6,1555,10,508,676,230,62,27,67,130,42,8,51,155,33,0,3,4,7,11,3,88,22/23
709501,Yuri Neptune,22.10.15_Flamengo,4,7.0,229,0,176,10,0,0,0,18,62,4,0,31,58,0,0,1,0,0,0,0,1,22/23
692169,Alexandre Paranhos,22.10.18_Pinheiros,1,26.0,451,2,136,206,61,21,8,22,38,10,2,22,42,11,0,0,0,1,3,0,16,22/23
703092,Alexey Borges,22.10.18_Pinheiros,1,25.9,1271,17,292,451,347,131,13,59,68,30,14,51,75,39,0,0,4,2,3,9,69,22/23
708457,Felipe Vezaro,22.10.18_Pinheiros,1,21.0,694,7,204,272,160,31,0,41,56,11,2,38,42,17,0,1,1,2,3,1,27,22/23
709286,Isaac Hamilton,22.10.18_Pinheiros,1,27.5,1322,18,306,486,335,98,62,41,82,27,9,37,84,27,3,2,4,3,4,3,50,22/23
703222,João Prado,22.10.18_Pinheiros,1,5.1,50,0,33,0,0,0,0,14,14,0,0,14,15,0,0,6,0,0,0,0,6,22/23
709202,Leandro Moura,22.10.18_Pinheiros,1,6.0,38,0,26,0,0,0,0,4,19,0,0,6,17,0,0,15,0,0,0,0,15,22/23
708797,Lucas Faggiano,22.10.18_Pinheiros,1,24.3,700,10,167,311,124,68,4,38,58,22,4,32,52,27,0,2,1,2,3,2,30,22/23
709288,Novar Gadson,22.10.18_Pinheiros,1,25.9,1040,11,328,375,187,97,16,50,68,32,9,47,70,32,0,3,3,3,5,1,42,22/23
703456,Renan Lenz,22.10.18_Pinheiros,1,25.7,1257,14,329,523,237,107,24,61,93,31,6,65,94,27,1,0,3,3,9,3,63,22/23
685024,Wesley de Castro,22.10.18_Pinheiros,1,26.1,1020,10,337,380,169,78,24,54,73,29,2,49,72,27,1,3,3,3,7,2,53,22/23
709501,Yuri Neptune,22.10.18_Pinheiros,1,7.1,87,0,68,4,0,0,0,4,28,2,0,5,30,0,0,14,0,0,0,0,14,22/23
692169,Alexandre Paranhos,22.10.18_Pinheiros,2,26.8,580,5,201,212,85,29,24,33,38,17,7,26,44,17,1,2,1,2,5,0,31,22/23
703092,Alexey Borges,22.10.18_Pinheiros,2,27.8,1552,19,485,511,320,106,69,87,74,36,15,79,84,41,0,1,4,4,6,10,91,22/23
708457,Felipe Vezaro,22.10.18_Pinheiros,2,22.8,1079,9,357,405,213,48,0,63,87,35,5,61,84,35,0,4,4,4,7,2,62,22/23
709286,Isaac Hamilton,22.10.18_Pinheiros,2,29.6,1184,15,323,433,255,86,55,48,55,22,11,52,57,31,1,5,7,4,2,3,55,22/23
703222,João Prado,22.10.18_Pinheiros,2,10.4,126,0,86,13,0,0,0,18,23,0,0,19,23,0,0,2,0,0,0,0,3,22/23
709202,Leandro Moura,22.10.18_Pinheiros,2,26.5,657,8,158,296,86,52,42,43,46,11,4,34,39,15,2,2,2,2,3,1,31,22/23
708797,Lucas Faggiano,22.10.18_Pinheiros,2,27.0,1258,17,322,447,282,112,47,56,92,30,12,56,86,41,1,4,3,4,6,4,63,22/23
709288,Novar Gadson,22.10.18_Pinheiros,2,26.0,462,4,188,151,60,25,9,27,50,10,2,33,46,12,0,7,2,2,2,0,24,22/23
703456,Renan Lenz,22.10.18_Pinheiros,2,26.2,1289,12,365,530,219,110,16,58,103,29,6,51,107,37,0,2,8,2,8,4,76,22/23
685024,Wesley de Castro,22.10.18_Pinheiros,2,26.4,1073,6,342,475,163,44,16,47,84,27,5,52,91,23,1,5,3,3,8,2,64,22/23
709501,Yuri Neptune,22.10.18_Pinheiros,2,6.7,116,0,90,3,0,0,0,6,44,0,0,11,38,1,0,4,0,0,0,0,4,22/23
692169,Alexandre Paranhos,22.10.18_Pinheiros,3,23.1,649,4,272,247,61,38,0,34,59,14,2,32,61,11,0,3,3,3,3,0,28,22/23
703092,Alexey Borges,22.10.18_Pinheiros,3,26.7,1640,20,422,543,422,134,55,82,98,40,9,83,87,43,1,0,3,7,7,8,98,22/23
708457,Felipe Vezaro,22.10.18_Pinheiros,3,24.7,868,10,266,320,149,90,8,54,53,18,2,52,49,23,0,4,3,3,5,0,41,22/23
709286,Isaac Hamilton,22.10.18_Pinheiros,3,28.9,1120,15,352,333,204,115,87,44,59,17,12,34,55,23,2,12,2,2,4,2,54,22/23
703222,João Prado,22.10.18_Pinheiros,3,12.2,141,0,80,35,2,0,0,19,22,0,0,22,17,0,0,2,0,0,0,0,4,22/23
709202,Leandro Moura,22.10.18_Pinheiros,3,5.0,19,0,10,0,0,0,0,5,11,0,0,4,11,0,0,2,0,0,0,0,2,22/23
708797,Lucas Faggiano,22.10.18_Pinheiros,3,26.2,560,5,194,188,132,17,7,20,46,14,4,20,45,19,0,5,2,2,2,0,25,22/23
709288,Novar Gadson,22.10.18_Pinheiros,3,27.1,1222,16,457,368,197,114,38,45,88,22,10,53,80,28,0,5,3,4,5,1,52,22/23
703456,Renan Lenz,22.10.18_Pinheiros,3,26.1,1719,19,508,679,263,156,59,84,124,34,7,57,121,47,0,0,5,6,11,4,90,22/23
685024,Wesley de Castro,22.10.18_Pinheiros,3,27.4,1006,11,334,355,154,77,43,36,92,25,8,44,89,27,0,5,2,3,8,2,63,22/23
709501,Yuri Neptune,22.10.18_Pinheiros,3,6.5,76,0,56,1,0,0,0,5,31,1,0,9,29,0,0,1,0,0,0,0,1,22/23
692169,Alexandre Paranhos,22.10.18_Pinheiros,4,20.8,451,1,168,217,35,9,0,29,39,13,0,23,50,6,0,1,1,2,3,1,25,22/23
703092,Alexey Borges,22.10.18_Pinheiros,4,25.5,1251,20,330,370,318,169,14,54,67,25,14,60,69,33,0,3,8,4,4,6,76,22/23
708457,Felipe Vezaro,22.10.18_Pinheiros,4,25.1,1017,12,240,465,207,59,4,63,64,27,10,73,59,30,0,10,4,4,6,2,61,22/23
709286,Isaac Hamilton,22.10.18_Pinheiros,4,26.7,1431,18,488,409,307,115,63,51,90,27,12,40,83,40,3,7,4,5,4,3,59,22/23
703222,João Prado,22.10.18_Pinheiros,4,6.8,70,0,39,1,0,0,0,13,23,1,0,17,22,0,0,0,0,0,0,0,1,22/23
709202,Leandro Moura,22.10.18_Pinheiros,4,4.6,27,0,18,0,0,0,0,6,13,0,0,9,10,0,0,0,0,0,0,0,0,22/23
708797,Lucas Faggiano,22.10.18_Pinheiros,4,25.8,478,3,160,194,83,10,5,40,45,9,5,33,43,14,0,1,1,2,3,1,24,22/23
709288,Novar Gadson,22.10.18_Pinheiros,4,26.2,1364,12,482,446,271,86,20,56,113,27,8,75,98,33,0,6,5,5,6,2,65,22/23
703456,Renan Lenz,22.10.18_Pinheiros,4,26.1,1494,18,404,589,341,94,23,65,108,39,5,55,104,47,0,3,4,4,10,3,81,22/23
685024,Wesley de Castro,22.10.18_Pinheiros,4,21.6,697,3,262,287,95,25,0,41,62,15,3,35,59,23,0,8,3,3,3,0,36,22/23
709501,Yuri Neptune,22.10.18_Pinheiros,4,8.1,106,0,79,5,0,0,0,4,43,0,0,7,43,0,0,0,0,0,0,0,0,22/23
692169,Alexandre Paranhos,22.10.20_Bauru,1,11.8,88,0,40,36,0,0,0,7,18,2,2,13,20,0,0,1,0,0,0,0,1,22/23
708457,Felipe Vezaro,22.10.20_Bauru,1,22.2,441,5,116,170,107,25,0,18,50,12,2,18,40,17,0,1,0,2,2,0,15,22/23
709286,Isaac Hamilton,22.10.20_Bauru,1,26.6,1762,25,438,616,341,213,108,80,83,35,14,50,78,55,0,4,2,3,2,2,35,22/23
703222,João Prado,22.10.20_Bauru,1,8.9,110,0,77,10,0,0,0,10,33,0,0,16,31,0,0,5,0,0,0,0,5,22/23
709202,Leandro Moura,22.10.20_Bauru,1,7.8,83,0,57,9,0,0,0,6,25,0,0,17,20,0,0,15,0,0,0,0,16,22/23
708797,Lucas Faggiano,22.10.20_Bauru,1,27.0,430,4,130,165,74,20,20,18,38,7,4,25,29,13,0,5,3,1,0,0,14,22/23
709288,Novar Gadson,22.10.20_Bauru,1,23.8,1018,8,338,391,169,82,0,54,72,18,6,39,68,28,0,3,3,3,5,2,48,22/23
703456,Renan Lenz,22.10.20_Bauru,1,26.0,1394,18,365,545,284,134,24,50,103,40,5,60,98,42,1,0,0,1,6,9,73,22/23
685024,Wesley de Castro,22.10.20_Bauru,1,26.0,1263,6,375,602,192,36,11,70,103,34,6,58,107,32,1,0,0,1,7,8,73,22/23
709501,Yuri Neptune,22.10.20_Bauru,1,6.8,60,0,45,1,0,0,0,5,27,0,0,5,25,0,0,4,0,0,0,0,4,22/23
692169,Alexandre Paranhos,22.10.20_Bauru,2,26.1,1146,6,370,493,188,36,9,60,87,34,6,62,94,32,0,5,2,2,9,4,73,22/23
708457,Felipe Vezaro,22.10.20_Bauru,2,25.8,1059,9,329,431,185,60,7,52,83,26,7,61,76,29,0,8,5,4,6,1,55,22/23
709286,Isaac Hamilton,22.10.20_Bauru,2,24.4,847,7,338,259,125,91,2,37,67,14,3,32,65,16,0,9,6,2,4,2,52,22/23
703222,João Prado,22.10.20_Bauru,2,5.1,96,0,72,0,0,0,0,11,22,0,0,13,22,0,0,0,0,0,0,0,0,22/23
709202,Leandro Moura,22.10.20_Bauru,2,5.6,62,0,44,0,0,0,0,6,17,0,0,11,16,0,0,1,0,0,0,0,1,22/23
708797,Lucas Faggiano,22.10.20_Bauru,2,25.7,662,10,204,225,131,63,8,30,51,15,6,35,39,22,0,11,5,2,1,0,29,22/23
709288,Novar Gadson,22.10.20_Bauru,2,21.6,1321,6,529,501,207,31,0,67,92,30,9,54,110,28,0,4,5,5,5,5,76,22/23
703456,Renan Lenz,22.10.20_Bauru,2,24.4,1312,16,400,531,229,107,6,60,93,25,12,43,95,33,0,0,7,7,8,3,82,22/23
685024,Wesley de Castro,22.10.20_Bauru,2,22.6,487,1,179,204,59,6,0,36,51,14,0,32,52,15,0,9,8,2,5,2,57,22/23
709501,Yuri Neptune,22.10.20_Bauru,2,6.0,80,0,66,0,0,0,0,6,24,0,0,9,23,0,0,0,0,0,0,0,0,22/23
692169,Alexandre Paranhos,22.10.20_Bauru,3,23.9,451,5,143,194,63,29,0,17,42,13,2,27,38,17,0,1,0,1,3,1,24,22/23
708457,Felipe Vezaro,22.10.20_Bauru,3,25.9,1133,8,324,480,209,66,10,76,75,23,4,53,83,25,0,1,1,3,7,2,53,22/23
709286,Isaac Hamilton,22.10.20_Bauru,3,28.2,1189,12,367,401,280,63,39,54,71,24,7,46,65,28,1,2,4,5,4,3,54,22/23
703222,João Prado,22.10.20_Bauru,3,6.5,58,0,31,4,0,0,0,11,25,0,0,11,27,0,0,1,0,0,0,0,1,22/23
709202,Leandro Moura,22.10.20_Bauru,3,7.5,60,0,43,8,0,0,0,6,17,1,0,6,19,0,0,2,0,0,0,0,2,22/23
708797,Lucas Faggiano,22.10.20_Bauru,3,25.9,238,2,65,104,42,11,5,15,21,3,2,15,19,8,0,5,2,1,0,0,15,22/23
709288,Novar Gadson,22.10.20_Bauru,3,25.7,857,9,272,334,155,55,12,49,59,22,3,43,65,22,1,6,1,2,5,2,46,22/23
703456,Renan Lenz,22.10.20_Bauru,3,24.0,1442,15,408,629,262,88,0,69,115,37,4,59,121,37,0,0,0,1,9,8,78,22/23
685024,Wesley de Castro,22.10.20_Bauru,3,20.3,823,4,278,379,107,21,0,55,76,20,2,43,76,23,0,3,2,2,6,5,62,22/23
709501,Yuri Neptune,22.10.20_Bauru,3,7.2,68,0,43,7,0,0,0,5,28,3,0,4,34,0,0,2,0,0,0,0,2,22/23
692169,Alexandre Paranhos,22.10.20_Bauru,4,21.2,626,3,242,258,72,21,0,41,64,14,5,34,64,14,0,14,3,2,1,3,43,22/23
708457,Felipe Vezaro,22.10.20_Bauru,4,21.5,773,5,248,254,177,38,0,51,91,19,1,60,75,20,0,11,3,3,4,2,55,22/23
709286,Isaac Hamilton,22.10.20_Bauru,4,28.6,1372,18,594,356,194,121,51,54,92,29,9,48,94,30,0,10,4,4,3,6,71,22/23
703222,João Prado,22.10.20_Bauru,4,5.6,156,0,121,0,0,0,0,23,31,0,0,22,31,0,0,2,0,0,0,0,2,22/23
709202,Leandro Moura,22.10.20_Bauru,4,7.3,156,0,126,9,0,0,0,10,34,0,0,15,34,0,0,3,0,0,0,0,3,22/23
708797,Lucas Faggiano,22.10.20_Bauru,4,23.0,703,10,248,257,116,44,0,42,61,15,9,44,58,24,0,11,4,1,1,0,29,22/23
709288,Novar Gadson,22.10.20_Bauru,4,26.1,1576,14,687,529,179,80,23,83,121,37,9,74,133,34,0,1,6,9,8,5,98,22/23
703456,Renan Lenz,22.10.20_Bauru,4,23.2,1519,9,616,611,150,62,0,67,145,30,9,80,150,27,0,0,7,7,12,2,97,22/23
685024,Wesley de Castro,22.10.20_Bauru,4,26.0,1135,8,503,375,132,50,16,62,113,18,3,62,117,20,1,7,5,4,9,4,88,22/23
709501,Yuri Neptune,22.10.20_Bauru,4,12.3,216,0,162,21,1,0,0,13,54,3,0,17,55,0,0,2,0,0,0,0,2,22/23
692169,Alexandre Paranhos,22.10.24_Franca,1,26.0,421,5,124,150,91,32,10,13,39,12,2,16,39,13,0,2,1,2,2,0,20,22/23
703092,Alexey Borges,22.10.24_Franca,1,26.4,1393,19,233,530,413,165,27,61,68,29,14,49,75,39,0,2,2,3,2,1,29,22/23
708457,Felipe Vezaro,22.10.24_Franca,1,26.4,455,4,136,147,93,33,26,22,37,12,3,15,44,11,1,1,1,2,2,0,16,22/23
709286,Isaac Hamilton,22.10.24_Franca,1,25.8,971,9,200,449,257,42,5,43,50,20,7,36,39,34,0,2,2,1,1,8,50,22/23
703222,João Prado,22.10.24_Franca,1,5.5,58,0,39,0,0,0,0,13,19,0,0,12,21,0,0,3,0,0,0,0,3,22/23
709202,Leandro Moura,22.10.24_Franca,1,5.8,37,0,26,0,0,0,0,3,22,0,0,4,23,0,0,2,0,0,0,0,2,22/23
708797,Lucas Faggiano,22.10.24_Franca,1,26.0,445,2,135,175,95,11,8,18,42,9,2,19,37,10,0,2,0,2,2,0,20,22/23
709288,Novar Gadson,22.10.24_Franca,1,23.7,791,7,201,364,151,50,0,39,67,18,3,36,68,19,0,3,0,3,4,1,34,22/23
703456,Renan Lenz,22.10.24_Franca,1,22.5,1031,8,256,447,222,79,0,54,72,25,2,46,72,24,0,1,4,3,3,2,40,22/23
700115,Shaquille Johnson,22.10.24_Franca,1,24.6,250,1,97,87,37,11,3,19,19,6,0,17,24,2,0,3,2,1,1,0,14,22/23
685024,Wesley de Castro,22.10.24_Franca,1,25.3,1136,7,304,552,184,57,5,67,87,28,3,56,87,32,0,0,1,1,10,1,53,22/23
709501,Yuri Neptune,22.10.24_Franca,1,6.5,82,0,62,3,0,0,0,1,40,0,0,4,37,1,0,10,0,0,0,0,10,22/23
692169,Alexandre Paranhos,22.10.24_Franca,2,20.4,238,2,88,85,31,13,0,12,26,10,2,15,30,8,0,1,0,1,2,0,11,22/23
703092,Alexey Borges,22.10.24_Franca,2,26.3,784,11,242,291,136,65,17,58,48,17,5,52,47,21,0,4,10,5,3,2,60,22/23
708457,Felipe Vezaro,22.10.24_Franca,2,26.1,1373,17,452,494,237,118,22,79,97,22,8,68,92,32,0,5,2,5,9,1,65,22/23
709286,Isaac Hamilton,22.10.24_Franca,2,29.4,1347,15,423,432,242,126,87,48,81,19,11,42,72,34,0,2,7,4,6,5,75,22/23
703222,João Prado,22.10.24_Franca,2,9.3,146,0,101,14,0,0,0,25,29,1,0,27,30,0,0,2,0,0,0,0,3,22/23
709202,Leandro Moura,22.10.24_Franca,2,7.0,95,0,78,3,0,0,0,4,24,0,0,7,23,0,0,0,0,0,0,0,0,22/23
708797,Lucas Faggiano,22.10.24_Franca,2,26.6,1060,13,346,365,219,55,36,64,61,30,11,49,77,32,0,6,2,1,6,4,59,22/23
709288,Novar Gadson,22.10.24_Franca,2,25.5,713,3,282,254,99,30,15,33,58,19,4,43,53,21,1,10,2,4,2,0,37,22/23
703456,Renan Lenz,22.10.24_Franca,2,26.1,900,8,298,352,138,56,20,39,76,26,5,45,83,19,1,7,7,3,5,1,56,22/23
700115,Shaquille Johnson,22.10.24_Franca,2,20.3,880,2,293,404,134,10,0,54,78,13,6,44,82,14,0,11,3,2,4,2,48,22/23
685024,Wesley de Castro,22.10.24_Franca,2,25.6,1250,6,492,498,136,53,13,71,105,25,5,62,117,23,0,2,4,5,12,1,76,22/23
709501,Yuri Neptune,22.10.24_Franca,2,7.7,183,0,135,18,0,0,0,14,54,3,0,17,57,0,0,4,0,0,0,0,4,22/23
692169,Alexandre Paranhos,22.10.24_Franca,3,6.4,55,0,44,2,0,0,0,6,12,2,0,7,14,0,0,0,0,0,0,0,0,22/23
703092,Alexey Borges,22.10.24_Franca,3,26.5,1374,24,256,481,372,179,53,59,75,26,18,44,69,44,1,3,4,4,2,3,45,22/23
708457,Felipe Vezaro,22.10.24_Franca,3,24.7,922,14,264,286,204,123,3,37,81,24,6,35,73,30,0,2,1,3,5,1,37,22/23
709286,Isaac Hamilton,22.10.24_Franca,3,26.3,759,11,159,278,175,109,21,39,39,8,9,31,32,23,1,10,2,1,2,3,40,22/23
703222,João Prado,22.10.24_Franca,3,5.4,58,0,37,0,0,0,0,17,18,0,0,13,20,0,0,1,0,0,0,0,1,22/23
709202,Leandro Moura,22.10.24_Franca,3,6.4,58,0,43,2,0,0,0,6,22,1,0,4,25,0,0,0,0,0,0,0,0,22/23
708797,Lucas Faggiano,22.10.24_Franca,3,20.6,434,3,106,174,119,15,0,26,30,16,1,25,32,14,0,5,0,0,2,2,22,22/23
709288,Novar Gadson,22.10.24_Franca,3,19.0,179,3,46,74,44,9,0,7,18,4,1,5,18,5,0,1,1,1,2,0,14,22/23
703456,Renan Lenz,22.10.24_Franca,3,26.3,1565,18,441,634,240,138,69,78,110,40,8,70,100,48,0,0,1,2,11,3,69,22/23
700115,Shaquille Johnson,22.10.24_Franca,3,24.4,904,7,335,327,155,42,5,56,60,20,8,40,75,21,0,3,1,2,4,3,41,22/23
685024,Wesley de Castro,22.10.24_Franca,3,26.6,1324,8,483,556,144,53,36,81,109,23,6,65,108,33,1,0,2,3,9,3,66,22/23
709501,Yuri Neptune,22.10.24_Franca,3,11.0,127,0,82,20,0,0,0,9,42,4,0,11,48,0,0,2,0,0,0,0,2,22/23
692169,Alexandre Paranhos,22.10.24_Franca,4,25.1,859,4,273,376,129,40,4,38,85,20,3,54,76,23,0,3,1,3,7,1,46,22/23
703092,Alexey Borges,22.10.24_Franca,4,26.0,1012,8,388,310,197,53,8,55,83,20,6,64,73,22,0,6,9,7,5,2,78,22/23
708457,Felipe Vezaro,22.10.24_Franca,4,24.1,580,5,151,222,136,32,1,32,70,11,3,41,51,18,0,6,2,1,4,0,30,22/23
709286,Isaac Hamilton,22.10.24_Franca,4,26.0,1061,6,360,378,224,53,10,51,72,8,10,27,86,20,1,15,4,3,3,3,58,22/23
703222,João Prado,22.10.24_Franca,4,6.1,77,0,47,1,0,0,0,20,24,0,0,27,18,0,0,2,0,0,0,0,2,22/23
709202,Leandro Moura,22.10.24_Franca,4,7.4,69,0,45,8,0,0,0,8,27,0,0,11,27,0,0,1,0,0,0,0,1,22/23
708797,Lucas Faggiano,22.10.24_Franca,4,26.1,800,12,234,266,185,64,14,47,51,24,4,40,69,22,0,5,1,2,5,1,41,22/23
709288,Novar Gadson,22.10.24_Franca,4,19.2,398,3,166,120,86,5,0,10,32,16,2,19,36,10,0,1,1,1,3,4,42,22/23
703456,Renan Lenz,22.10.24_Franca,4,21.9,1219,5,421,531,188,26,0,58,123,31,2,50,108,32,0,2,12,6,9,0,82,22/23
700115,Shaquille Johnson,22.10.24_Franca,4,24.4,987,9,359,344,196,41,2,48,64,24,9,34,84,22,0,12,5,4,5,2,64,22/23
685024,Wesley de Castro,22.10.24_Franca,4,22.2,1130,4,525,436,79,28,0,59,110,31,4,75,109,17,0,11,6,8,4,0,62,22/23
709501,Yuri Neptune,22.10.24_Franca,4,10.8,180,0,103,47,0,0,0,14,56,6,0,18,59,3,0,4,0,0,0,0,4,22/23
692169,Alexandre Paranhos,22.10.28_Caxias,1,21.5,371,2,139,164,41,14,0,20,27,9,0,17,29,6,1,1,0,1,2,0,14,22/23
703092,Alexey Borges,22.10.28_Caxias,1,25.1,953,5,266,402,223,22,6,50,63,22,6,44,70,24,1,3,3,3,3,5,55,22/23
708457,Felipe Vezaro,22.10.28_Caxias,1,23.0,986,8,279,382,236,58,0,53,65,20,8,51,60,26,0,6,2,2,7,0,46,22/23
709286,Isaac Hamilton,22.10.28_Caxias,1,28.1,1144,13,254,410,257,87,108,35,63,18,10,41,54,28,1,4,2,1,3,6,52,22/23
703222,João Prado,22.10.28_Caxias,1,5.4,40,0,26,0,0,0,0,7,18,0,0,8,19,0,0,3,0,0,0,0,3,22/23
709202,Leandro Moura,22.10.28_Caxias,1,6.2,29,0,19,1,0,0,0,3,13,0,0,5,11,0,0,1,0,0,0,0,1,22/23
708797,Lucas Faggiano,22.10.28_Caxias,1,25.2,485,5,151,171,104,26,6,34,43,19,2,31,41,20,0,1,1,1,4,1,25,22/23
709288,Novar Gadson,22.10.28_Caxias,1,26.1,898,8,254,370,165,55,26,41,58,27,3,33,69,27,0,4,2,5,2,1,36,22/23
703456,Renan Lenz,22.10.28_Caxias,1,26.3,531,5,199,181,53,47,23,25,59,12,3,25,52,16,1,9,1,2,4,0,34,22/23
700115,Shaquille Johnson,22.10.28_Caxias,1,23.4,1052,6,313,445,210,46,0,67,70,19,3,41,76,25,0,4,3,5,5,0,45,22/23
685024,Wesley de Castro,22.10.28_Caxias,1,26.4,1009,4,290,475,134,38,37,62,84,23,5,53,79,34,0,2,2,3,9,1,55,22/23
709501,Yuri Neptune,22.10.28_Caxias,1,6.3,55,0,40,1,0,0,0,4,24,1,0,4,27,0,0,2,0,0,0,0,2,22/23
692169,Alexandre Paranhos,22.10.28_Caxias,2,26.0,695,5,230,281,108,28,9,32,60,20,4,29,68,23,0,3,1,1,3,3,36,22/23
703092,Alexey Borges,22.10.28_Caxias,2,21.9,919,6,277,384,179,34,0,64,61,28,2,59,63,21,1,8,3,4,5,3,58,22/23
708457,Felipe Vezaro,22.10.28_Caxias,2,21.2,471,2,148,191,94,13,0,29,44,9,0,22,35,14,0,6,2,1,3,0,22,22/23
709286,Isaac Hamilton,22.10.28_Caxias,2,27.5,1218,18,276,421,304,121,58,53,82,28,9,37,78,38,1,6,4,3,3,7,68,22/23
703222,João Prado,22.10.28_Caxias,2,5.3,79,0,55,0,0,0,0,9,23,0,0,16,16,0,0,1,0,0,0,0,1,22/23
709202,Leandro Moura,22.10.28_Caxias,2,4.6,24,0,16,0,0,0,0,7,9,0,0,8,8,0,0,0,0,0,0,0,0,22/23
708797,Lucas Faggiano,22.10.28_Caxias,2,25.8,961,15,270,308,252,83,11,50,63,30,5,47,59,34,1,3,2,4,3,4,48,22/23
709288,Novar Gadson,22.10.28_Caxias,2,25.7,654,3,276,215,99,21,4,44,57,16,3,39,67,14,0,7,4,4,3,0,36,22/23
703456,Renan Lenz,22.10.28_Caxias,2,27.1,1199,9,404,427,214,73,31,54,89,27,3,53,88,24,2,3,6,4,6,3,67,22/23
700115,Shaquille Johnson,22.10.28_Caxias,2,21.8,1052,10,406,338,196,61,0,52,75,29,4,46,87,26,0,5,3,6,5,0,50,22/23
685024,Wesley de Castro,22.10.28_Caxias,2,22.5,733,4,234,348,77,40,0,43,60,20,7,40,68,22,1,8,2,4,7,0,51,22/23
709501,Yuri Neptune,22.10.28_Caxias,2,7.3,126,0,94,11,0,0,0,5,44,0,0,6,45,0,0,2,0,0,0,0,2,22/23
692169,Alexandre Paranhos,22.10.28_Caxias,3,10.5,243,0,181,42,0,0,0,12,28,2,0,17,23,3,0,3,2,0,0,0,8,22/23
703092,Alexey Borges,22.10.28_Caxias,3,23.4,1554,11,554,578,293,68,0,91,101,39,5,76,100,36,0,1,6,3,4,10,87,22/23
708457,Felipe Vezaro,22.10.28_Caxias,3,21.1,437,2,192,148,42,18,0,31,51,13,0,39,55,7,0,7,1,1,1,0,13,22/23
709286,Isaac Hamilton,22.10.28_Caxias,3,30.3,1895,21,617,659,339,122,109,88,99,42,14,68,116,43,1,0,7,4,4,9,86,22/23
703222,João Prado,22.10.28_Caxias,3,15.1,315,0,200,67,11,0,0,29,42,4,0,33,42,1,0,2,4,0,0,0,10,22/23
709202,Leandro Moura,22.10.28_Caxias,3,10.9,261,0,198,29,0,0,0,22,44,0,0,11,48,1,0,1,0,0,0,0,1,22/23
708797,Lucas Faggiano,22.10.28_Caxias,3,24.1,441,2,227,134,29,20,1,36,36,7,2,33,37,8,0,7,2,1,1,0,18,22/23
709288,Novar Gadson,22.10.28_Caxias,3,26.1,1201,7,424,479,178,70,6,48,97,25,8,50,106,25,0,6,4,3,4,2,49,22/23
703456,Renan Lenz,22.10.28_Caxias,3,26.4,480,3,247,123,40,17,21,14,53,12,0,21,53,7,2,12,8,2,1,0,41,22/23
700115,Shaquille Johnson,22.10.28_Caxias,3,26.0,1351,7,592,458,175,49,16,71,97,32,5,82,93,24,0,3,6,4,7,1,60,22/23
685024,Wesley de Castro,22.10.28_Caxias,3,26.9,1455,11,527,560,198,69,44,66,107,40,11,64,118,38,2,5,2,4,10,2,70,22/23
709501,Yuri Neptune,22.10.28_Caxias,3,18.3,443,1,220,138,46,2,0,26,72,6,2,25,79,5,0,2,3,1,0,0,12,22/23
692169,Alexandre Paranhos,22.10.28_Caxias,4,4.2,15,0,9,0,0,0,0,0,12,0,0,2,10,0,0,0,0,0,0,0,0,22/23
703092,Alexey Borges,22.10.28_Caxias,4,20.5,700,5,236,237,175,21,0,42,45,23,2,37,59,14,0,11,1,3,3,4,54,22/23
708457,Felipe Vezaro,22.10.28_Caxias,4,25.3,613,4,212,248,90,28,6,42,51,15,2,43,48,14,0,1,1,2,2,2,28,22/23
709286,Isaac Hamilton,22.10.28_Caxias,4,26.4,1516,15,518,515,294,101,23,81,108,27,10,63,112,27,2,2,3,7,7,3,70,22/23
703222,João Prado,22.10.28_Caxias,4,5.0,32,0,18,0,0,0,0,10,12,0,0,8,14,0,0,0,0,0,0,0,0,22/23
709202,Leandro Moura,22.10.28_Caxias,4,5.2,27,0,21,0,0,0,0,2,9,0,0,3,8,0,0,0,0,0,0,0,0,22/23
708797,Lucas Faggiano,22.10.28_Caxias,4,26.2,1132,13,383,329,275,81,17,60,68,26,15,59,65,37,0,4,2,4,6,2,53,22/23
709288,Novar Gadson,22.10.28_Caxias,4,21.9,722,2,317,238,109,18,0,35,65,15,2,43,55,17,0,8,6,4,2,0,40,22/23
703456,Renan Lenz,22.10.28_Caxias,4,26.2,1230,12,398,523,180,64,27,52,92,35,4,54,85,35,1,1,4,4,9,3,75,22/23
700115,Shaquille Johnson,22.10.28_Caxias,4,26.2,733,6,297,275,69,27,22,36,80,10,7,38,74,18,0,8,3,3,4,2,50,22/23
685024,Wesley de Castro,22.10.28_Caxias,4,26.2,815,2,237,374,141,17,12,53,71,19,5,51,64,25,0,7,3,4,6,1,55,22/23
709501,Yuri Neptune,22.10.28_Caxias,4,12.3,104,0,65,18,1,0,0,6,34,5,0,11,39,1,0,1,0,0,0,0,1,22/23
692169,Alexandre Paranhos,22.11.05_União Corinthians,1,26.0,536,3,144,248,74,35,16,23,39,15,2,28,44,14,0,2,0,1,4,0,24,22/23
703092,Alexey Borges,22.11.05_União Corinthians,1,26.5,945,12,222,354,232,96,16,48,55,22,11,36,52,30,1,3,5,2,1,3,35,22/23
708457,Felipe Vezaro,22.11.05_União Corinthians,1,10.2,54,0,33,5,0,0,0,3,26,1,0,7,26,0,0,1,0,0,0,0,1,22/23
709286,Isaac Hamilton,22.11.05_União Corinthians,1,27.2,337,5,106,101,67,29,24,16,17,6,3,12,16,6,2,9,3,1,2,0,26,22/23
709202,Leandro Moura,22.11.05_União Corinthians,1,27.1,1028,16,223,396,215,123,45,42,65,23,8,43,63,28,2,4,2,1,7,0,44,22/23
708797,Lucas Faggiano,22.11.05_União Corinthians,1,22.7,605,8,211,199,127,48,0,28,46,13,6,31,45,13,0,6,3,1,0,1,21,22/23
709288,Novar Gadson,22.11.05_União Corinthians,1,26.0,540,5,198,182,91,41,7,28,46,7,2,25,40,12,0,1,1,2,3,0,22,22/23
703456,Renan Lenz,22.11.05_União Corinthians,1,22.6,1339,11,399,564,244,93,0,71,92,25,5,48,89,32,0,0,0,2,10,3,63,22/23
700115,Shaquille Johnson,22.11.05_União Corinthians,1,26.0,1101,10,298,478,221,57,17,69,65,26,4,44,64,30,0,2,1,4,7,1,51,22/23
685024,Wesley de Castro,22.11.05_União Corinthians,1,28.6,718,4,160,345,140,22,27,32,58,16,7,29,60,21,1,6,1,1,7,0,41,22/23
709501,Yuri Neptune,22.11.05_União Corinthians,1,6.9,65,0,44,4,0,0,0,4,29,2,0,6,31,0,0,1,0,0,0,0,1,22/23
692169,Alexandre Paranhos,22.11.05_União Corinthians,2,24.0,490,2,180,202,67,25,1,15,35,9,2,19,35,11,0,3,1,1,2,2,26,22/23
703092,Alexey Borges,22.11.05_União Corinthians,2,25.9,1085,14,281,437,208,102,24,48,72,16,8,54,55,28,0,6,7,2,1,0,30,22/23
708457,Felipe Vezaro,22.11.05_União Corinthians,2,25.8,771,9,229,306,150,45,11,40,56,13,5,38,51,20,0,5,2,2,5,0,36,22/23
709286,Isaac Hamilton,22.11.05_União Corinthians,2,31.1,1939,23,487,722,414,184,92,77,100,38,14,66,92,51,1,0,2,3,6,9,81,22/23
709202,Leandro Moura,22.11.05_União Corinthians,2,7.1,93,0,64,15,0,0,0,5,21,0,0,8,21,0,0,14,1,0,0,0,15,22/23
708797,Lucas Faggiano,22.11.05_União Corinthians,2,26.8,729,8,260,261,119,42,24,35,48,23,4,32,50,20,1,7,3,2,1,0,25,22/23
709288,Novar Gadson,22.11.05_União Corinthians,2,26.9,817,8,313,278,119,43,31,45,64,14,6,29,59,26,0,4,2,2,5,1,39,22/23
703456,Renan Lenz,22.11.05_União Corinthians,2,22.2,852,4,349,342,110,22,0,32,69,13,4,32,67,15,0,0,11,2,6,1,55,22/23
700115,Shaquille Johnson,22.11.05_União Corinthians,2,21.7,831,6,313,307,138,35,0,39,66,20,3,54,61,19,0,8,1,2,5,1,45,22/23
685024,Wesley de Castro,22.11.05_União Corinthians,2,26.1,1005,7,358,386,182,33,12,56,78,28,5,48,75,31,0,7,2,3,7,0,48,22/23
709501,Yuri Neptune,22.11.05_União Corinthians,2,7.6,115,0,92,7,0,0,0,3,34,0,0,3,35,1,0,0,0,0,0,0,0,22/23
692169,Alexandre Paranhos,22.11.05_União Corinthians,3,24.7,332,2,100,165,41,9,3,20,22,6,2,14,27,5,0,1,1,1,2,0,13,22/23
703092,Alexey Borges,22.11.05_União Corinthians,3,26.6,1155,13,323,406,257,88,36,44,71,28,10,48,73,30,1,3,7,4,1,3,47,22/23
708457,Felipe Vezaro,22.11.05_União Corinthians,3,20.8,646,2,175,312,128,11,0,51,45,13,1,47,47,10,0,1,1,2,5,0,31,22/23
709286,Isaac Hamilton,22.11.05_União Corinthians,3,26.5,926,11,236,360,203,76,26,36,51,22,10,23,60,26,0,8,2,3,3,3,49,22/23
709202,Leandro Moura,22.11.05_União Corinthians,3,5.8,23,0,17,0,0,0,0,5,6,0,0,5,7,0,0,3,0,0,0,0,3,22/23
708797,Lucas Faggiano,22.11.05_União Corinthians,3,20.1,534,5,188,200,109,16,0,25,40,11,5,28,32,17,0,9,2,1,2,0,28,22/23
709288,Novar Gadson,22.11.05_União Corinthians,3,25.9,1075,12,347,373,190,90,28,53,85,31,7,51,83,34,1,5,2,3,5,3,55,22/23
703456,Renan Lenz,22.11.05_União Corinthians,3,26.2,1342,7,422,583,223,49,21,50,105,26,11,59,97,36,0,0,3,4,9,4,72,22/23
700115,Shaquille Johnson,22.11.05_União Corinthians,3,25.2,802,6,273,300,126,66,3,26,77,14,6,33,67,23,0,6,1,3,4,2,44,22/23
685024,Wesley de Castro,22.11.05_União Corinthians,3,26.2,904,7,252,401,166,41,9,50,79,23,8,45,84,22,1,7,2,3,7,1,53,22/23
709501,Yuri Neptune,22.11.05_União Corinthians,3,10.6,64,0,40,12,0,0,0,5,20,1,0,9,20,1,0,0,0,0,0,0,0,22/23
692169,Alexandre Paranhos,22.11.05_União Corinthians,4,26.0,1297,8,437,556,181,53,17,53,100,36,5,62,108,35,0,6,5,3,6,6,76,22/23
703092,Alexey Borges,22.11.05_União Corinthians,4,26.2,1512,18,427,577,251,139,58,81,88,33,13,74,90,37,1,7,5,3,1,1,40,22/23
708457,Felipe Vezaro,22.11.05_União Corinthians,4,17.5,406,0,184,139,41,0,0,37,61,7,0,38,54,5,0,6,1,2,1,0,19,22/23
709286,Isaac Hamilton,22.11.05_União Corinthians,4,28.9,2032,26,660,712,341,163,94,76,122,34,19,87,117,49,2,1,6,5,6,8,97,22/23
709202,Leandro Moura,22.11.05_União Corinthians,4,6.1,125,0,102,1,0,0,0,9,35,0,0,7,36,0,0,7,0,0,0,0,7,22/23
708797,Lucas Faggiano,22.11.05_União Corinthians,4,24.2,460,3,196,123,91,19,1,29,48,7,4,34,41,12,0,7,6,2,1,1,35,22/23
709288,Novar Gadson,22.11.05_União Corinthians,4,23.6,559,3,267,151,73,30,0,36,55,6,0,42,47,9,0,16,3,2,3,0,38,22/23
703456,Renan Lenz,22.11.05_União Corinthians,4,7.2,131,0,103,6,0,0,0,7,44,0,0,10,41,0,0,18,9,0,0,0,36,22/23
700115,Shaquille Johnson,22.11.05_União Corinthians,4,23.2,1324,9,488,524,191,47,0,68,120,25,11,69,122,31,0,5,4,5,9,1,70,22/23
685024,Wesley de Castro,22.11.05_União Corinthians,4,22.5,1505,9,570,615,191,66,0,78,146,27,8,67,134,39,0,0,7,5,14,1,90,22/23
709501,Yuri Neptune,22.11.05_União Corinthians,4,12.3,225,0,161,34,1,0,0,18,46,5,0,18,50,1,0,1,0,0,0,0,1,22/23
692169,Alexandre Paranhos,22.11.17_Cerrado,1,23.0,847,5,264,377,130,29,0,45,87,31,1,56,86,24,0,12,3,2,4,4,62,22/23
703092,Alexey Borges,22.11.17_Cerrado,1,28.2,1570,26,391,500,321,188,105,74,99,29,16,81,85,42,3,1,11,5,4,11,111,22/23
708457,Felipe Vezaro,22.11.17_Cerrado,1,21.9,439,2,165,138,88,14,0,26,61,11,2,28,50,15,1,8,4,2,0,0,24,22/23
709286,Isaac Hamilton,22.11.17_Cerrado,1,27.0,1651,24,504,520,323,176,67,67,103,29,16,67,96,42,0,4,10,6,5,2,73,22/23
709202,Leandro Moura,22.11.17_Cerrado,1,6.6,91,0,62,4,0,0,0,11,37,1,0,18,34,0,0,6,0,0,0,0,6,22/23
708797,Lucas Faggiano,22.11.17_Cerrado,1,27.2,803,8,246,248,160,53,51,44,65,12,10,48,68,25,1,9,5,3,2,2,42,22/23
709288,Novar Gadson,22.11.17_Cerrado,1,21.1,698,3,291,244,103,14,0,41,74,15,2,52,71,15,0,4,3,4,2,0,31,22/23
703456,Renan Lenz,22.11.17_Cerrado,1,26.1,1133,14,374,392,195,97,14,51,115,29,7,48,115,30,2,5,12,5,8,2,86,22/23
700115,Shaquille Johnson,22.11.17_Cerrado,1,23.2,1244,11,463,488,161,73,0,71,100,27,4,66,104,31,0,10,7,4,2,1,49,22/23
685024,Wesley de Castro,22.11.17_Cerrado,1,26.0,779,7,199,344,120,78,9,49,51,24,5,38,55,22,2,2,1,2,7,0,36,22/23
709501,Yuri Neptune,22.11.17_Cerrado,1,6.6,131,0,95,8,0,0,0,18,45,0,0,16,48,0,0,13,1,1,0,0,18,22/23
692169,Alexandre Paranhos,22.11.17_Cerrado,2,6.1,43,0,35,1,0,0,0,2,13,0,0,1,15,0,0,3,0,0,0,0,3,22/23
703092,Alexey Borges,22.11.17_Cerrado,2,26.7,1692,30,475,511,349,257,54,74,95,35,19,56,104,50,3,3,2,2,3,4,44,22/23
708457,Felipe Vezaro,22.11.17_Cerrado,2,26.0,1625,16,447,572,378,133,47,82,91,30,9,62,99,38,1,2,3,5,8,1,59,22/23
709286,Isaac Hamilton,22.11.17_Cerrado,2,28.6,1130,18,230,394,235,161,87,32,53,19,17,31,59,32,1,3,4,2,2,5,50,22/23
709202,Leandro Moura,22.11.17_Cerrado,2,6.0,53,0,42,0,0,0,0,6,16,0,0,9,17,0,0,1,0,0,0,0,1,22/23
708797,Lucas Faggiano,22.11.17_Cerrado,2,27.5,754,11,224,231,145,67,51,34,68,19,7,37,65,19,1,6,3,1,1,0,21,22/23
709288,Novar Gadson,22.11.17_Cerrado,2,26.0,562,5,194,221,72,34,16,21,39,12,2,28,36,16,0,10,0,1,4,1,32,22/23
703456,Renan Lenz,22.11.17_Cerrado,2,26.3,1617,19,409,605,345,173,44,65,103,33,7,58,101,40,2,1,2,2,7,7,74,22/23
700115,Shaquille Johnson,22.11.17_Cerrado,2,25.9,1095,10,333,377,240,91,22,60,63,17,7,44,73,28,0,7,2,1,1,1,21,22/23
685024,Wesley de Castro,22.11.17_Cerrado,2,21.3,148,1,37,71,27,7,0,3,15,3,2,4,14,5,0,6,1,1,0,0,14,22/23
709501,Yuri Neptune,22.11.17_Cerrado,2,11.3,109,0,72,18,0,0,0,6,41,3,0,7,47,0,0,5,1,0,0,0,7,22/23
692169,Alexandre Paranhos,22.11.17_Cerrado,3,21.0,635,3,272,244,67,14,0,32,66,15,5,38,78,11,0,4,3,2,3,0,28,22/23
703092,Alexey Borges,22.11.17_Cerrado,3,31.2,1377,18,463,433,242,122,56,72,92,28,6,84,77,29,2,5,10,8,3,1,69,22/23
708457,Felipe Vezaro,22.11.17_Cerrado,3,23.7,872,2,362,354,101,8,0,65,82,11,4,64,79,14,0,6,6,3,1,0,30,22/23
709286,Isaac Hamilton,22.11.17_Cerrado,3,26.5,1707,16,602,609,258,111,69,75,103,30,15,76,112,30,1,4,5,9,5,5,89,22/23
709202,Leandro Moura,22.11.17_Cerrado,3,23.7,656,3,309,227,70,15,0,40,62,12,2,48,61,9,0,3,2,3,2,0,24,22/23
708797,Lucas Faggiano,22.11.17_Cerrado,3,0.0,0,0,0,0,0,0,0,0,0,0,0,0,0,0,0,3,2,3,2,2,30,22/23
709288,Novar Gadson,22.11.17_Cerrado,3,25.9,1235,9,539,397,150,56,19,63,119,26,6,64,122,23,1,8,5,6,5,2,64,22/23
703456,Renan Lenz,22.11.17_Cerrado,3,26.3,1573,8,556,567,273,73,50,87,121,25,6,61,122,37,0,5,10,7,4,2,73,22/23
700115,Shaquille Johnson,22.11.17_Cerrado,3,26.3,1552,8,685,556,147,54,26,113,129,47,6,91,162,25,2,8,4,2,1,1,30,22/23
685024,Wesley de Castro,22.11.17_Cerrado,3,27.5,598,5,297,170,58,24,22,28,44,16,4,25,50,14,0,5,2,2,2,0,26,22/23
709501,Yuri Neptune,22.11.17_Cerrado,3,15.1,421,0,239,125,15,0,0,24,73,6,1,33,74,2,0,4,2,1,0,0,10,22/23
692169,Alexandre Paranhos,22.11.17_Cerrado,4,7.8,48,0,29,7,0,0,0,7,17,0,0,7,15,1,0,1,0,0,0,0,1,22/23
703092,Alexey Borges,22.11.17_Cerrado,4,25.8,1862,16,654,617,372,121,14,91,134,36,9,119,110,41,0,3,10,10,6,2,84,22/23
708457,Felipe Vezaro,22.11.17_Cerrado,4,26.3,1321,9,469,524,196,68,6,81,94,27,6,75,90,31,0,11,5,5,4,0,53,22/23
709286,Isaac Hamilton,22.11.17_Cerrado,4,27.3,1340,13,426,492,228,77,72,67,85,26,15,49,92,37,1,1,3,9,9,6,98,22/23
709202,Leandro Moura,22.11.17_Cerrado,4,19.1,133,1,74,21,5,2,0,17,45,1,1,16,45,2,0,10,1,0,0,0,13,22/23
708797,Lucas Faggiano,22.11.17_Cerrado,4,0.0,0,0,0,0,0,0,0,0,0,0,0,0,0,0,0,1,1,1,2,2,24,22/23
709288,Novar Gadson,22.11.17_Cerrado,4,26.7,1667,12,701,552,217,65,42,86,141,22,8,78,123,36,2,5,10,7,8,3,95,22/23
703456,Renan Lenz,22.11.17_Cerrado,4,25.7,1035,9,482,295,130,60,3,46,106,14,6,41,103,18,0,11,13,5,3,2,71,22/23
700115,Shaquille Johnson,22.11.17_Cerrado,4,24.3,879,5,378,295,114,29,4,41,91,20,7,61,85,18,0,12,8,2,1,1,44,22/23
685024,Wesley de Castro,22.11.17_Cerrado,4,24.4,908,3,307,374,152,33,5,45,86,23,1,39,93,18,0,17,3,1,7,2,63,22/23
709501,Yuri Neptune,22.11.17_Cerrado,4,20.5,358,1,233,66,5,6,0,20,87,12,2,31,93,7,0,6,2,0,0,0,10,22/23
692169,Alexandre Paranhos,22.11.19_Brasília,1,17.5,343,0,141,129,51,0,0,16,44,10,0,17,38,11,0,0,1,2,1,0,12,22/23
703092,Alexey Borges,22.11.19_Brasília,1,25.2,1377,16,302,513,422,106,2,55,75,27,14,61,75,34,0,0,4,3,2,7,62,22/23
708457,Felipe Vezaro,22.11.19_Brasília,1,26.4,824,9,264,240,193,49,44,40,60,16,3,36,55,17,0,1,3,4,1,0,24,22/23
709286,Isaac Hamilton,22.11.19_Brasília,1,29.0,1352,20,258,514,344,124,80,55,70,31,13,44,67,35,3,0,4,4,3,3,49,22/23
703222,João Prado,22.11.19_Brasília,1,25.8,494,5,220,148,76,16,5,27,45,5,3,32,35,9,0,8,2,2,2,1,26,22/23
709202,Leandro Moura,22.11.19_Brasília,1,7.1,59,0,40,5,0,0,0,5,25,0,0,6,25,0,0,3,0,0,0,0,3,22/23
709288,Novar Gadson,22.11.19_Brasília,1,26.0,775,6,296,254,128,58,8,34,54,17,3,37,49,16,0,1,3,4,1,0,25,22/23
703456,Renan Lenz,22.11.19_Brasília,1,26.2,816,8,175,361,165,71,18,38,66,19,5,40,69,18,0,6,3,1,4,3,45,22/23
700115,Shaquille Johnson,22.11.19_Brasília,1,26.0,1060,8,327,431,221,40,6,56,74,17,5,37,74,25,1,2,4,4,3,2,43,22/23
685024,Wesley de Castro,22.11.19_Brasília,1,26.7,1033,6,323,460,161,32,18,60,70,27,4,48,75,30,0,3,2,2,9,0,52,22/23
709501,Yuri Neptune,22.11.19_Brasília,1,7.2,104,0,71,9,0,0,0,9,45,1,0,10,47,1,0,6,1,0,0,0,8,22/23
692169,Alexandre Paranhos,22.11.19_Brasília,2,26.2,401,3,172,108,61,14,24,23,29,8,2,23,28,10,0,2,1,2,2,0,19,22/23
703092,Alexey Borges,22.11.19_Brasília,2,26.2,1506,20,429,543,333,119,34,78,83,31,16,69,91,40,0,1,4,6,5,8,87,22/23
708457,Felipe Vezaro,22.11.19_Brasília,2,26.6,535,5,215,148,77,40,17,29,55,10,3,33,47,14,0,3,6,4,4,3,58,22/23
709286,Isaac Hamilton,22.11.19_Brasília,2,26.7,1462,17,445,526,269,131,48,61,79,22,16,56,85,38,0,3,9,3,1,1,41,22/23
703222,João Prado,22.11.19_Brasília,2,5.6,124,0,97,0,0,0,0,10,29,0,0,15,25,0,0,22,2,0,0,0,27,22/23
709202,Leandro Moura,22.11.19_Brasília,2,6.2,132,0,110,3,0,0,0,7,33,0,0,9,32,0,0,3,0,0,0,0,3,22/23
709288,Novar Gadson,22.11.19_Brasília,2,26.4,1348,7,575,434,219,41,18,71,107,25,6,69,110,31,0,7,7,5,4,0,53,22/23
703456,Renan Lenz,22.11.19_Brasília,2,22.3,1061,7,369,433,171,51,0,52,88,20,1,48,74,26,0,10,4,3,5,3,60,22/23
700115,Shaquille Johnson,22.11.19_Brasília,2,24.1,1095,9,440,344,212,51,1,48,76,27,9,49,72,30,0,6,3,6,4,1,50,22/23
685024,Wesley de Castro,22.11.19_Brasília,2,25.5,1195,6,435,495,146,49,17,70,100,26,9,61,113,29,0,6,3,4,10,2,72,22/23
709501,Yuri Neptune,22.11.19_Brasília,2,7.1,195,0,167,3,0,0,0,12,46,4,0,19,47,0,0,3,0,0,0,0,4,22/23
692169,Alexandre Paranhos,22.11.19_Brasília,3,25.3,1035,8,373,414,115,72,5,60,91,27,7,48,104,28,1,3,2,3,6,1,43,22/23
703092,Alexey Borges,22.11.19_Brasília,3,26.8,1496,13,534,516,251,99,35,80,90,32,10,81,96,29,0,3,9,6,5,4,78,22/23
708457,Felipe Vezaro,22.11.19_Brasília,3,26.1,766,6,330,281,70,43,6,53,61,10,2,43,66,11,0,5,6,4,2,3,53,22/23
709286,Isaac Hamilton,22.11.19_Brasília,3,26.7,1818,18,608,691,312,118,39,87,103,29,9,76,101,31,0,8,7,3,2,1,45,22/23
703222,João Prado,22.11.19_Brasília,3,25.5,914,7,425,285,104,38,6,51,83,20,3,52,88,16,0,10,6,3,3,5,67,22/23
709202,Leandro Moura,22.11.19_Brasília,3,13.1,380,0,234,110,6,0,0,22,48,4,1,33,46,4,0,7,1,0,1,1,21,22/23
709288,Novar Gadson,22.11.19_Brasília,3,26.1,994,4,532,275,96,17,22,45,75,19,5,56,81,13,0,11,3,4,3,0,41,22/23
703456,Renan Lenz,22.11.19_Brasília,3,26.2,1445,10,535,531,223,59,46,65,108,36,5,40,128,31,0,7,7,4,6,3,71,22/23
700115,Shaquille Johnson,22.11.19_Brasília,3,23.1,1229,9,530,378,192,64,0,63,94,30,6,62,91,26,0,9,4,3,4,0,40,22/23
685024,Wesley de Castro,22.11.19_Brasília,3,26.3,927,1,396,390,86,8,11,47,81,13,3,44,78,17,0,16,4,1,5,1,52,22/23
709501,Yuri Neptune,22.11.19_Brasília,3,17.3,474,0,215,194,22,0,0,34,80,13,1,21,89,7,0,5,2,1,0,0,11,22/23
692169,Alexandre Paranhos,22.11.19_Brasília,4,24.5,724,4,212,329,116,28,3,42,56,20,7,38,73,18,0,4,1,1,2,6,47,22/23
703092,Alexey Borges,22.11.19_Brasília,4,27.6,1545,27,415,492,357,154,63,70,97,32,17,77,94,38,1,3,6,8,6,3,76,22/23
708457,Felipe Vezaro,22.11.19_Brasília,4,23.6,1430,6,556,526,236,47,0,88,116,31,8,86,100,38,0,4,3,2,1,0,22,22/23
709286,Isaac Hamilton,22.11.19_Brasília,4,7.4,19,0,10,2,0,0,0,3,7,0,0,3,9,0,0,11,2,1,0,0,19,22/23
703222,João Prado,22.11.19_Brasília,4,20.0,393,2,197,115,43,7,0,22,45,8,1,31,41,8,0,17,5,2,2,0,43,22/23
709202,Leandro Moura,22.11.19_Brasília,4,26.9,807,12,217,293,167,82,16,31,64,20,4,35,66,15,1,9,4,5,3,0,42,22/23
709288,Novar Gadson,22.11.19_Brasília,4,24.3,1106,8,435,424,151,41,1,66,95,28,4,68,93,24,1,4,3,5,6,0,50,22/23
703456,Renan Lenz,22.11.19_Brasília,4,27.2,1204,7,406,487,142,91,23,59,105,24,4,49,115,23,0,10,5,6,6,0,60,22/23
700115,Shaquille Johnson,22.11.19_Brasília,4,21.0,415,3,180,149,45,15,0,25,51,10,2,17,50,13,0,2,2,2,1,0,17,22/23
685024,Wesley de Castro,22.11.19_Brasília,4,24.5,991,6,350,384,169,37,1,50,89,26,10,42,90,34,0,10,4,5,5,0,56,22/23
709501,Yuri Neptune,22.11.19_Brasília,4,19.5,265,2,130,71,30,7,0,17,52,6,1,16,54,6,0,4,1,1,0,0,9,22/23
692169,Alexandre Paranhos,22.11.23_São José,1,22.5,552,3,180,240,83,27,0,25,42,14,2,20,56,10,0,1,0,1,3,1,22,22/23
703092,Alexey Borges,22.11.23_São José,1,26.6,1622,24,329,612,432,168,50,72,68,34,19,70,75,46,1,0,0,2,4,8,66,22/23
699682,Breno Leoterio,22.11.23_São José,1,7.6,54,0,41,5,0,0,0,3,17,0,0,3,18,0,0,2,0,0,0,0,2,22/23
686753,Daniel Duque,22.11.23_São José,1,7.3,92,0,67,2,0,0,0,13,34,1,0,13,35,0,0,8,1,0,0,0,10,22/23
708457,Felipe Vezaro,22.11.23_São José,1,26.3,643,5,174,240,164,28,12,28,51,11,5,25,52,17,0,2,0,1,4,0,22,22/23
709286,Isaac Hamilton,22.11.23_São José,1,29.5,978,14,215,338,202,88,116,29,49,24,11,26,49,24,1,6,2,2,2,5,45,22/23
703222,João Prado,22.11.23_São José,1,6.7,59,0,41,1,0,0,0,12,16,0,0,14,17,0,0,10,5,0,0,0,21,22/23
709202,Leandro Moura,22.11.23_São José,1,26.6,619,11,154,206,135,68,36,27,44,16,5,26,37,22,0,4,0,1,3,0,19,22/23
703456,Renan Lenz,22.11.23_São José,1,25.8,1183,12,338,455,256,70,19,51,96,26,6,30,105,29,0,0,1,3,10,1,57,22/23
700115,Shaquille Johnson,22.11.23_São José,1,26.1,832,4,310,317,142,17,14,34,70,14,2,29,68,15,0,2,3,3,5,0,37,22/23
685024,Wesley de Castro,22.11.23_São José,1,27.1,873,7,250,376,141,51,17,53,64,23,7,55,73,23,1,5,3,3,4,0,37,22/23
709501,Yuri Neptune,22.11.23_São José,1,9.5,85,0,60,4,0,0,0,7,40,1,1,10,44,0,0,6,0,0,0,0,6,22/23
692169,Alexandre Paranhos,22.11.23_São José,2,24.9,1283,12,371,610,180,74,8,75,83,31,6,77,88,33,0,0,1,1,5,9,70,22/23
703092,Alexey Borges,22.11.23_São José,2,26.2,806,11,206,291,182,63,37,44,53,16,6,32,51,21,0,1,8,1,2,4,47,22/23
699682,Breno Leoterio,22.11.23_São José,2,7.9,83,0,61,8,0,0,0,5,26,1,0,6,27,0,0,1,0,0,0,0,1,22/23
686753,Daniel Duque,22.11.23_São José,2,7.3,92,0,67,2,0,0,0,13,34,1,0,13,35,0,0,8,1,0,0,0,10,22/23
708457,Felipe Vezaro,22.11.23_São José,2,20.4,647,5,218,257,110,28,0,42,66,14,2,35,65,17,0,5,2,3,5,0,36,22/23
709286,Isaac Hamilton,22.11.23_São José,2,30.9,1008,9,240,380,225,58,83,35,64,11,9,29,56,23,2,6,3,1,2,5,46,22/23
703222,João Prado,22.11.23_São José,2,20.2,791,3,278,334,135,8,0,52,62,26,5,45,67,27,0,0,4,1,3,8,63,22/23
709202,Leandro Moura,22.11.23_São José,2,29.0,583,8,190,203,62,48,65,23,33,13,5,23,37,11,1,11,1,1,3,0,29,22/23
703456,Renan Lenz,22.11.23_São José,2,26.4,1052,6,255,471,213,50,29,48,86,19,3,37,90,21,1,1,5,1,8,0,50,22/23
700115,Shaquille Johnson,22.11.23_São José,2,25.1,867,10,299,341,117,71,6,42,66,24,5,40,60,26,0,3,2,2,5,3,47,22/23
685024,Wesley de Castro,22.11.23_São José,2,25.7,403,4,123,159,84,13,5,30,35,15,2,22,44,11,0,4,1,2,1,0,15,22/23
709501,Yuri Neptune,22.11.23_São José,2,10.5,127,0,86,19,0,0,0,9,46,1,1,9,50,0,0,4,0,0,0,0,4,22/23
692169,Alexandre Paranhos,22.11.23_São José,3,21.0,821,4,294,343,118,31,0,45,67,20,6,44,71,22,0,5,0,1,6,3,45,22/23
703092,Alexey Borges,22.11.23_São José,3,26.2,1404,23,375,420,289,222,51,55,76,31,17,42,82,40,0,0,4,3,4,9,78,22/23
699682,Breno Leoterio,22.11.23_São José,3,6.5,67,0,49,6,0,0,0,5,19,0,0,5,20,0,0,1,0,0,0,0,1,22/23
686753,Daniel Duque,22.11.23_São José,3,7.3,92,0,67,2,0,0,0,13,34,1,0,13,35,0,0,8,1,0,0,0,10,22/23
708457,Felipe Vezaro,22.11.23_São José,3,22.3,879,5,279,359,159,36,0,66,71,21,4,57,91,13,0,3,0,2,7,0,38,22/23
709286,Isaac Hamilton,22.11.23_São José,3,29.8,1275,20,368,378,253,149,94,39,57,24,16,38,61,42,1,6,3,3,2,5,56,22/23
703222,João Prado,22.11.23_São José,3,23.5,403,2,187,133,38,9,0,40,47,7,2,36,45,11,0,4,11,2,1,3,51,22/23
709202,Leandro Moura,22.11.23_São José,3,26.8,850,12,199,363,132,80,51,42,51,24,9,31,67,20,2,11,1,2,6,0,41,22/23
703456,Renan Lenz,22.11.23_São José,3,26.2,1131,12,348,407,190,110,28,63,79,33,2,45,91,34,0,2,6,6,8,0,62,22/23
700115,Shaquille Johnson,22.11.23_São José,3,26.7,483,6,147,147,96,47,23,31,39,11,3,32,37,12,0,1,1,2,2,1,24,22/23
685024,Wesley de Castro,22.11.23_São José,3,29.2,1200,8,319,464,232,66,77,65,93,31,4,55,90,32,3,5,3,3,9,0,58,22/23
709501,Yuri Neptune,22.11.23_São José,3,11.9,134,0,99,15,0,0,0,7,39,1,0,11,40,0,0,4,0,0,0,0,5,22/23
692169,Alexandre Paranhos,22.11.23_São José,4,22.5,755,1,252,356,104,7,0,45,68,18,6,45,72,17,0,4,1,1,2,6,47,22/23
703092,Alexey Borges,22.11.23_São José,4,5.4,41,0,29,0,0,0,0,6,18,0,0,5,19,0,0,14,1,0,0,0,16,22/23
699682,Breno Leoterio,22.11.23_São José,4,26.7,1125,14,278,433,229,85,68,58,71,13,11,47,71,34,0,1,0,5,6,0,42,22/23
686753,Daniel Duque,22.11.23_São José,4,25.9,619,6,161,230,111,70,24,43,39,16,4,19,55,17,0,5,2,1,4,1,31,22/23
708457,Felipe Vezaro,22.11.23_São José,4,27.4,1009,9,230,442,238,50,18,56,65,22,5,55,71,24,0,4,2,2,4,3,46,22/23
709286,Isaac Hamilton,22.11.23_São José,4,7.5,42,0,26,9,0,0,0,1,12,2,0,8,14,0,0,7,0,0,0,0,8,22/23
703222,João Prado,22.11.23_São José,4,26.2,1333,7,494,563,175,30,16,79,96,39,7,62,101,35,0,0,0,0,6,12,81,22/23
709202,Leandro Moura,22.11.23_São José,4,26.2,1729,25,441,704,268,197,77,88,97,40,10,75,91,50,2,0,0,4,13,0,65,22/23
703456,Renan Lenz,22.11.23_São José,4,22.9,653,5,188,305,97,39,0,37,58,14,1,31,58,16,0,9,2,1,5,0,37,22/23
700115,Shaquille Johnson,22.11.23_São José,4,6.3,18,0,9,2,0,0,0,5,8,0,0,5,9,0,0,0,0,0,0,0,0,22/23
685024,Wesley de Castro,22.11.23_São José,4,6.1,36,0,25,0,0,0,0,5,16,0,0,5,16,0,0,4,0,0,0,0,4,22/23
709501,Yuri Neptune,22.11.23_São José,4,24.4,822,9,228,302,184,80,7,34,61,18,2,39,61,18,0,2,0,2,3,4,39,22/23
692169,Alexandre Paranhos,22.11.29_Fortaleza,1,23.4,544,3,175,248,78,19,0,25,49,18,1,26,48,18,0,1,1,2,3,0,24,22/23
703092,Alexey Borges,22.11.29_Fortaleza,1,25.8,1457,13,370,595,357,80,7,66,93,33,8,59,98,35,0,0,0,2,4,10,73,22/23
699682,Breno Leoterio,22.11.29_Fortaleza,1,5.3,40,0,30,0,0,0,0,0,20,0,0,5,17,0,0,0,0,0,0,0,0,22/23
686753,Daniel Duque,22.11.29_Fortaleza,1,5.0,31,0,21,0,0,0,0,2,20,0,0,2,20,0,0,12,2,0,0,0,16,22/23
708457,Felipe Vezaro,22.11.29_Fortaleza,1,23.7,543,4,157,247,85,28,0,37,45,12,3,38,47,13,0,2,1,2,3,0,22,22/23
709286,Isaac Hamilton,22.11.29_Fortaleza,1,26.6,987,6,224,459,206,53,27,46,48,17,9,30,48,30,1,5,2,1,2,6,51,22/23
703222,João Prado,22.11.29_Fortaleza,1,11.5,88,0,42,36,0,0,0,8,14,2,0,5,20,0,0,13,0,1,0,0,17,22/23
709202,Leandro Moura,22.11.29_Fortaleza,1,29.5,398,4,115,157,49,41,24,24,23,7,4,18,29,6,1,2,2,1,1,0,16,22/23
703456,Renan Lenz,22.11.29_Fortaleza,1,26.2,1093,9,326,484,192,33,17,59,88,27,3,43,105,21,1,0,4,1,9,3,60,22/23
700115,Shaquille Johnson,22.11.29_Fortaleza,1,25.2,1477,13,633,465,215,90,6,82,113,28,5,49,111,35,0,5,6,5,8,1,69,22/23
685024,Wesley de Castro,22.11.29_Fortaleza,1,25.4,1007,9,341,418,138,55,10,54,76,36,9,44,92,31,0,2,4,2,6,1,44,22/23
709501,Yuri Neptune,22.11.29_Fortaleza,1,10.1,99,0,64,17,0,0,0,3,36,2,0,7,37,1,0,5,3,3,0,0,23,22/23
692169,Alexandre Paranhos,22.11.29_Fortaleza,2,22.5,743,4,270,281,124,36,0,33,56,14,6,39,65,14,0,5,2,2,4,0,33,22/23
703092,Alexey Borges,22.11.29_Fortaleza,2,26.0,1090,11,355,427,188,65,12,61,68,20,3,59,57,21,0,5,8,4,5,4,72,22/23
699682,Breno Leoterio,22.11.29_Fortaleza,2,6.5,124,0,108,2,0,0,0,7,22,0,0,9,23,0,0,0,0,0,0,0,0,22/23
686753,Daniel Duque,22.11.29_Fortaleza,2,5.7,90,0,68,0,0,0,0,6,34,0,0,9,34,0,0,12,1,0,0,0,13,22/23
708457,Felipe Vezaro,22.11.29_Fortaleza,2,22.2,813,4,284,299,172,20,0,53,73,10,1,44,69,14,0,8,2,3,5,1,41,22/23
709286,Isaac Hamilton,22.11.29_Fortaleza,2,26.0,1168,12,423,409,184,89,26,45,71,28,6,36,68,29,0,2,12,5,5,2,68,22/23
703222,João Prado,22.11.29_Fortaleza,2,24.7,806,5,362,246,124,28,3,38,63,18,8,39,63,22,0,0,1,3,6,13,101,22/23
709202,Leandro Moura,22.11.29_Fortaleza,2,24.2,250,2,130,67,21,11,2,10,34,4,0,15,33,3,0,5,0,1,1,0,10,22/23
703456,Renan Lenz,22.11.29_Fortaleza,2,25.8,1028,8,388,362,176,57,5,59,86,10,9,49,90,21,0,1,13,6,6,0,68,22/23
700115,Shaquille Johnson,22.11.29_Fortaleza,2,25.2,1477,13,633,465,215,90,6,82,113,28,5,49,111,35,0,5,6,5,8,1,69,22/23
685024,Wesley de Castro,22.11.29_Fortaleza,2,26.4,1514,6,575,611,181,37,47,85,118,35,8,71,125,35,3,3,4,7,10,1,79,22/23
709501,Yuri Neptune,22.11.29_Fortaleza,2,8.4,190,0,149,13,0,0,0,6,53,2,0,17,50,0,0,7,2,2,1,0,21,22/23
692169,Alexandre Paranhos,22.11.29_Fortaleza,3,24.0,561,4,178,240,80,29,0,36,55,10,3,33,59,11,0,2,1,3,3,0,23,22/23
703092,Alexey Borges,22.11.29_Fortaleza,3,26.0,1431,18,429,531,256,139,24,71,91,26,13,80,78,40,1,1,3,4,7,8,85,22/23
699682,Breno Leoterio,22.11.29_Fortaleza,3,6.6,53,0,40,2,0,0,0,4,17,0,0,7,16,0,0,0,0,0,0,0,0,22/23
686753,Daniel Duque,22.11.29_Fortaleza,3,6.4,49,0,35,1,0,0,0,2,23,1,0,4,23,0,0,5,0,0,0,0,5,22/23
708457,Felipe Vezaro,22.11.29_Fortaleza,3,21.2,611,6,150,228,149,51,0,36,52,17,0,37,51,15,0,4,1,2,3,0,25,22/23
709286,Isaac Hamilton,22.11.29_Fortaleza,3,26.5,2051,28,591,668,376,200,147,77,118,36,22,78,111,56,2,0,1,3,8,9,92,22/23
703222,João Prado,22.11.29_Fortaleza,3,20.3,415,3,191,125,49,13,0,28,43,8,3,32,44,7,0,12,4,3,1,1,37,22/23
709202,Leandro Moura,22.11.29_Fortaleza,3,7.2,64,0,51,3,0,0,0,2,21,1,0,4,20,0,0,2,0,0,0,0,3,22/23
703456,Renan Lenz,22.11.29_Fortaleza,3,26.0,1679,17,575,559,343,121,19,65,125,40,8,60,135,36,0,0,1,4,16,2,86,22/23
700115,Shaquille Johnson,22.11.29_Fortaleza,3,26.0,1008,7,381,409,118,44,7,61,87,15,5,48,73,25,0,2,2,5,5,1,48,22/23
685024,Wesley de Castro,22.11.29_Fortaleza,3,27.6,1034,9,340,364,212,44,28,53,90,27,11,45,94,35,1,7,3,5,6,0,55,22/23
709501,Yuri Neptune,22.11.29_Fortaleza,3,13.3,182,0,99,50,4,0,0,19,49,4,1,21,53,3,0,7,2,0,0,0,11,22/23
692169,Alexandre Paranhos,22.11.29_Fortaleza,4,21.7,706,1,193,324,142,6,0,39,64,22,3,32,71,22,0,2,0,2,3,5,42,22/23
703092,Alexey Borges,22.11.29_Fortaleza,4,26.3,1288,22,550,630,340,157,25,71,91,26,13,80,78,40,1,0,5,8,8,6,94,22/23
699682,Breno Leoterio,22.11.29_Fortaleza,4,5.6,55,0,45,0,0,0,0,3,14,0,0,7,13,0,0,0,0,0,0,0,0,22/23
686753,Daniel Duque,22.11.29_Fortaleza,4,4.6,29,0,16,0,0,0,0,4,16,0,0,6,14,0,0,1,0,0,0,0,2,22/23
708457,Felipe Vezaro,22.11.29_Fortaleza,4,24.9,905,8,256,353,186,57,3,53,79,22,6,55,68,24,0,5,3,2,6,1,46,22/23
709286,Isaac Hamilton,22.11.29_Fortaleza,4,27.9,1167,10,463,366,178,97,18,46,75,14,7,40,61,26,0,3,10,6,6,2,74,22/23
703222,João Prado,22.11.29_Fortaleza,4,16.0,195,0,130,33,5,0,0,14,35,3,1,19,38,2,0,21,3,1,1,1,36,22/23
709202,Leandro Moura,22.11.29_Fortaleza,4,6.6,62,0,44,2,0,0,0,10,21,0,0,15,17,0,0,1,1,0,0,0,4,22/23
703456,Renan Lenz,22.11.29_Fortaleza,4,22.5,971,6,409,369,103,41,0,54,91,17,6,59,87,15,0,4,11,7,5,0,67,22/23
700115,Shaquille Johnson,22.11.29_Fortaleza,4,26.1,1619,19,647,528,229,112,30,79,130,30,12,69,124,38,0,4,5,6,11,0,79,22/23
685024,Wesley de Castro,22.11.29_Fortaleza,4,26.5,1325,9,411,550,201,69,38,70,111,41,6,55,115,40,2,6,5,6,8,0,64,22/23
709501,Yuri Neptune,22.11.29_Fortaleza,4,7.7,57,0,35,5,0,0,0,3,30,0,0,6,29,0,0,0,0,0,0,0,0,22/23
692169,Alexandre Paranhos,22.12.03_Paulistano,1,16.5,495,0,180,226,58,0,0,30,54,15,1,36,56,10,0,1,1,2,4,0,24,22/23
697157,Alexei Patrício,22.12.03_Paulistano,1,5.0,17,0,11,0,0,0,0,2,6,0,0,3,5,0,0,12,1,0,0,0,13,22/23
703092,Alexey Borges,22.12.03_Paulistano,1,26.1,1278,21,309,404,343,139,32,56,78,25,14,57,76,33,0,1,4,4,5,5,67,22/23
699682,Breno Leoterio,22.12.03_Paulistano,1,5.3,27,0,22,0,0,0,0,3,8,0,0,5,7,0,0,0,0,0,0,0,0,22/23
708457,Felipe Vezaro,22.12.03_Paulistano,1,23.7,583,4,179,209,131,30,0,27,58,12,3,30,48,21,0,1,3,2,2,0,22,22/23
709286,Isaac Hamilton,22.12.03_Paulistano,1,26.5,1426,20,421,453,334,124,58,62,75,28,12,44,62,46,0,2,6,3,4,5,66,22/23
703222,João Prado,22.12.03_Paulistano,1,22.8,553,2,242,194,67,9,0,32,58,13,3,37,62,9,0,8,1,2,4,3,43,22/23
709202,Leandro Moura,22.12.03_Paulistano,1,5.4,29,0,21,0,0,0,0,4,11,0,0,6,10,0,0,3,0,0,0,0,5,22/23
703456,Renan Lenz,22.12.03_Paulistano,1,26.7,1466,14,440,565,277,113,21,82,103,39,4,61,114,41,0,2,4,4,7,1,54,22/23
700115,Shaquille Johnson,22.12.03_Paulistano,1,26.1,1343,11,492,479,248,54,19,62,96,26,8,58,92,33,1,4,3,5,9,1,64,22/23
685024,Wesley de Castro,22.12.03_Paulistano,1,26.1,999,4,299,456,157,32,20,49,73,22,5,38,81,29,1,6,3,4,9,0,60,22/23
709501,Yuri Neptune,22.12.03_Paulistano,1,6.2,60,0,42,1,0,0,0,6,30,0,0,6,32,0,0,5,0,0,0,0,5,22/23
692169,Alexandre Paranhos,22.12.03_Paulistano,2,24.0,651,2,246,287,73,14,0,35,61,18,2,37,62,21,0,2,2,2,4,1,30,22/23
697157,Alexei Patrício,22.12.03_Paulistano,2,25.8,198,1,75,62,32,12,6,7,17,4,1,8,19,3,0,2,1,1,0,0,8,22/23
703092,Alexey Borges,22.12.03_Paulistano,2,25.9,1592,18,444,614,347,137,7,75,79,34,11,73,79,42,0,2,5,8,2,2,51,22/23
699682,Breno Leoterio,22.12.03_Paulistano,2,6.3,64,0,49,1,0,0,0,4,19,0,0,10,16,0,0,0,0,0,0,0,0,22/23
708457,Felipe Vezaro,22.12.03_Paulistano,2,25.7,1430,10,422,613,230,86,18,80,96,35,7,82,102,31,0,2,6,5,6,2,65,22/23
709286,Isaac Hamilton,22.12.03_Paulistano,2,26.1,716,12,249,247,109,77,14,31,38,9,4,23,44,12,1,3,13,1,2,0,43,22/23
703222,João Prado,22.12.03_Paulistano,2,18.0,393,1,163,149,46,0,0,34,39,7,2,31,41,5,0,11,3,2,2,2,40,22/23
709202,Leandro Moura,22.12.03_Paulistano,2,33.4,556,6,159,197,95,40,36,36,58,7,3,35,51,10,2,1,2,2,3,0,20,22/23
703456,Renan Lenz,22.12.03_Paulistano,2,22.1,952,7,285,434,157,48,0,38,70,19,5,28,77,23,0,2,10,3,5,2,63,22/23
700115,Shaquille Johnson,22.12.03_Paulistano,2,21.4,877,6,299,357,153,30,0,54,69,22,2,32,76,25,0,6,4,3,3,2,44,22/23
685024,Wesley de Castro,22.12.03_Paulistano,2,25.8,856,4,332,355,100,23,10,37,69,23,5,33,68,23,2,9,4,2,8,0,54,22/23
709501,Yuri Neptune,22.12.03_Paulistano,2,14.4,177,0,102,32,14,0,0,20,36,3,0,27,35,1,0,4,1,1,0,0,9,22/23
692169,Alexandre Paranhos,22.12.03_Paulistano,3,18.2,430,1,174,195,36,1,0,26,38,8,4,29,43,7,0,3,1,1,3,1,29,22/23
697157,Alexei Patrício,22.12.03_Paulistano,3,9.2,70,0,52,8,0,0,0,8,14,1,0,11,14,0,0,3,1,0,0,0,5,22/23
703092,Alexey Borges,22.12.03_Paulistano,3,26.2,1442,14,347,515,385,87,54,75,81,33,13,75,87,30,2,2,4,4,3,2,47,22/23
699682,Breno Leoterio,22.12.03_Paulistano,3,5.6,45,0,39,0,0,0,0,5,9,0,0,3,9,0,0,0,0,0,0,0,0,22/23
708457,Felipe Vezaro,22.12.03_Paulistano,3,24.7,514,3,158,179,116,23,3,29,37,12,0,28,39,12,0,2,1,1,2,1,18,22/23
709286,Isaac Hamilton,22.12.03_Paulistano,3,26.0,1129,14,343,386,261,80,21,39,80,23,10,30,71,39,0,4,4,3,5,2,53,22/23
703222,João Prado,22.12.03_Paulistano,3,18.3,85,1,51,13,5,1,0,11,17,0,1,18,14,1,0,7,1,1,0,0,11,22/23
709202,Leandro Moura,22.12.03_Paulistano,3,20.1,258,2,97,80,43,13,0,16,40,6,1,15,39,9,0,2,2,2,1,0,18,22/23
703456,Renan Lenz,22.12.03_Paulistano,3,27.0,1221,10,359,520,207,66,31,49,96,30,5,56,100,23,1,0,4,3,12,1,72,22/23
700115,Shaquille Johnson,22.12.03_Paulistano,3,22.6,1223,10,434,451,215,63,0,66,91,28,10,55,103,34,0,2,3,4,9,3,69,22/23
685024,Wesley de Castro,22.12.03_Paulistano,3,24.1,901,8,240,445,143,38,2,45,69,21,6,36,71,31,0,5,2,2,7,1,50,22/23
709501,Yuri Neptune,22.12.03_Paulistano,3,7.9,57,0,37,4,0,0,0,3,31,2,0,5,30,1,0,3,0,0,0,0,3,22/23
692169,Alexandre Paranhos,22.12.03_Paulistano,4,20.9,1038,2,500,374,102,4,0,59,100,25,1,62,110,16,0,6,4,5,6,0,52,22/23
697157,Alexei Patrício,22.12.03_Paulistano,4,26.3,1062,7,406,377,190,35,12,58,71,20,8,54,83,17,1,2,6,5,7,0,58,22/23
703092,Alexey Borges,22.12.03_Paulistano,4,22.1,805,5,259,309,163,33,0,51,60,13,4,51,55,17,0,7,5,4,2,1,43,22/23
699682,Breno Leoterio,22.12.03_Paulistano,4,7.6,87,0,64,2,0,0,0,12,25,0,0,21,20,0,0,0,0,0,0,0,1,22/23
708457,Felipe Vezaro,22.12.03_Paulistano,4,26.0,1273,5,494,526,146,26,13,90,87,31,4,94,105,16,0,6,6,4,8,0,62,22/23
709286,Isaac Hamilton,22.12.03_Paulistano,4,23.3,986,9,369,392,129,54,0,45,84,20,7,40,92,23,0,10,3,2,4,2,45,22/23
703222,João Prado,22.12.03_Paulistano,4,19.5,702,4,349,194,92,12,0,42,77,11,2,46,67,13,0,5,4,4,6,0,49,22/23
709202,Leandro Moura,22.12.03_Paulistano,4,25.8,1161,12,445,430,159,74,5,67,93,16,10,58,91,27,0,3,6,5,5,0,49,22/23
703456,Renan Lenz,22.12.03_Paulistano,4,21.2,688,3,303,218,108,27,0,33,70,11,2,23,67,12,0,13,10,3,3,0,56,22/23
700115,Shaquille Johnson,22.12.03_Paulistano,4,20.7,569,4,218,184,113,18,0,34,47,11,4,35,46,14,0,10,1,2,3,1,32,22/23
685024,Wesley de Castro,22.12.03_Paulistano,4,29.3,822,4,342,336,72,22,17,44,73,14,6,34,74,19,0,10,4,2,7,2,59,22/23
709501,Yuri Neptune,22.12.03_Paulistano,4,6.5,153,0,129,2,0,0,0,10,34,0,0,12,34,0,0,4,0,0,0,0,4,22/23
692169,Alexandre Paranhos,22.12.08_Rio Claro,1,22.6,846,6,267,393,122,34,0,46,75,17,4,39,70,23,0,3,1,1,8,1,40,22/23
697157,Alexei Patrício,22.12.08_Rio Claro,1,26.0,558,5,162,198,118,33,26,30,44,12,4,30,49,14,0,2,1,0,4,0,21,22/23
703092,Alexey Borges,22.12.08_Rio Claro,1,26.1,1190,17,296,405,296,144,21,56,67,24,8,41,68,31,0,0,1,2,1,10,61,22/23
708457,Felipe Vezaro,22.12.08_Rio Claro,1,24.4,1029,5,273,456,213,52,3,63,66,20,3,45,62,30,0,2,2,1,8,0,44,22/23
709286,Isaac Hamilton,22.12.08_Rio Claro,1,21.5,788,9,169,317,231,54,0,35,40,17,4,24,36,23,0,4,1,1,2,3,33,22/23
703222,João Prado,22.12.08_Rio Claro,1,5.8,43,0,28,0,0,0,0,10,12,0,0,4,17,0,0,3,0,0,0,0,3,22/23
709202,Leandro Moura,22.12.08_Rio Claro,1,7.0,43,0,32,3,0,0,0,0,17,0,0,2,16,0,0,10,0,0,0,0,11,22/23
703456,Renan Lenz,22.12.08_Rio Claro,1,26.1,1171,15,319,416,242,138,25,52,77,35,4,37,88,32,0,1,2,2,6,2,44,22/23
700115,Shaquille Johnson,22.12.08_Rio Claro,1,26.1,848,1,254,381,176,7,10,48,48,20,3,25,57,22,0,4,1,3,6,0,38,22/23
685024,Wesley de Castro,22.12.08_Rio Claro,1,21.2,636,2,210,276,116,12,0,31,52,13,3,37,53,14,0,1,1,1,5,0,26,22/23
709501,Yuri Neptune,22.12.08_Rio Claro,1,9.8,95,0,69,9,0,0,0,7,31,2,0,9,33,2,0,2,0,0,0,0,2,22/23
692169,Alexandre Paranhos,22.12.08_Rio Claro,2,21.0,969,5,347,445,109,24,0,43,84,27,2,38,93,29,0,2,2,1,5,6,62,22/23
697157,Alexei Patrício,22.12.08_Rio Claro,2,26.5,614,11,186,198,122,66,20,19,51,13,6,21,45,21,0,11,3,2,4,2,47,22/23
703092,Alexey Borges,22.12.08_Rio Claro,2,27.9,1167,17,335,394,272,80,30,59,85,28,12,73,75,34,1,0,8,3,3,8,76,22/23
708457,Felipe Vezaro,22.12.08_Rio Claro,2,19.5,996,5,298,366,268,17,0,56,78,27,4,67,88,21,0,4,2,3,8,0,49,22/23
709286,Isaac Hamilton,22.12.08_Rio Claro,2,26.2,693,7,190,280,139,54,17,23,35,10,3,19,33,13,0,6,2,1,2,2,30,22/23
703222,João Prado,22.12.08_Rio Claro,2,7.0,56,0,37,2,0,0,0,10,18,0,0,10,19,0,0,2,0,0,0,0,2,22/23
709202,Leandro Moura,22.12.08_Rio Claro,2,27.0,801,14,234,249,129,121,35,38,63,19,7,29,66,23,1,5,4,3,2,0,32,22/23
703456,Renan Lenz,22.12.08_Rio Claro,2,26.5,643,5,244,216,82,50,11,41,70,11,3,32,76,11,0,4,5,3,3,0,36,22/23
700115,Shaquille Johnson,22.12.08_Rio Claro,2,23.8,976,10,405,293,171,71,0,51,64,19,5,45,71,21,0,9,3,2,7,1,51,22/23
685024,Wesley de Castro,22.12.08_Rio Claro,2,26.0,1291,11,435,553,183,66,8,60,104,26,5,61,105,28,0,4,3,4,10,0,64,22/23
709501,Yuri Neptune,22.12.08_Rio Claro,2,7.5,87,0,59,9,0,0,0,3,34,3,0,12,32,1,0,1,0,0,0,0,1,22/23
692169,Alexandre Paranhos,22.12.08_Rio Claro,3,21.7,943,3,268,477,135,24,0,52,89,22,4,47,91,25,0,2,2,2,8,2,51,22/23
697157,Alexei Patrício,22.12.08_Rio Claro,3,25.8,599,4,176,241,115,34,6,35,49,10,4,27,51,18,0,11,1,0,4,0,32,22/23
703092,Alexey Borges,22.12.08_Rio Claro,3,26.1,1188,15,277,399,292,130,56,51,67,22,13,43,58,36,1,2,3,2,3,8,64,22/23
708457,Felipe Vezaro,22.12.08_Rio Claro,3,22.9,1396,9,410,640,255,53,0,87,76,26,9,77,75,34,0,0,2,5,10,0,61,22/23
709286,Isaac Hamilton,22.12.08_Rio Claro,3,26.3,547,3,177,259,44,18,28,34,35,7,2,20,35,10,0,2,1,1,1,2,23,22/23
703222,João Prado,22.12.08_Rio Claro,3,6.8,71,0,47,1,0,0,0,14,18,1,0,10,22,0,0,1,0,0,0,0,1,22/23
709202,Leandro Moura,22.12.08_Rio Claro,3,21.1,198,3,92,54,28,11,0,12,26,3,0,11,23,5,0,10,1,1,0,0,16,22/23
703456,Renan Lenz,22.12.08_Rio Claro,3,26.2,1275,13,382,514,223,71,39,49,97,37,8,45,100,35,0,2,2,2,5,2,40,22/23
700115,Shaquille Johnson,22.12.08_Rio Claro,3,23.8,925,5,307,398,143,41,0,46,69,24,3,48,63,23,0,3,2,2,7,2,49,22/23
685024,Wesley de Castro,22.12.08_Rio Claro,3,15.1,327,0,121,141,48,0,0,19,29,11,0,20,33,6,0,5,1,2,0,0,14,22/23
709501,Yuri Neptune,22.12.08_Rio Claro,3,20.8,268,3,112,97,27,13,0,11,37,5,1,14,38,5,0,0,1,0,1,0,6,22/23
692169,Alexandre Paranhos,22.12.08_Rio Claro,4,5.3,30,0,18,0,0,0,0,7,14,0,0,6,16,0,0,0,0,0,0,0,0,22/23
697157,Alexei Patrício,22.12.08_Rio Claro,4,26.2,1112,11,359,439,177,72,35,54,61,21,10,57,59,24,1,8,2,2,10,1,67,22/23
703092,Alexey Borges,22.12.08_Rio Claro,4,7.0,36,0,20,2,0,0,0,6,13,0,0,8,9,1,0,17,1,0,0,0,18,22/23
708457,Felipe Vezaro,22.12.08_Rio Claro,4,5.0,31,0,15,0,0,0,0,12,20,0,0,11,20,0,0,3,0,0,0,0,3,22/23
709286,Isaac Hamilton,22.12.08_Rio Claro,4,20.1,250,1,133,80,18,5,0,15,28,5,0,14,24,7,0,4,1,1,0,1,13,22/23
703222,João Prado,22.12.08_Rio Claro,4,23.7,1240,6,501,458,174,30,0,65,113,31,6,89,115,27,0,1,2,3,10,5,81,22/23
709202,Leandro Moura,22.12.08_Rio Claro,4,27.1,1949,27,528,781,341,169,76,98,123,42,15,100,123,51,0,0,3,8,12,0,79,22/23
703456,Renan Lenz,22.12.08_Rio Claro,4,7.7,54,0,36,6,0,0,0,4,24,1,0,5,23,0,0,21,1,0,0,0,24,22/23
700115,Shaquille Johnson,22.12.08_Rio Claro,4,5.0,19,0,13,0,0,0,0,0,9,0,0,2,7,0,0,0,0,0,0,0,0,22/23
685024,Wesley de Castro,22.12.08_Rio Claro,4,25.6,1533,3,589,660,190,25,8,85,126,38,5,69,123,48,0,1,3,4,15,1,83,22/23
709501,Yuri Neptune,22.12.08_Rio Claro,4,26.5,1888,15,535,755,406,97,42,89,123,46,12,92,134,47,1,0,0,3,4,17,108,22/23
692169,Alexandre Paranhos,22.12.19_Corinthians,1,26.0,698,5,265,224,130,36,9,35,62,12,3,36,47,21,0,2,1,2,4,1,29,22/23
697157,Alexei Patrício,22.12.19_Corinthians,1,26.8,239,3,71,86,41,14,9,16,25,10,2,14,32,7,0,9,0,0,1,0,15,22/23
703092,Alexey Borges,22.12.19_Corinthians,1,26.2,1506,21,369,528,394,144,28,61,82,36,12,70,66,48,1,0,0,3,4,11,80,22/23
708457,Felipe Vezaro,22.12.19_Corinthians,1,21.6,1106,8,287,463,284,38,0,54,69,30,6,48,75,34,0,6,2,2,7,2,51,22/23
709286,Isaac Hamilton,22.12.19_Corinthians,1,27.5,776,11,233,207,145,97,66,28,50,10,7,23,43,23,0,6,4,2,2,3,43,22/23
703222,João Prado,22.12.19_Corinthians,1,6.2,37,0,22,2,0,0,0,9,16,0,0,7,18,0,0,6,0,0,0,0,6,22/23
703456,Renan Lenz,22.12.19_Corinthians,1,26.7,1270,13,387,547,178,91,26,53,99,29,5,43,98,30,1,0,1,4,8,6,72,22/23
700115,Shaquille Johnson,22.12.19_Corinthians,1,26.0,1226,18,348,500,225,100,13,71,72,33,11,46,91,34,0,1,3,5,5,1,46,22/23
685024,Wesley de Castro,22.12.19_Corinthians,1,26.0,944,10,281,422,137,56,9,53,73,35,2,54,73,33,1,4,2,3,8,0,50,22/23
709501,Yuri Neptune,22.12.19_Corinthians,1,6.3,86,0,63,4,0,0,0,2,41,0,0,5,40,0,0,3,0,0,0,0,3,22/23
692169,Alexandre Paranhos,22.12.19_Corinthians,2,24.0,690,7,269,254,105,27,0,40,55,12,7,44,55,20,0,3,1,3,6,1,40,22/23
697157,Alexei Patrício,22.12.19_Corinthians,2,25.1,812,6,287,331,140,20,2,41,74,21,2,46,67,20,0,10,2,3,7,0,52,22/23
703092,Alexey Borges,22.12.19_Corinthians,2,26.1,1117,16,318,387,217,129,24,56,61,21,11,52,56,31,0,0,8,4,3,8,76,22/23
708457,Felipe Vezaro,22.12.19_Corinthians,2,23.1,1682,11,560,592,403,66,0,83,114,41,9,74,103,45,0,0,2,5,14,2,83,22/23
709286,Isaac Hamilton,22.12.19_Corinthians,2,29.8,563,6,149,213,106,54,20,28,40,8,4,20,39,11,2,14,3,1,2,3,42,22/23
703222,João Prado,22.12.19_Corinthians,2,4.8,51,0,36,0,0,0,0,5,23,0,0,4,24,0,0,1,0,0,0,0,1,22/23
703456,Renan Lenz,22.12.19_Corinthians,2,25.4,1057,13,357,382,172,100,6,50,98,25,2,32,108,22,0,0,8,3,8,3,72,22/23
700115,Shaquille Johnson,22.12.19_Corinthians,2,26.6,1235,14,451,446,186,80,22,76,87,17,6,56,85,30,1,6,3,4,8,2,65,22/23
685024,Wesley de Castro,22.12.19_Corinthians,2,26.1,1401,11,500,551,198,75,13,65,119,40,11,66,111,56,0,0,3,5,13,1,79,22/23
709501,Yuri Neptune,22.12.19_Corinthians,2,6.6,106,0,80,4,0,0,0,2,48,0,0,6,47,0,0,0,0,0,0,0,0,22/23
692169,Alexandre Paranhos,22.12.19_Corinthians,3,26.0,646,4,199,275,88,32,20,31,54,12,3,33,49,18,0,2,1,2,5,0,29,22/23
697157,Alexei Patrício,22.12.19_Corinthians,3,23.5,464,5,164,170,86,25,0,22,39,4,4,26,29,8,1,8,2,1,1,0,22,22/23
703092,Alexey Borges,22.12.19_Corinthians,3,27.8,1381,19,341,509,282,136,64,68,68,31,12,56,76,35,0,1,4,3,3,11,84,22/23
708457,Felipe Vezaro,22.12.19_Corinthians,3,23.4,1233,12,382,436,290,75,0,72,99,17,8,59,85,35,0,5,4,4,8,0,57,22/23
709286,Isaac Hamilton,22.12.19_Corinthians,3,29.7,972,14,303,355,157,73,52,46,58,18,10,40,48,29,3,10,1,3,2,5,53,22/23
703222,João Prado,22.12.19_Corinthians,3,5.0,56,0,40,0,0,0,0,12,15,0,0,9,18,0,0,2,0,0,0,0,2,22/23
703456,Renan Lenz,22.12.19_Corinthians,3,26.2,1544,12,536,623,229,72,33,64,114,30,4,56,112,35,0,0,4,4,11,3,78,22/23
700115,Shaquille Johnson,22.12.19_Corinthians,3,26.1,1159,10,349,464,221,74,8,61,83,22,9,48,90,33,0,3,2,6,6,2,56,22/23
685024,Wesley de Castro,22.12.19_Corinthians,3,26.3,800,5,297,308,83,33,39,48,67,18,3,34,69,18,0,6,3,1,8,0,50,22/23
709501,Yuri Neptune,22.12.19_Corinthians,3,7.2,80,0,58,4,0,0,0,5,35,1,0,11,31,0,0,0,0,0,0,0,0,22/23
692169,Alexandre Paranhos,22.12.19_Corinthians,4,26.2,1240,9,383,533,195,52,20,64,118,28,7,58,120,34,0,1,1,1,5,8,67,22/23
697157,Alexei Patrício,22.12.19_Corinthians,4,26.1,1541,19,382,676,309,105,30,72,99,29,10,55,86,43,0,0,0,1,11,4,68,22/23
703092,Alexey Borges,22.12.19_Corinthians,4,4.9,25,0,19,0,0,0,0,6,1,0,0,5,3,0,0,11,0,0,0,0,12,22/23
708457,Felipe Vezaro,22.12.19_Corinthians,4,26.0,841,9,261,310,179,46,11,45,63,18,4,45,52,23,0,4,2,3,5,0,39,22/23
709286,Isaac Hamilton,22.12.19_Corinthians,4,28.5,1775,27,410,703,355,161,116,67,75,34,20,44,80,57,1,0,1,1,2,14,78,22/23
703222,João Prado,22.12.19_Corinthians,4,22.0,599,4,187,245,115,25,0,37,44,16,3,29,45,15,0,1,1,1,2,3,29,22/23
703456,Renan Lenz,22.12.19_Corinthians,4,5.5,14,0,9,0,0,0,0,0,11,0,0,2,9,0,0,14,2,0,0,0,18,22/23
700115,Shaquille Johnson,22.12.19_Corinthians,4,4.8,10,0,4,0,0,0,0,4,6,0,0,5,6,0,0,1,0,0,0,0,1,22/23
685024,Wesley de Castro,22.12.19_Corinthians,4,25.2,746,6,257,297,130,27,6,31,59,21,4,34,66,20,0,2,2,4,5,1,42,22/23
709501,Yuri Neptune,22.12.19_Corinthians,4,26.0,730,3,153,358,158,24,13,26,62,20,1,33,70,16,0,1,0,1,2,4,29,22/23
692169,Alexandre Paranhos,22.12.21_Pato Basquete,1,26.0,531,4,161,227,87,26,9,24,45,15,2,26,45,15,1,1,1,1,2,1,17,22/23
697157,Alexei Patrício,22.12.21_Pato Basquete,1,22.9,613,6,193,257,100,36,0,31,50,13,4,37,43,16,0,8,2,1,1,0,22,22/23
703092,Alexey Borges,22.12.21_Pato Basquete,1,26.3,1072,14,218,415,284,112,23,33,55,23,9,29,56,31,0,1,4,2,2,7,57,22/23
708457,Felipe Vezaro,22.12.21_Pato Basquete,1,21.5,1090,7,250,504,256,43,0,61,80,29,4,55,78,30,0,2,3,2,8,2,54,22/23
709286,Isaac Hamilton,22.12.21_Pato Basquete,1,26.3,588,4,141,250,117,30,31,24,30,17,5,17,43,13,1,5,1,0,2,3,30,22/23
703222,João Prado,22.12.21_Pato Basquete,1,5.6,58,0,39,0,0,0,0,8,27,0,0,13,24,0,0,8,0,0,0,0,8,22/23
703456,Renan Lenz,22.12.21_Pato Basquete,1,24.2,1219,11,300,540,256,80,1,49,95,24,5,55,92,32,0,0,2,5,5,3,52,22/23
700115,Shaquille Johnson,22.12.21_Pato Basquete,1,24.1,914,8,268,370,194,54,1,49,57,15,6,30,57,22,0,2,1,4,3,0,28,22/23
685024,Wesley de Castro,22.12.21_Pato Basquete,1,25.4,950,3,271,430,185,22,5,45,82,22,5,41,81,21,0,3,1,3,8,1,50,22/23
709501,Yuri Neptune,22.12.21_Pato Basquete,1,6.1,81,0,59,0,0,0,0,8,36,0,0,14,32,0,0,4,0,0,0,0,4,22/23
692169,Alexandre Paranhos,22.12.21_Pato Basquete,2,26.2,1308,7,437,562,182,48,27,62,92,33,8,62,103,29,1,4,3,4,4,4,58,22/23
697157,Alexei Patrício,22.12.21_Pato Basquete,2,27.4,637,4,230,243,92,26,21,30,47,7,4,28,46,8,0,13,3,3,2,0,38,22/23
703092,Alexey Borges,22.12.21_Pato Basquete,2,26.3,1224,18,351,394,262,130,39,57,81,22,12,65,63,33,1,2,8,3,6,5,72,22/23
708457,Felipe Vezaro,22.12.21_Pato Basquete,2,23.7,754,4,263,283,124,52,0,35,57,20,3,40,65,13,0,12,2,2,5,0,42,22/23
709286,Isaac Hamilton,22.12.21_Pato Basquete,2,24.5,152,2,40,31,60,9,5,5,12,2,1,6,11,3,0,0,0,1,1,0,6,22/23
703222,João Prado,22.12.21_Pato Basquete,2,5.0,96,0,64,0,0,0,0,14,32,0,0,23,23,0,0,1,0,0,0,0,1,22/23
703456,Renan Lenz,22.12.21_Pato Basquete,2,22.4,1052,9,402,369,157,84,0,51,88,24,3,38,83,28,0,2,8,4,6,1,62,22/23
700115,Shaquille Johnson,22.12.21_Pato Basquete,2,24.8,1667,19,553,616,321,108,12,71,111,36,11,66,99,57,0,3,5,4,9,3,73,22/23
685024,Wesley de Castro,22.12.21_Pato Basquete,2,22.8,804,6,305,315,111,40,0,31,76,20,4,39,67,26,0,6,2,4,4,0,42,22/23
709501,Yuri Neptune,22.12.21_Pato Basquete,2,6.9,126,0,98,1,0,0,0,6,57,1,0,9,56,0,0,2,0,0,0,0,2,22/23
692169,Alexandre Paranhos,22.12.21_Pato Basquete,3,24.1,585,3,189,252,85,26,2,38,52,12,2,35,54,13,0,2,3,3,2,0,21,22/23
697157,Alexei Patrício,22.12.21_Pato Basquete,3,23.8,704,6,223,306,110,36,0,32,54,15,5,46,51,13,2,9,5,3,3,1,41,22/23
703092,Alexey Borges,22.12.21_Pato Basquete,3,26.2,988,15,231,392,228,83,29,41,62,18,13,34,49,35,1,5,4,2,3,7,64,22/23
708457,Felipe Vezaro,22.12.21_Pato Basquete,3,19.1,941,4,274,422,208,13,0,66,59,14,3,54,57,19,0,4,3,4,5,0,44,22/23
709286,Isaac Hamilton,22.12.21_Pato Basquete,3,23.3,164,2,56,49,29,21,0,10,13,3,1,11,12,4,0,0,0,1,3,3,30,22/23
703222,João Prado,22.12.21_Pato Basquete,3,8.8,59,0,44,4,0,0,0,5,17,0,0,8,15,0,0,1,0,0,0,0,1,22/23
703456,Renan Lenz,22.12.21_Pato Basquete,3,25.0,1369,10,457,559,214,89,6,58,103,28,6,56,113,29,0,0,3,7,9,2,69,22/23
700115,Shaquille Johnson,22.12.21_Pato Basquete,3,24.3,1337,11,435,514,248,83,2,78,97,25,6,60,104,26,0,2,4,4,7,0,50,22/23
685024,Wesley de Castro,22.12.21_Pato Basquete,3,26.0,842,2,233,372,184,7,11,36,65,23,8,33,70,19,0,4,2,4,6,1,47,22/23
709501,Yuri Neptune,22.12.21_Pato Basquete,3,8.0,93,0,64,9,0,0,0,5,38,2,0,7,41,0,0,0,0,0,0,0,0,22/23
692169,Alexandre Paranhos,22.12.21_Pato Basquete,4,24.2,1114,6,426,438,135,45,3,66,116,18,3,80,103,22,0,4,5,5,5,2,58,22/23
697157,Alexei Patrício,22.12.21_Pato Basquete,4,7.6,79,0,52,5,0,0,0,13,24,1,0,18,20,0,0,20,1,0,0,0,21,22/23
703092,Alexey Borges,22.12.21_Pato Basquete,4,26.8,1291,19,422,388,247,130,46,64,88,27,15,63,80,40,0,4,4,4,5,6,68,22/23
708457,Felipe Vezaro,22.12.21_Pato Basquete,4,26.1,1615,15,515,628,281,105,25,90,107,40,8,91,118,31,0,2,4,5,5,5,70,22/23
709286,Isaac Hamilton,22.12.21_Pato Basquete,4,26.2,616,5,222,256,73,22,26,23,36,16,2,17,34,18,0,1,2,2,2,2,26,22/23
703222,João Prado,22.12.21_Pato Basquete,4,11.8,82,0,56,9,0,0,0,6,22,0,1,12,17,1,0,1,0,0,0,0,1,22/23
703456,Renan Lenz,22.12.21_Pato Basquete,4,26.3,389,1,139,149,68,8,5,18,47,8,1,18,45,9,0,13,7,1,3,0,40,22/23
700115,Shaquille Johnson,22.12.21_Pato Basquete,4,25.3,903,7,364,347,121,27,2,55,61,21,9,39,72,24,0,3,2,2,5,0,35,22/23
685024,Wesley de Castro,22.12.21_Pato Basquete,4,26.9,1401,7,536,560,166,46,29,68,115,30,9,73,115,32,1,2,3,7,10,1,77,22/23
709501,Yuri Neptune,22.12.21_Pato Basquete,4,11.2,120,0,85,10,0,0,0,8,43,1,1,6,47,0,0,0,0,0,0,0,0,22/23
692169,Alexandre Paranhos,22.12.27_São Paulo,1,23.0,722,6,275,285,83,40,0,40,70,13,5,33,76,19,0,3,2,2,5,0,35,22/23
697157,Alexei Patrício,22.12.27_São Paulo,1,19.9,624,3,211,273,97,11,0,50,55,7,1,41,49,12,0,9,1,3,3,0,35,22/23
703092,Alexey Borges,22.12.27_São Paulo,1,26.0,1272,19,343,481,297,87,16,68,78,25,15,74,78,35,0,1,7,2,3,7,69,22/23
699682,Breno Leoterio,22.12.27_São Paulo,1,6.2,75,0,57,1,0,0,0,4,30,1,0,9,29,0,0,7,0,0,0,0,7,22/23
686753,Daniel Duque,22.12.27_São Paulo,1,7.0,54,0,37,3,0,0,0,3,24,2,0,7,24,0,0,14,1,0,0,0,16,22/23
708457,Felipe Vezaro,22.12.27_São Paulo,1,23.7,1031,15,275,409,203,105,0,53,66,23,6,59,66,24,0,6,1,2,8,1,51,22/23
709286,Isaac Hamilton,22.12.27_São Paulo,1,25.3,777,6,315,248,141,38,4,30,56,17,3,35,52,18,0,7,3,2,2,1,33,22/23
703222,João Prado,22.12.27_São Paulo,1,5.3,42,0,27,0,0,0,0,10,19,0,0,10,19,0,0,2,0,0,0,0,2,22/23
709501,Yuri Neptune,22.12.27_São Paulo,1,7.4,91,0,67,1,0,0,0,7,43,2,0,5,48,0,0,9,0,0,0,0,9,22/23
700115,Shaquille Johnson,22.12.27_São Paulo,1,22.1,1099,6,385,422,206,37,0,62,82,22,6,43,88,24,0,5,2,5,6,2,59,22/23
703456,Renan Lenz,22.12.27_São Paulo,1,26.0,1468,13,500,499,300,100,11,67,114,29,6,53,100,45,0,0,2,6,10,4,80,22/23
685024,Wesley de Castro,22.12.27_São Paulo,1,26.2,976,6,300,454,134,28,22,54,81,22,5,45,85,24,0,5,2,5,6,1,51,22/23
692169,Alexandre Paranhos,22.12.27_São Paulo,2,24.2,719,8,271,209,145,57,2,31,63,17,3,39,59,14,1,5,3,3,4,1,41,22/23
697157,Alexei Patrício,22.12.27_São Paulo,2,19.8,395,2,168,111,67,18,0,20,46,6,1,24,44,5,0,17,1,2,2,0,34,22/23
703092,Alexey Borges,22.12.27_São Paulo,2,26.1,1556,16,461,577,321,106,24,75,108,31,10,97,106,33,0,2,6,7,6,8,96,22/23
699682,Breno Leoterio,22.12.27_São Paulo,2,6.3,105,0,80,1,0,0,0,10,39,0,0,8,43,0,0,0,0,0,0,0,0,22/23
686753,Daniel Duque,22.12.27_São Paulo,2,5.7,63,0,44,0,0,0,0,7,29,0,0,8,31,0,0,11,1,0,0,0,15,22/23
708457,Felipe Vezaro,22.12.27_São Paulo,2,18.1,202,1,80,65,27,1,0,24,32,5,1,20,43,3,0,5,0,1,0,0,10,22/23
709286,Isaac Hamilton,22.12.27_São Paulo,2,28.5,1883,23,527,665,404,165,73,72,113,30,11,55,102,40,1,3,7,5,5,4,74,22/23
703222,João Prado,22.12.27_São Paulo,2,8.6,119,0,83,8,0,0,0,13,30,1,0,19,25,1,0,0,0,0,0,0,0,22/23
709501,Yuri Neptune,22.12.27_São Paulo,2,5.9,86,0,55,0,0,0,0,11,52,0,0,13,50,0,0,1,0,0,0,0,1,22/23
700115,Shaquille Johnson,22.12.27_São Paulo,2,25.4,1428,11,520,501,289,48,8,79,110,27,12,65,104,34,0,1,8,7,9,4,89,22/23
703456,Renan Lenz,22.12.27_São Paulo,2,26.0,1493,18,519,546,210,127,30,64,121,32,7,43,131,30,0,0,6,9,11,2,93,22/23
685024,Wesley de Castro,22.12.27_São Paulo,2,26.0,1222,8,443,445,198,65,14,66,97,31,8,60,96,35,0,6,6,5,9,3,80,22/23
692169,Alexandre Paranhos,22.12.27_São Paulo,3,24.7,444,2,171,157,61,22,2,29,46,12,1,37,49,8,0,3,0,1,4,0,20,22/23
697157,Alexei Patrício,22.12.27_São Paulo,3,25.9,351,4,133,97,73,20,4,19,33,8,1,35,26,6,1,8,2,2,1,0,21,22/23
703092,Alexey Borges,22.12.27_São Paulo,3,26.1,1362,19,316,538,312,128,26,61,81,24,12,54,82,32,1,0,4,4,3,10,80,22/23
699682,Breno Leoterio,22.12.27_São Paulo,3,7.6,122,0,82,14,0,0,0,13,37,1,0,12,38,0,0,1,0,0,0,0,1,22/23
686753,Daniel Duque,22.12.27_São Paulo,3,7.2,102,0,72,15,0,0,0,5,37,0,0,7,35,0,0,6,2,0,0,0,10,22/23
708457,Felipe Vezaro,22.12.27_São Paulo,3,25.3,456,2,158,139,100,17,6,27,52,12,3,39,45,11,0,1,0,2,2,0,15,22/23
709286,Isaac Hamilton,22.12.27_São Paulo,3,26.7,1165,10,316,460,237,87,33,48,83,17,4,42,73,25,1,5,5,3,4,4,59,22/23
703222,João Prado,22.12.27_São Paulo,3,9.0,112,0,75,12,0,0,0,19,26,0,0,16,30,0,0,2,0,0,0,0,3,22/23
709501,Yuri Neptune,22.12.27_São Paulo,3,8.8,128,0,87,18,0,0,0,8,41,3,0,10,44,0,0,1,1,0,0,0,3,22/23
700115,Shaquille Johnson,22.12.27_São Paulo,3,25.3,1305,14,438,458,252,98,7,74,92,33,5,63,88,34,0,2,4,6,8,1,65,22/23
703456,Renan Lenz,22.12.27_São Paulo,3,25.7,1513,17,480,551,293,124,21,78,90,33,7,48,106,36,0,0,1,5,10,4,81,22/23
685024,Wesley de Castro,22.12.27_São Paulo,3,27.0,956,5,332,384,125,39,35,34,72,24,10,49,75,26,1,7,3,2,9,0,56,22/23
692169,Alexandre Paranhos,22.12.27_São Paulo,4,21.9,416,1,114,214,56,4,0,25,37,20,3,30,49,12,1,2,1,1,3,2,29,22/23
697157,Alexei Patrício,22.12.27_São Paulo,4,19.4,208,1,92,68,23,3,0,15,21,3,1,24,17,2,0,8,1,0,0,0,10,22/23
703092,Alexey Borges,22.12.27_São Paulo,4,26.0,1530,22,427,581,301,117,44,68,108,39,9,87,85,43,0,0,3,6,6,10,96,22/23
699682,Breno Leoterio,22.12.27_São Paulo,4,4.8,43,0,29,0,0,0,0,9,13,0,0,8,14,0,0,0,0,0,0,0,0,22/23
686753,Daniel Duque,22.12.27_São Paulo,4,5.8,20,0,14,0,0,0,0,5,8,0,0,3,12,0,0,5,0,0,0,0,5,22/23
708457,Felipe Vezaro,22.12.27_São Paulo,4,24.0,1225,9,373,486,254,56,0,68,90,34,4,70,101,28,0,7,5,6,6,0,59,22/23
709286,Isaac Hamilton,22.12.27_São Paulo,4,26.6,1866,15,642,740,296,99,37,76,129,32,8,79,116,37,0,1,6,6,7,6,86,22/23
703222,João Prado,22.12.27_São Paulo,4,18.5,152,1,74,53,7,2,0,13,22,2,0,14,22,2,0,0,1,0,0,0,3,22/23
709501,Yuri Neptune,22.12.27_São Paulo,4,5.6,67,0,46,0,0,0,0,10,34,0,0,13,33,0,0,0,0,0,0,0,0,22/23
700115,Shaquille Johnson,22.12.27_São Paulo,4,23.3,823,7,347,257,109,61,0,53,75,14,4,54,76,16,0,4,5,4,4,0,39,22/23
703456,Renan Lenz,22.12.27_São Paulo,4,25.9,1160,9,460,409,160,74,14,46,87,18,5,40,87,21,1,5,7,4,8,1,67,22/23
685024,Wesley de Castro,22.12.27_São Paulo,4,20.3,833,1,311,360,122,3,0,47,79,16,4,40,82,16,0,5,3,4,7,1,51,22/23
692169,Alexandre Paranhos,23.01.06_Unifacisa,1,24.4,510,3,144,218,85,31,3,27,49,7,4,33,43,14,0,0,1,1,4,0,20,22/23
697157,Alexei Patrício,23.01.06_Unifacisa,1,26.9,1517,14,397,695,277,79,29,75,100,31,9,63,100,32,0,0,0,2,9,6,73,22/23
699682,Breno Leoterio,23.01.06_Unifacisa,1,6.7,64,0,49,1,0,0,0,3,24,1,0,5,23,0,0,4,1,1,1,0,12,22/23
686753,Daniel Duque,23.01.06_Unifacisa,1,8.8,71,0,51,5,0,0,0,6,25,2,0,10,27,0,0,12,2,0,0,0,17,22/23
708457,Felipe Vezaro,23.01.06_Unifacisa,1,24.6,1493,11,411,666,307,61,3,86,86,29,5,61,88,31,0,0,1,3,11,3,68,22/23
709286,Isaac Hamilton,23.01.06_Unifacisa,1,27.8,660,7,167,219,181,47,29,27,37,9,4,16,33,17,0,8,3,2,2,1,34,22/23
703222,João Prado,23.01.06_Unifacisa,1,20.5,115,1,61,26,6,4,0,13,16,1,2,11,20,2,0,9,8,0,0,0,27,22/23
703456,Renan Lenz,23.01.06_Unifacisa,1,24.0,1206,10,386,454,248,78,1,56,77,35,1,45,88,32,2,1,2,4,6,1,47,22/23
700115,Shaquille Johnson,23.01.06_Unifacisa,1,26.0,940,5,281,428,169,22,8,44,60,21,3,40,57,30,0,6,1,4,4,2,44,22/23
636588,Victor Gaede,23.01.06_Unifacisa,1,5.6,33,0,18,0,0,0,0,7,21,0,0,11,17,0,0,12,5,0,0,0,22,22/23
685024,Wesley de Castro,23.01.06_Unifacisa,1,25.1,1145,6,365,528,149,46,9,72,91,28,9,63,91,37,0,2,2,3,11,0,57,22/23
709501,Yuri Neptune,23.01.06_Unifacisa,1,18.6,144,1,69,43,9,5,0,11,37,1,0,13,32,2,0,3,1,0,0,0,5,22/23
692169,Alexandre Paranhos,23.01.06_Unifacisa,2,26.0,1250,9,445,526,121,75,23,65,93,44,10,59,103,39,0,4,4,5,5,4,67,22/23
697157,Alexei Patrício,23.01.06_Unifacisa,2,19.8,572,3,196,262,69,15,0,40,53,7,3,45,48,10,0,8,11,1,3,0,47,22/23
699682,Breno Leoterio,23.01.06_Unifacisa,2,6.3,83,0,63,1,0,0,0,11,26,0,0,13,24,0,0,5,4,2,1,0,25,22/23
686753,Daniel Duque,23.01.06_Unifacisa,2,6.8,57,0,40,2,0,0,0,5,27,0,0,9,25,0,0,6,0,0,0,0,6,22/23
708457,Felipe Vezaro,23.01.06_Unifacisa,2,21.3,1230,7,436,515,207,27,0,78,90,20,2,78,81,23,0,8,4,4,7,0,59,22/23
709286,Isaac Hamilton,23.01.06_Unifacisa,2,27.5,1540,24,432,545,253,178,89,66,92,27,16,48,88,46,1,1,5,3,4,6,67,22/23
703222,João Prado,23.01.06_Unifacisa,2,26.1,557,5,279,122,63,40,16,20,63,6,3,26,51,9,0,10,6,1,1,4,51,22/23
703456,Renan Lenz,23.01.06_Unifacisa,2,26.1,785,6,305,292,89,43,26,34,66,10,4,25,66,16,0,3,12,4,4,0,58,22/23
700115,Shaquille Johnson,23.01.06_Unifacisa,2,27.2,1654,17,607,595,256,113,24,100,95,40,12,60,115,41,1,1,5,3,9,6,86,22/23
636588,Victor Gaede,23.01.06_Unifacisa,2,4.9,48,0,24,0,0,0,0,13,22,0,0,17,19,0,0,21,0,0,0,0,22,22/23
685024,Wesley de Castro,23.01.06_Unifacisa,2,26.0,939,5,344,364,125,34,19,49,92,22,7,54,100,17,0,7,3,2,9,1,59,22/23
709501,Yuri Neptune,23.01.06_Unifacisa,2,7.1,119,0,87,4,0,0,0,8,47,0,0,12,43,1,0,1,0,0,0,0,2,22/23
692169,Alexandre Paranhos,23.01.06_Unifacisa,3,22.8,464,4,160,181,67,34,0,24,44,10,1,19,43,12,0,2,1,1,3,0,19,22/23
697157,Alexei Patrício,23.01.06_Unifacisa,3,26.0,1304,14,388,496,273,93,14,62,89,16,13,60,82,32,0,2,5,1,6,7,75,22/23
699682,Breno Leoterio,23.01.06_Unifacisa,3,6.5,42,0,25,2,0,0,0,3,24,1,0,7,23,1,0,1,0,0,0,0,1,22/23
686753,Daniel Duque,23.01.06_Unifacisa,3,6.0,41,0,30,0,0,0,0,8,17,0,0,8,18,0,0,5,1,0,0,0,7,22/23
708457,Felipe Vezaro,23.01.06_Unifacisa,3,24.6,1397,13,450,539,276,78,5,79,94,33,6,74,104,29,0,3,3,5,9,1,65,22/23
709286,Isaac Hamilton,23.01.06_Unifacisa,3,26.4,771,8,217,303,144,58,26,27,45,15,5,26,42,16,1,8,4,3,2,0,37,22/23
703222,João Prado,23.01.06_Unifacisa,3,8.3,85,0,53,8,0,0,0,14,26,0,0,16,27,0,0,18,3,0,0,0,24,22/23
703456,Renan Lenz,23.01.06_Unifacisa,3,27.5,1161,13,387,433,177,91,30,59,97,21,10,50,94,34,0,2,6,4,8,2,65,22/23
700115,Shaquille Johnson,23.01.06_Unifacisa,3,24.0,1509,18,539,545,268,99,1,68,106,32,11,56,103,44,0,1,3,4,7,7,80,22/23
636588,Victor Gaede,23.01.06_Unifacisa,3,4.9,41,0,23,0,0,0,0,9,28,0,0,12,25,0,0,9,2,0,0,0,15,22/23
685024,Wesley de Castro,23.01.06_Unifacisa,3,26.0,1353,9,420,518,286,61,11,66,111,32,11,70,98,43,0,1,4,3,9,4,75,22/23
709501,Yuri Neptune,23.01.06_Unifacisa,3,8.2,112,0,78,8,0,0,0,9,45,2,0,14,50,0,0,5,0,0,0,0,7,22/23
692169,Alexandre Paranhos,23.01.06_Unifacisa,4,19.4,490,3,150,224,82,9,0,33,45,17,1,27,55,9,0,1,0,1,3,1,24,22/23
697157,Alexei Patrício,23.01.06_Unifacisa,4,23.9,825,5,303,336,112,32,0,47,78,9,7,40,81,19,0,15,11,2,2,4,68,22/23
699682,Breno Leoterio,23.01.06_Unifacisa,4,6.8,114,0,86,6,0,0,0,13,34,0,0,16,31,0,0,6,5,4,2,2,45,22/23
686753,Daniel Duque,23.01.06_Unifacisa,4,10.1,125,0,103,6,0,0,0,5,31,1,0,9,30,1,0,4,0,0,0,0,5,22/23
708457,Felipe Vezaro,23.01.06_Unifacisa,4,27.9,1608,10,594,604,242,68,24,92,131,28,8,96,116,34,1,11,6,5,8,1,78,22/23
709286,Isaac Hamilton,23.01.06_Unifacisa,4,27.3,2311,33,805,762,351,189,141,79,132,40,17,64,127,52,5,0,7,10,6,8,107,22/23
703222,João Prado,23.01.06_Unifacisa,4,6.9,119,0,79,5,0,0,0,20,31,3,0,26,31,0,0,18,2,0,0,0,23,22/23
703456,Renan Lenz,23.01.06_Unifacisa,4,27.2,1870,12,744,662,243,84,68,81,136,33,10,84,137,41,1,2,11,7,11,3,101,22/23
700115,Shaquille Johnson,23.01.06_Unifacisa,4,26.0,1327,10,569,411,214,59,17,63,94,31,4,60,104,24,0,12,7,4,6,3,75,22/23
636588,Victor Gaede,23.01.06_Unifacisa,4,5.8,65,0,42,0,0,0,0,9,28,0,0,15,24,0,0,8,0,0,0,0,8,22/23
685024,Wesley de Castro,23.01.06_Unifacisa,4,26.0,1236,11,479,445,197,42,9,56,116,30,10,66,114,34,0,10,9,5,8,2,82,22/23
709501,Yuri Neptune,23.01.06_Unifacisa,4,10.4,89,0,55,9,0,0,0,8,41,2,1,13,44,0,0,2,0,0,0,0,5,22/23
692169,Alexandre Paranhos,23.01.10_Bauru,1,21.1,527,3,146,272,67,24,0,26,36,18,1,24,48,12,0,2,1,1,3,0,23,22/23
697157,Alexei Patrício,23.01.10_Bauru,1,25.1,761,12,183,330,181,41,5,39,46,22,6,35,35,30,0,10,1,1,2,4,43,22/23
699682,Breno Leoterio,23.01.10_Bauru,1,6.5,36,0,28,1,0,0,0,3,14,0,0,3,13,0,0,1,0,0,0,0,1,22/23
686753,Daniel Duque,23.01.10_Bauru,1,6.5,36,0,28,1,0,0,0,3,14,0,0,3,13,0,0,1,0,0,0,0,1,22/23
708457,Felipe Vezaro,23.01.10_Bauru,1,22.4,1492,14,444,641,294,62,0,82,90,25,10,89,87,33,0,1,4,5,8,1,61,22/23
709286,Isaac Hamilton,23.01.10_Bauru,1,26.1,595,4,180,229,117,36,11,28,32,18,3,21,41,12,0,9,4,2,2,2,40,22/23
703222,João Prado,23.01.10_Bauru,1,23.1,596,2,294,192,60,18,0,30,49,14,2,36,53,10,0,6,3,3,4,1,41,22/23
703456,Renan Lenz,23.01.10_Bauru,1,26.0,1237,10,366,572,163,79,18,69,76,31,3,44,92,29,0,3,3,7,7,0,56,22/23
700115,Shaquille Johnson,23.01.10_Bauru,1,26.0,1135,10,445,411,163,52,17,66,77,26,7,62,86,29,0,4,2,6,6,1,56,22/23
636588,Victor Gaede,23.01.10_Bauru,1,4.1,10,0,4,0,0,0,0,4,7,0,0,4,7,0,0,3,0,0,0,0,3,22/23
685024,Wesley de Castro,23.01.10_Bauru,1,26.0,1184,6,401,525,159,30,23,58,101,29,7,51,109,30,0,3,3,5,6,2,55,22/23
709501,Yuri Neptune,23.01.10_Bauru,1,6.0,62,0,45,0,0,0,0,7,31,0,0,9,31,0,0,7,0,0,0,0,7,22/23
692169,Alexandre Paranhos,23.01.10_Bauru,2,21.0,1343,6,515,558,157,44,0,74,111,40,3,82,108,38,0,4,3,5,8,7,90,22/23
697157,Alexei Patrício,23.01.10_Bauru,2,22.5,845,10,287,328,145,53,0,35,65,15,5,34,69,18,0,14,4,2,3,3,55,22/23
699682,Breno Leoterio,23.01.10_Bauru,2,6.5,105,0,81,2,0,0,0,6,43,0,0,7,41,0,0,1,0,0,0,0,1,22/23
686753,Daniel Duque,23.01.10_Bauru,2,6.5,105,0,81,2,0,0,0,6,43,0,0,7,41,0,0,1,0,0,0,0,1,22/23
708457,Felipe Vezaro,23.01.10_Bauru,2,22.6,1343,10,470,554,210,54,0,78,104,26,2,70,89,32,0,7,4,6,8,0,64,22/23
709286,Isaac Hamilton,23.01.10_Bauru,2,22.6,426,4,130,179,71,29,0,15,33,10,2,22,32,12,0,19,2,1,1,2,40,22/23
703222,João Prado,23.01.10_Bauru,2,23.5,815,2,405,259,82,11,0,47,78,17,4,59,79,16,0,11,4,5,2,1,51,22/23
703456,Renan Lenz,23.01.10_Bauru,2,25.2,819,4,387,282,57,40,7,41,87,17,2,47,80,15,1,11,8,5,2,0,51,22/23
700115,Shaquille Johnson,23.01.10_Bauru,2,24.5,1367,7,591,472,190,50,2,72,121,19,6,72,108,25,0,6,5,6,7,3,76,22/23
636588,Victor Gaede,23.01.10_Bauru,2,5.3,76,0,48,0,0,0,0,14,44,0,0,11,48,0,0,7,0,0,0,0,7,22/23
685024,Wesley de Castro,23.01.10_Bauru,2,22.8,766,4,274,325,106,27,0,40,57,23,4,45,68,19,0,11,2,2,6,2,56,22/23
709501,Yuri Neptune,23.01.10_Bauru,2,18.8,275,1,160,57,19,7,0,18,62,3,0,15,65,3,0,4,1,0,0,0,10,22/23
692169,Alexandre Paranhos,23.01.10_Bauru,3,25.9,830,5,279,313,136,48,6,43,84,21,7,43,85,29,0,3,1,2,8,2,55,22/23
697157,Alexei Patrício,23.01.10_Bauru,3,23.2,474,2,156,167,90,34,0,21,42,12,2,25,36,12,0,8,1,2,2,0,24,22/23
699682,Breno Leoterio,23.01.10_Bauru,3,5.7,54,0,39,0,0,0,0,6,25,0,0,7,23,0,0,0,0,0,0,0,0,22/23
686753,Daniel Duque,23.01.10_Bauru,3,5.7,54,0,39,0,0,0,0,6,25,0,0,7,23,0,0,0,0,0,0,0,0,22/23
708457,Felipe Vezaro,23.01.10_Bauru,3,23.6,1513,9,531,589,256,77,0,86,100,30,4,90,92,29,0,1,4,8,7,0,62,22/23
709286,Isaac Hamilton,23.01.10_Bauru,3,25.6,576,6,143,256,122,30,10,26,36,13,5,21,38,16,1,10,1,1,2,2,35,22/23
703222,João Prado,23.01.10_Bauru,3,26.0,1084,4,472,415,100,26,8,68,109,23,5,57,99,26,1,1,5,3,3,6,63,22/23
703456,Renan Lenz,23.01.10_Bauru,3,26.7,1558,15,460,645,245,118,38,76,123,31,5,67,116,37,0,1,4,6,10,1,68,22/23
700115,Shaquille Johnson,23.01.10_Bauru,3,26.1,960,8,329,391,164,35,6,54,62,24,7,38,80,25,0,4,2,3,8,1,52,22/23
636588,Victor Gaede,23.01.10_Bauru,3,5.4,38,0,22,0,0,0,0,14,20,0,0,14,20,0,0,3,0,0,0,0,3,22/23
685024,Wesley de Castro,23.01.10_Bauru,3,17.8,447,0,172,186,62,0,0,30,57,9,3,28,52,16,0,5,1,2,3,0,26,22/23
709501,Yuri Neptune,23.01.10_Bauru,3,7.1,106,0,71,6,0,0,0,8,46,3,0,11,51,0,0,4,0,0,0,0,4,22/23
692169,Alexandre Paranhos,23.01.10_Bauru,4,6.9,39,0,24,2,0,0,0,4,18,0,0,9,14,0,0,1,0,0,0,0,1,22/23
697157,Alexei Patrício,23.01.10_Bauru,4,26.0,959,10,282,388,160,81,14,59,61,18,6,52,63,18,0,11,4,2,5,5,68,22/23
699682,Breno Leoterio,23.01.10_Bauru,4,7.7,81,0,62,3,0,0,0,6,28,0,0,5,30,0,0,0,0,0,0,0,0,22/23
686753,Daniel Duque,23.01.10_Bauru,4,7.7,81,0,62,3,0,0,0,6,28,0,0,5,30,0,0,0,0,0,0,0,0,22/23
708457,Felipe Vezaro,23.01.10_Bauru,4,25.9,1184,5,421,459,204,31,8,85,97,18,4,79,85,25,0,9,4,5,3,2,56,22/23
709286,Isaac Hamilton,23.01.10_Bauru,4,26.6,1907,22,652,639,380,135,40,73,122,26,20,60,118,44,1,0,2,7,7,10,105,22/23
703222,João Prado,23.01.10_Bauru,4,21.5,310,1,148,87,45,5,0,15,36,6,2,26,29,6,0,19,5,1,1,1,39,22/23
703456,Renan Lenz,23.01.10_Bauru,4,26.0,1813,17,648,670,300,127,6,72,134,41,8,70,134,42,0,1,8,5,12,1,84,22/23
700115,Shaquille Johnson,23.01.10_Bauru,4,23.1,1014,9,436,302,183,43,0,50,82,21,7,40,89,26,0,6,3,3,7,1,52,22/23
636588,Victor Gaede,23.01.10_Bauru,4,6.6,67,0,45,2,0,0,0,14,24,1,0,17,22,0,0,2,0,0,0,0,2,22/23
685024,Wesley de Castro,23.01.10_Bauru,4,26.2,1638,9,646,644,219,47,16,67,115,40,11,68,115,43,0,1,5,5,12,4,93,22/23
709501,Yuri Neptune,23.01.10_Bauru,4,7.0,87,0,62,3,0,0,0,10,36,0,0,9,36,1,0,1,0,0,0,0,1,22/23
692169,Alexandre Paranhos,23.01.12_Pinheiros,1,24.2,1262,7,389,577,143,54,6,61,81,18,3,76,66,21,0,2,1,3,10,5,75,22/23
697157,Alexei Patrício,23.01.12_Pinheiros,1,25.5,953,15,199,380,194,108,13,45,46,13,5,39,41,16,0,9,1,1,6,3,54,22/23
703092,Alexey Borges,23.01.12_Pinheiros,1,25.9,826,12,269,226,194,64,12,45,34,14,5,44,27,21,0,8,3,1,3,5,54,22/23
686753,Daniel Duque,23.01.12_Pinheiros,1,5.0,43,0,22,0,0,0,0,7,14,0,0,13,11,0,0,5,0,0,0,0,5,22/23
711729,Eden Ewing,23.01.12_Pinheiros,1,22.1,297,2,75,91,60,28,0,19,22,6,0,23,20,4,0,4,1,0,2,1,18,22/23
708457,Felipe Vezaro,23.01.12_Pinheiros,1,26.0,1504,8,474,527,313,69,17,76,66,21,3,57,61,27,0,1,4,4,11,0,64,22/23
709286,Isaac Hamilton,23.01.12_Pinheiros,1,27.1,1051,13,295,396,170,109,34,41,29,15,9,35,46,17,1,8,2,2,3,4,52,22/23
703222,João Prado,23.01.12_Pinheiros,1,6.0,53,0,22,0,0,0,0,14,17,1,0,18,14,0,0,7,0,0,0,0,7,22/23
703456,Renan Lenz,23.01.12_Pinheiros,1,24.4,862,8,237,328,179,50,6,46,48,8,1,46,40,13,0,9,2,2,8,0,49,22/23
700115,Shaquille Johnson,23.01.12_Pinheiros,1,19.7,696,1,382,217,34,5,0,59,25,4,1,51,30,5,0,2,2,2,4,0,28,22/23
685024,Wesley de Castro,23.01.12_Pinheiros,1,26.0,591,4,208,242,43,26,5,37,41,7,2,32,42,8,0,3,1,4,4,0,32,22/23
709501,Yuri Neptune,23.01.12_Pinheiros,1,7.6,91,0,38,9,0,0,0,18,23,2,0,13,28,1,0,4,0,0,0,0,4,22/23
692169,Alexandre Paranhos,23.01.12_Pinheiros,2,26.0,1202,6,461,431,136,36,7,68,76,15,3,72,78,17,0,8,4,3,7,5,78,22/23
697157,Alexei Patrício,23.01.12_Pinheiros,2,25.0,1987,17,626,723,339,155,12,105,89,27,9,100,88,31,0,0,8,4,15,5,108,22/23
703092,Alexey Borges,23.01.12_Pinheiros,2,5.9,70,0,42,0,0,0,0,18,6,0,0,19,3,0,0,22,2,0,0,0,26,22/23
686753,Daniel Duque,23.01.12_Pinheiros,2,5.9,56,0,30,0,0,0,0,13,13,0,0,17,13,0,0,3,0,0,0,0,3,22/23
711729,Eden Ewing,23.01.12_Pinheiros,2,26.1,556,5,125,228,100,29,21,32,41,7,1,36,35,9,0,14,1,1,2,4,46,22/23
708457,Felipe Vezaro,23.01.12_Pinheiros,2,22.3,1478,9,541,513,259,50,0,89,76,18,3,89,72,19,0,5,4,8,8,1,75,22/23
709286,Isaac Hamilton,23.01.12_Pinheiros,2,26.1,1013,13,289,314,215,117,18,41,44,12,5,34,31,20,0,14,5,3,4,1,55,22/23
703222,João Prado,23.01.12_Pinheiros,2,7.0,84,0,57,3,0,0,0,13,11,0,0,14,11,0,0,1,0,0,0,0,1,22/23
703456,Renan Lenz,23.01.12_Pinheiros,2,24.1,676,3,289,217,48,32,5,48,45,5,2,49,49,5,0,16,8,3,3,1,57,22/23
700115,Shaquille Johnson,23.01.12_Pinheiros,2,24.8,1202,5,516,410,140,32,5,69,59,11,2,74,59,11,0,8,3,6,8,2,73,22/23
685024,Wesley de Castro,23.01.12_Pinheiros,2,26.3,1041,4,329,437,141,33,13,63,55,14,1,67,58,16,0,6,5,5,5,1,58,22/23
709501,Yuri Neptune,23.01.12_Pinheiros,2,6.6,81,0,43,2,0,0,0,23,20,0,0,17,25,0,0,1,0,0,0,0,1,22/23
692169,Alexandre Paranhos,23.01.12_Pinheiros,3,23.4,1040,4,345,439,141,42,0,50,61,15,1,44,48,23,0,3,1,1,3,7,52,22/23
697157,Alexei Patrício,23.01.12_Pinheiros,3,23.8,1177,11,273,485,262,102,0,44,62,9,4,41,58,19,0,5,2,3,7,3,61,22/23
703092,Alexey Borges,23.01.12_Pinheiros,3,24.4,690,9,187,247,149,42,11,43,30,10,5,37,28,16,0,5,2,1,3,4,44,22/23
686753,Daniel Duque,23.01.12_Pinheiros,3,6.4,61,0,38,1,0,0,0,12,7,2,0,16,11,0,0,2,0,0,0,0,2,22/23
711729,Eden Ewing,23.01.12_Pinheiros,3,7.1,78,0,49,1,0,0,0,15,17,0,0,19,15,0,0,8,1,0,0,0,10,22/23
708457,Felipe Vezaro,23.01.12_Pinheiros,3,24.5,1449,7,373,667,253,62,7,70,66,17,3,80,59,21,0,1,3,5,10,1,67,22/23
709286,Isaac Hamilton,23.01.12_Pinheiros,3,24.3,408,3,163,140,43,22,6,27,21,6,1,28,20,4,0,8,2,1,0,0,18,22/23
703222,João Prado,23.01.12_Pinheiros,3,8.7,87,0,49,5,0,0,0,23,7,1,0,17,16,0,0,2,0,0,0,0,2,22/23
703456,Renan Lenz,23.01.12_Pinheiros,3,25.8,1590,13,516,577,289,110,7,84,65,18,3,78,58,29,0,0,2,5,8,5,75,22/23
700115,Shaquille Johnson,23.01.12_Pinheiros,3,19.6,1098,5,373,460,170,35,0,70,53,5,1,50,47,20,0,4,3,4,3,2,47,22/23
685024,Wesley de Castro,23.01.12_Pinheiros,3,26.3,386,1,131,160,38,11,7,37,22,5,2,35,27,2,0,3,1,2,2,0,20,22/23
709501,Yuri Neptune,23.01.12_Pinheiros,3,8.3,78,0,39,15,0,0,0,13,13,0,0,10,16,0,0,1,0,0,0,0,1,22/23
692169,Alexandre Paranhos,23.01.12_Pinheiros,4,8.2,54,0,27,2,0,0,0,12,13,0,0,15,11,0,0,4,1,1,1,0,14,22/23
697157,Alexei Patrício,23.01.12_Pinheiros,4,23.3,785,12,252,250,137,83,0,42,33,15,2,40,39,15,0,8,4,2,5,2,51,22/23
703092,Alexey Borges,23.01.12_Pinheiros,4,26.2,1148,11,342,359,258,85,34,49,50,11,6,63,35,19,0,0,7,4,2,9,75,22/23
686753,Daniel Duque,23.01.12_Pinheiros,4,11.6,94,0,48,13,0,0,0,17,19,1,0,21,16,0,0,3,0,0,0,0,4,22/23
711729,Eden Ewing,23.01.12_Pinheiros,4,11.2,135,0,77,28,0,0,0,13,17,2,0,21,20,0,0,6,1,0,0,0,9,22/23
708457,Felipe Vezaro,23.01.12_Pinheiros,4,23.0,1349,6,414,546,245,60,0,81,61,14,1,74,54,17,0,3,4,6,8,0,61,22/23
709286,Isaac Hamilton,23.01.12_Pinheiros,4,6.3,26,0,17,1,0,0,0,2,4,1,0,5,4,0,0,3,1,0,0,0,5,22/23
703222,João Prado,23.01.12_Pinheiros,4,11.7,150,0,101,15,0,0,0,17,15,0,0,23,12,0,0,2,1,0,0,0,4,22/23
703456,Renan Lenz,23.01.12_Pinheiros,4,24.4,1388,10,456,542,206,82,6,62,83,16,2,61,72,22,0,0,3,5,11,2,75,22/23
700115,Shaquille Johnson,23.01.12_Pinheiros,4,25.9,1328,10,576,434,147,77,7,61,61,11,4,54,64,17,0,2,4,3,7,5,72,22/23
685024,Wesley de Castro,23.01.12_Pinheiros,4,27.4,1257,7,416,522,152,50,23,66,78,13,6,63,72,23,1,1,3,3,6,5,63,22/23
709501,Yuri Neptune,23.01.12_Pinheiros,4,10.1,140,0,59,34,0,0,0,19,25,0,0,27,27,0,0,1,1,0,0,0,4,22/23
692169,Alexandre Paranhos,23.01.30_São José,1,22.8,793,4,261,349,117,31,0,52,65,26,3,34,89,20,0,3,1,1,5,3,45,22/23
697157,Alexei Patrício,23.01.30_São José,1,3.9,18,0,10,0,0,0,0,4,11,0,0,4,11,0,0,10,0,0,0,0,10,22/23
703092,Alexey Borges,23.01.30_São José,1,27.7,1130,21,278,384,259,167,14,54,60,19,13,40,63,30,1,0,4,3,3,7,60,22/23
711729,Eden Ewing,23.01.30_São José,1,26.1,645,6,208,267,117,19,6,30,63,10,7,26,58,20,0,4,1,2,3,3,37,22/23
708457,Felipe Vezaro,23.01.30_São José,1,22.7,960,9,222,423,229,53,0,67,67,14,5,49,61,26,0,3,5,3,4,2,49,22/23
709286,Isaac Hamilton,23.01.30_São José,1,26.6,808,6,257,257,192,51,25,30,56,19,3,31,57,17,0,2,5,2,2,1,32,22/23
708797,Lucas Faggiano,23.01.30_São José,1,23.9,633,6,258,186,99,54,0,30,58,17,7,45,52,16,1,6,1,2,2,3,38,22/23
703456,Renan Lenz,23.01.30_São José,1,26.1,925,9,266,371,155,86,19,38,81,27,2,39,82,27,0,0,5,2,6,4,59,22/23
700115,Shaquille Johnson,23.01.30_São José,1,26.0,1130,4,394,459,209,20,11,46,82,24,9,49,83,34,0,3,2,3,7,3,57,22/23
685024,Wesley de Castro,23.01.30_São José,1,20.6,484,2,87,259,112,11,0,25,39,15,3,25,38,16,0,7,1,1,4,0,29,22/23
709501,Yuri Neptune,23.01.30_São José,1,11.7,86,0,47,20,0,0,0,6,35,1,1,9,35,1,0,6,1,0,0,0,9,22/23
692169,Alexandre Paranhos,23.01.30_São José,2,22.6,265,2,66,137,29,16,0,15,27,7,2,21,27,8,0,8,1,0,2,1,22,22/23
697157,Alexei Patrício,23.01.30_São José,2,5.6,72,0,53,0,0,0,0,8,27,0,0,14,21,0,0,1,0,0,0,0,1,22/23
703092,Alexey Borges,23.01.30_São José,2,26.0,959,7,243,437,204,37,9,45,60,24,6,37,66,22,1,3,10,3,1,7,75,22/23
711729,Eden Ewing,23.01.30_São José,2,5.3,49,0,37,0,0,0,0,2,22,0,0,5,19,0,0,12,0,0,0,0,12,22/23
708457,Felipe Vezaro,23.01.30_São José,2,26.6,1115,10,406,412,170,53,8,68,107,22,6,78,81,33,1,8,3,4,4,3,56,22/23
709286,Isaac Hamilton,23.01.30_São José,2,26.3,800,5,240,333,145,39,19,33,53,13,4,39,48,20,0,3,7,5,4,2,54,22/23
708797,Lucas Faggiano,23.01.30_São José,2,26.3,815,5,334,272,113,49,11,42,69,19,4,48,71,14,0,8,5,2,4,4,59,22/23
703456,Renan Lenz,23.01.30_São José,2,26.3,1439,7,402,696,228,60,6,59,97,30,6,58,112,30,0,0,5,7,8,5,86,22/23
700115,Shaquille Johnson,23.01.30_São José,2,26.0,1287,6,481,511,200,41,10,63,89,27,1,46,92,29,0,5,4,5,7,2,63,22/23
685024,Wesley de Castro,23.01.30_São José,2,26.5,1394,5,498,578,195,26,44,82,108,25,13,65,118,31,0,0,3,6,14,2,89,22/23
709501,Yuri Neptune,23.01.30_São José,2,8.4,77,0,49,6,0,0,0,7,43,0,0,10,42,0,0,1,1,0,0,0,3,22/23
692169,Alexandre Paranhos,23.01.30_São José,3,24.6,727,5,236,328,82,32,3,44,67,18,4,41,77,16,1,2,1,3,6,0,37,22/23
697157,Alexei Patrício,23.01.30_São José,3,20.6,185,1,87,62,13,3,0,16,31,2,1,22,26,3,0,3,0,1,0,0,6,22/23
703092,Alexey Borges,23.01.30_São José,3,26.1,1172,15,317,428,266,93,29,48,74,25,11,64,57,36,1,1,6,3,3,9,77,22/23
711729,Eden Ewing,23.01.30_São José,3,23.7,609,1,213,268,79,15,0,32,69,13,2,34,75,9,0,7,1,1,3,1,32,22/23
708457,Felipe Vezaro,23.01.30_São José,3,25.3,1208,13,328,450,266,111,11,55,90,29,8,49,81,29,0,4,6,3,4,2,51,22/23
709286,Isaac Hamilton,23.01.30_São José,3,25.5,955,10,352,351,127,74,18,43,54,16,6,28,55,23,0,6,4,2,2,1,36,22/23
708797,Lucas Faggiano,23.01.30_São José,3,22.8,578,4,257,194,64,29,0,39,51,9,2,37,44,11,0,10,4,2,3,1,41,22/23
703456,Renan Lenz,23.01.30_São José,3,26.1,1118,10,378,446,152,88,23,50,93,14,6,44,82,27,0,0,8,2,6,5,72,22/23
700115,Shaquille Johnson,23.01.30_São José,3,23.3,1280,13,475,415,252,86,0,53,96,23,5,44,86,37,0,4,4,4,8,1,58,22/23
685024,Wesley de Castro,23.01.30_São José,3,20.3,745,3,259,352,92,12,0,42,68,19,3,36,65,23,1,9,3,2,7,0,50,22/23
709501,Yuri Neptune,23.01.30_São José,3,10.8,119,0,60,33,0,0,0,4,50,6,0,3,55,2,0,2,1,0,0,0,4,22/23
692169,Alexandre Paranhos,23.01.30_São José,4,24.6,613,2,233,214,93,33,4,33,62,14,5,32,70,13,0,5,2,4,4,1,40,22/23
697157,Alexei Patrício,23.01.30_São José,4,6.3,109,0,82,2,0,0,0,10,41,0,0,16,39,0,0,3,0,0,0,0,3,22/23
703092,Alexey Borges,23.01.30_São José,4,26.5,1618,24,467,573,321,170,22,79,96,36,13,91,86,47,0,0,6,4,4,14,108,22/23
711729,Eden Ewing,23.01.30_São José,4,26.3,454,2,185,152,44,12,15,33,73,4,2,33,71,7,0,11,3,3,1,1,32,22/23
708457,Felipe Vezaro,23.01.30_São José,4,6.7,86,0,52,2,0,0,0,16,38,1,0,22,36,0,0,23,0,0,0,0,24,22/23
709286,Isaac Hamilton,23.01.30_São José,4,28.3,1967,19,666,744,334,112,61,78,119,32,13,62,119,40,1,1,4,8,5,7,88,22/23
708797,Lucas Faggiano,23.01.30_São José,4,26.1,342,4,151,98,34,22,8,29,44,6,1,29,37,7,0,4,2,1,1,1,21,22/23
703456,Renan Lenz,23.01.30_São José,4,26.1,1428,9,504,603,193,59,25,88,111,23,3,64,116,29,0,1,8,7,9,3,88,22/23
700115,Shaquille Johnson,23.01.30_São José,4,26.0,1637,16,686,489,262,94,30,92,118,32,10,81,126,32,2,7,6,6,7,1,69,22/23
685024,Wesley de Castro,23.01.30_São José,4,26.1,1017,3,372,458,120,15,11,54,75,32,7,54,97,22,0,11,2,3,9,1,65,22/23
709501,Yuri Neptune,23.01.30_São José,4,9.7,104,0,70,7,0,0,0,9,46,1,1,18,40,2,0,1,0,0,0,0,1,22/23
697157,Alexei Patrício,23.02.10_Caxias,1,5.6,26,0,19,0,0,0,0,3,12,0,0,3,13,0,0,12,0,0,0,0,12,22/23
703092,Alexey Borges,23.02.10_Caxias,1,26.2,1134,18,254,409,271,141,32,54,51,26,10,37,64,32,1,0,4,3,2,6,54,22/23
711729,Eden Ewing,23.02.10_Caxias,1,26.5,574,8,160,270,80,38,7,21,46,15,4,26,43,17,1,5,2,2,2,2,30,22/23
708457,Felipe Vezaro,23.02.10_Caxias,1,23.7,991,12,256,335,292,80,0,39,71,14,7,42,54,31,0,4,1,1,3,4,45,22/23
709286,Isaac Hamilton,23.02.10_Caxias,1,26.4,1633,22,416,553,424,168,36,58,95,28,10,57,73,38,3,0,0,1,4,10,72,22/23
708797,Lucas Faggiano,23.02.10_Caxias,1,26.3,614,6,201,238,98,44,8,31,54,13,3,36,42,19,0,2,2,1,3,2,30,22/23
703456,Renan Lenz,23.02.10_Caxias,1,26.6,1237,15,292,521,217,132,43,52,80,26,6,41,83,31,1,0,2,2,2,9,66,22/23
700115,Shaquille Johnson,23.02.10_Caxias,1,20.2,536,3,201,204,89,17,0,30,40,11,3,28,41,9,0,1,3,3,1,0,17,22/23
685024,Wesley de Castro,23.02.10_Caxias,1,26.1,1107,7,270,508,222,50,23,40,74,29,8,40,86,25,0,0,2,3,8,2,56,22/23
709501,Yuri Neptune,23.02.10_Caxias,1,12.0,54,0,30,9,0,0,0,3,28,0,1,3,29,0,0,2,2,5,2,1,31,22/23
697157,Alexei Patrício,23.02.10_Caxias,2,20.8,276,2,117,85,52,9,0,11,27,4,0,10,29,4,0,3,0,1,0,0,8,22/23
703092,Alexey Borges,23.02.10_Caxias,2,26.9,1639,16,552,561,323,108,33,74,101,37,11,83,86,42,1,0,2,7,6,10,100,22/23
711729,Eden Ewing,23.02.10_Caxias,2,22.1,1047,8,298,442,236,31,0,49,85,28,2,46,91,24,0,7,5,3,4,7,76,22/23
708457,Felipe Vezaro,23.02.10_Caxias,2,23.5,1205,11,404,415,253,78,0,60,87,21,9,67,82,33,0,5,3,5,6,2,59,22/23
709286,Isaac Hamilton,23.02.10_Caxias,2,27.7,1521,15,550,510,236,116,58,61,85,32,15,58,86,36,3,2,6,5,6,7,88,22/23
708797,Lucas Faggiano,23.02.10_Caxias,2,23.0,520,4,183,162,110,35,0,29,46,11,1,26,41,17,0,12,1,2,1,1,31,22/23
703456,Renan Lenz,23.02.10_Caxias,2,26.2,812,7,309,269,116,53,22,42,72,10,5,36,86,10,0,6,7,4,7,1,67,22/23
700115,Shaquille Johnson,23.02.10_Caxias,2,26.1,508,6,167,160,107,36,8,30,40,8,7,29,38,14,0,3,1,2,3,0,21,22/23
685024,Wesley de Castro,23.02.10_Caxias,2,26.0,1545,10,511,600,264,83,26,81,125,35,9,61,131,33,1,1,4,5,13,3,91,22/23
709501,Yuri Neptune,23.02.10_Caxias,2,5.9,66,0,51,0,0,0,0,2,30,0,0,9,26,0,0,2,1,0,0,0,5,22/23
697157,Alexei Patrício,23.02.10_Caxias,3,25.3,772,5,261,312,145,27,6,42,48,12,5,29,47,15,0,1,2,2,3,0,26,22/23
703092,Alexey Borges,23.02.10_Caxias,3,27.1,1187,17,259,467,252,132,25,52,69,29,11,65,66,33,0,2,4,3,4,6,66,22/23
711729,Eden Ewing,23.02.10_Caxias,3,26.0,838,4,310,319,145,22,6,39,75,20,6,44,68,27,0,6,2,1,4,6,63,22/23
708457,Felipe Vezaro,23.02.10_Caxias,3,26.0,1408,11,458,575,233,60,19,76,105,25,11,82,95,36,0,0,2,5,11,2,74,22/23
709286,Isaac Hamilton,23.02.10_Caxias,3,24.8,1137,10,433,415,203,39,4,46,82,26,7,45,83,31,0,5,2,3,8,1,57,22/23
708797,Lucas Faggiano,23.02.10_Caxias,3,21.2,455,2,204,177,37,9,0,31,48,9,5,31,51,9,0,8,2,2,1,0,25,22/23
703456,Renan Lenz,23.02.10_Caxias,3,0.0,0,0,0,0,0,0,0,0,0,0,0,0,0,0,0,18,0,0,0,0,18,22/23
700115,Shaquille Johnson,23.02.10_Caxias,3,22.3,779,1,352,268,114,8,0,50,66,17,4,42,74,14,0,2,3,3,3,0,29,22/23
685024,Wesley de Castro,23.02.10_Caxias,3,25.0,1173,6,443,443,197,36,5,70,84,33,6,53,73,41,0,1,3,5,11,0,67,22/23
709501,Yuri Neptune,23.02.10_Caxias,3,6.1,28,0,18,0,0,0,0,4,15,0,0,5,14,0,0,4,2,2,1,1,23,22/23
697157,Alexei Patrício,23.02.10_Caxias,4,26.2,655,9,201,212,126,62,31,36,41,12,4,23,47,11,2,8,1,3,4,0,38,22/23
703092,Alexey Borges,23.02.10_Caxias,4,26.2,690,8,171,262,153,41,20,41,35,16,12,51,42,20,0,10,3,2,3,3,50,22/23
711729,Eden Ewing,23.02.10_Caxias,4,25.9,1116,9,309,486,219,57,13,44,69,30,11,37,86,35,0,6,3,1,3,9,70,22/23
708457,Felipe Vezaro,23.02.10_Caxias,4,22.6,1135,8,355,508,189,41,0,62,72,27,6,69,74,28,0,2,1,3,7,4,66,22/23
709286,Isaac Hamilton,23.02.10_Caxias,4,26.3,1138,13,371,458,191,57,29,53,74,16,12,45,64,32,1,5,2,3,4,5,60,22/23
708797,Lucas Faggiano,23.02.10_Caxias,4,26.2,1542,10,477,645,251,62,38,109,111,34,15,79,133,43,0,2,5,5,3,3,54,22/23
703456,Renan Lenz,23.02.10_Caxias,4,2.2,0,0,0,0,0,0,0,1,0,0,0,1,0,0,0,1,1,1,1,1,13,22/23
700115,Shaquille Johnson,23.02.10_Caxias,4,21.4,521,4,185,228,59,27,0,32,49,10,0,26,39,14,0,2,1,1,2,2,28,22/23
685024,Wesley de Castro,23.02.10_Caxias,4,19.9,915,2,297,394,165,12,0,56,87,20,1,40,77,26,0,3,0,4,8,1,53,22/23
709501,Yuri Neptune,23.02.10_Caxias,4,21.4,507,2,188,197,69,29,0,29,54,7,1,21,51,12,0,4,3,1,2,1,27,22/23
692169,Alexandre Paranhos,23.02.12_União Corinthians,1,26.0,769,2,247,349,118,13,7,38,64,24,2,46,78,17,0,7,3,2,5,4,59,22/23
697157,Alexei Patrício,23.02.12_União Corinthians,1,26.1,341,2,111,142,40,11,14,24,33,6,0,21,33,5,0,15,2,1,2,0,30,22/23
703092,Alexey Borges,23.02.12_União Corinthians,1,25.7,1166,13,305,410,299,94,10,61,70,26,11,52,81,31,0,0,7,4,3,8,77,22/23
711729,Eden Ewing,23.02.12_União Corinthians,1,25.2,753,4,243,327,125,25,7,33,55,21,3,31,64,14,0,5,4,3,3,4,51,22/23
708457,Felipe Vezaro,23.02.12_União Corinthians,1,25.8,1445,12,531,509,271,65,6,95,110,26,5,85,116,29,0,0,1,5,11,5,83,22/23
709286,Isaac Hamilton,23.02.12_União Corinthians,1,26.3,1440,15,441,527,303,113,8,75,80,33,11,51,86,42,1,1,5,5,5,3,63,22/23
708797,Lucas Faggiano,23.02.12_União Corinthians,1,24.1,735,7,246,272,129,56,1,50,50,18,7,39,45,25,0,6,3,2,3,3,43,22/23
685024,Wesley de Castro,23.02.12_União Corinthians,1,26.1,1461,10,462,639,244,53,11,78,114,31,6,77,100,40,0,0,2,6,13,0,75,22/23
709501,Yuri Neptune,23.02.12_União Corinthians,1,6.2,54,0,39,1,0,0,0,4,26,1,0,4,28,0,0,7,0,0,0,0,8,22/23
692169,Alexandre Paranhos,23.02.12_União Corinthians,2,22.4,983,4,341,431,136,29,0,54,82,25,1,50,90,20,0,3,4,4,7,3,67,22/23
697157,Alexei Patrício,23.02.12_União Corinthians,2,6.0,131,0,114,0,0,0,0,10,23,0,0,11,21,0,0,16,0,0,0,0,17,22/23
703092,Alexey Borges,23.02.12_União Corinthians,2,26.1,1839,24,597,593,377,190,25,75,118,37,13,70,98,58,0,0,0,5,6,13,107,22/23
711729,Eden Ewing,23.02.12_União Corinthians,2,26.8,929,8,282,373,161,58,21,46,69,15,5,39,70,19,0,5,7,3,3,5,64,22/23
708457,Felipe Vezaro,23.02.12_União Corinthians,2,26.0,1328,9,477,486,235,61,7,81,101,24,6,84,95,25,0,0,7,6,7,5,84,22/23
709286,Isaac Hamilton,23.02.12_União Corinthians,2,27.5,1387,15,460,446,264,108,68,52,71,23,13,48,74,26,3,5,6,5,3,5,66,22/23
708797,Lucas Faggiano,23.02.12_União Corinthians,2,26.0,844,9,342,253,130,57,25,47,68,13,9,49,52,25,0,13,3,2,2,2,43,22/23
685024,Wesley de Castro,23.02.12_União Corinthians,2,26.0,1310,9,454,483,214,84,21,54,117,29,7,61,115,26,0,2,6,5,10,1,77,22/23
709501,Yuri Neptune,23.02.12_União Corinthians,2,7.0,138,0,112,6,0,0,0,10,26,1,0,5,30,1,0,1,0,0,0,0,1,22/23
692169,Alexandre Paranhos,23.02.12_União Corinthians,3,23.3,1411,4,518,664,138,32,0,68,125,31,7,62,120,37,0,6,4,4,11,5,91,22/23
697157,Alexei Patrício,23.02.12_União Corinthians,3,26.8,549,6,181,215,76,32,21,37,40,5,4,40,34,11,0,5,3,2,2,1,32,22/23
703092,Alexey Borges,23.02.12_União Corinthians,3,25.9,1519,24,428,502,349,150,21,69,101,33,18,73,100,43,0,0,6,9,3,11,106,22/23
711729,Eden Ewing,23.02.12_União Corinthians,3,24.5,1235,6,432,521,201,27,3,44,118,27,6,54,113,31,0,6,6,4,4,1,47,22/23
708457,Felipe Vezaro,23.02.12_União Corinthians,3,23.0,1923,9,680,797,295,69,0,123,137,29,2,118,118,39,0,1,5,7,14,2,100,22/23
709286,Isaac Hamilton,23.02.12_União Corinthians,3,26.9,1891,20,604,687,355,125,71,72,107,41,16,73,106,47,2,2,8,3,6,10,101,22/23
708797,Lucas Faggiano,23.02.12_União Corinthians,3,24.9,838,3,320,324,123,18,2,51,83,17,4,47,76,22,1,13,2,1,5,3,54,22/23
685024,Wesley de Castro,23.02.12_União Corinthians,3,27.4,1117,10,377,441,163,49,44,58,84,28,9,48,95,28,2,12,3,3,9,0,63,22/23
709501,Yuri Neptune,23.02.12_União Corinthians,3,7.2,68,0,50,4,0,0,0,5,25,3,0,6,28,0,0,2,1,0,0,0,5,22/23
692169,Alexandre Paranhos,23.02.12_União Corinthians,4,21.3,1142,2,544,447,62,8,0,81,119,25,3,83,142,9,0,8,4,6,7,7,99,22/23
697157,Alexei Patrício,23.02.12_União Corinthians,4,21.1,261,1,169,37,11,4,0,24,46,3,1,27,41,4,0,26,3,2,1,0,39,22/23
703092,Alexey Borges,23.02.12_União Corinthians,4,25.9,1528,15,622,439,258,98,12,98,119,29,11,113,123,25,1,2,9,9,6,11,125,22/23
711729,Eden Ewing,23.02.12_União Corinthians,4,14.9,341,0,226,76,14,0,0,16,51,3,1,17,57,2,0,6,7,3,1,1,39,22/23
708457,Felipe Vezaro,23.02.12_União Corinthians,4,22.0,1254,6,582,464,104,30,0,74,119,16,5,95,96,16,0,14,8,5,6,3,84,22/23
709286,Isaac Hamilton,23.02.12_União Corinthians,4,24.0,1544,6,748,520,142,41,0,84,128,27,4,75,150,22,0,2,9,7,5,4,82,22/23
708797,Lucas Faggiano,23.02.12_União Corinthians,4,6.7,129,0,110,5,0,0,0,7,16,1,0,10,15,0,0,2,0,0,0,0,3,22/23
685024,Wesley de Castro,23.02.12_União Corinthians,4,23.1,1289,6,603,487,97,24,0,77,126,32,4,77,132,28,0,5,10,8,10,1,93,22/23
709501,Yuri Neptune,23.02.12_União Corinthians,4,7.7,232,0,192,6,0,0,0,12,49,3,0,18,47,0,0,2,2,1,1,1,21,22/23
692169,Alexandre Paranhos,23.02.15_Cerrado,1,25.9,1028,5,322,473,147,40,12,62,64,28,3,50,74,29,0,3,3,1,7,1,47,22/23
697157,Alexei Patrício,23.02.15_Cerrado,1,24.9,490,5,125,158,122,54,7,22,49,8,5,21,46,14,0,5,1,3,4,0,33,22/23
703092,Alexey Borges,23.02.15_Cerrado,1,26.3,1469,26,301,508,395,182,47,55,64,34,13,53,71,42,0,0,2,3,2,9,63,22/23
699682,Breno Leoterio,23.02.15_Cerrado,1,5.7,55,0,39,0,0,0,0,4,29,0,0,8,27,0,0,2,0,0,0,0,2,22/23
686753,Daniel Duque,23.02.15_Cerrado,1,6.8,64,0,47,4,0,0,0,4,27,1,0,3,29,0,0,6,2,2,1,1,23,22/23
711729,Eden Ewing,23.02.15_Cerrado,1,26.0,797,9,203,333,158,60,16,28,63,10,8,21,71,17,0,3,1,1,1,2,20,22/23
708457,Felipe Vezaro,23.02.15_Cerrado,1,24.4,1178,11,264,455,311,114,3,64,65,18,11,48,61,34,0,1,2,4,4,3,48,22/23
709286,Isaac Hamilton,23.02.15_Cerrado,1,26.6,1178,17,255,343,349,146,58,41,60,21,7,35,57,26,0,3,2,2,4,4,51,22/23
703222,João Prado,23.02.15_Cerrado,1,5.6,53,0,33,0,0,0,0,10,26,0,0,7,31,0,0,14,2,0,0,0,18,22/23
708797,Lucas Faggiano,23.02.15_Cerrado,1,25.9,757,16,178,254,202,88,10,25,60,16,10,28,57,23,1,1,1,0,3,4,33,22/23
685024,Wesley de Castro,23.02.15_Cerrado,1,26.5,1061,12,255,442,211,85,36,48,72,25,6,39,69,29,2,1,2,4,7,1,49,22/23
709501,Yuri Neptune,23.02.15_Cerrado,1,10.5,120,0,83,11,0,0,0,10,49,1,0,11,51,0,0,10,2,1,0,1,21,22/23
692169,Alexandre Paranhos,23.02.15_Cerrado,2,24.2,1236,8,422,537,171,60,2,51,86,33,4,66,83,30,0,3,3,2,8,3,66,22/23
697157,Alexei Patrício,23.02.15_Cerrado,2,25.8,521,3,160,171,123,37,8,18,51,9,3,19,48,15,0,15,1,1,3,1,33,22/23
703092,Alexey Borges,23.02.15_Cerrado,2,26.1,1135,15,364,347,266,116,14,45,59,21,8,45,51,28,0,1,6,4,3,6,68,22/23
699682,Breno Leoterio,23.02.15_Cerrado,2,6.4,105,0,88,1,0,0,0,8,23,1,0,9,25,0,0,0,0,0,0,0,0,22/23
686753,Daniel Duque,23.02.15_Cerrado,2,5.9,96,0,80,0,0,0,0,4,18,0,0,6,16,0,0,4,1,1,1,1,16,22/23
711729,Eden Ewing,23.02.15_Cerrado,2,25.9,994,4,348,462,124,22,6,50,75,17,4,49,83,14,1,5,3,2,1,1,24,22/23
708457,Felipe Vezaro,23.02.15_Cerrado,2,24.3,1110,10,344,428,237,55,4,53,80,21,9,56,77,26,0,4,5,4,2,2,44,22/23
709286,Isaac Hamilton,23.02.15_Cerrado,2,27.6,1250,12,334,445,269,95,80,51,59,20,9,31,68,23,3,10,1,1,5,4,56,22/23
703222,João Prado,23.02.15_Cerrado,2,5.7,119,0,96,0,0,0,0,12,24,0,0,18,19,0,0,17,0,0,0,0,17,22/23
708797,Lucas Faggiano,23.02.15_Cerrado,2,25.9,1348,14,409,448,318,118,12,51,92,30,14,51,98,40,0,3,4,3,6,5,70,22/23
685024,Wesley de Castro,23.02.15_Cerrado,2,25.3,831,6,300,301,139,47,13,32,69,20,2,32,58,22,0,5,6,3,4,1,45,22/23
709501,Yuri Neptune,23.02.15_Cerrado,2,18.2,373,1,174,108,64,2,0,15,57,7,0,21,53,8,0,6,2,2,1,0,21,22/23
692169,Alexandre Paranhos,23.02.15_Cerrado,3,24.2,616,3,176,300,74,34,3,35,60,14,2,29,55,16,0,3,0,1,5,3,38,22/23
697157,Alexei Patrício,23.02.15_Cerrado,3,25.7,518,7,123,183,115,60,20,24,32,16,1,21,37,12,0,9,1,2,2,0,26,22/23
703092,Alexey Borges,23.02.15_Cerrado,3,26.0,793,9,198,353,164,52,8,37,46,15,10,24,52,21,0,5,2,1,2,4,40,22/23
699682,Breno Leoterio,23.02.15_Cerrado,3,6.2,15,0,8,1,0,0,0,3,8,0,0,4,7,1,0,0,0,0,0,0,0,22/23
686753,Daniel Duque,23.02.15_Cerrado,3,26.9,427,2,84,199,85,23,22,32,31,9,4,19,34,15,1,2,2,1,2,2,31,22/23
711729,Eden Ewing,23.02.15_Cerrado,3,20.0,599,2,177,299,91,13,0,29,40,13,3,26,44,15,0,6,1,1,3,1,27,22/23
708457,Felipe Vezaro,23.02.15_Cerrado,3,26.2,1307,13,329,543,317,62,17,71,74,30,8,63,67,35,0,1,2,5,5,1,42,22/23
709286,Isaac Hamilton,23.02.15_Cerrado,3,26.7,1007,13,261,336,254,83,46,40,48,27,5,32,47,31,0,3,1,2,5,3,45,22/23
703222,João Prado,23.02.15_Cerrado,3,18.4,144,1,45,45,40,2,0,11,19,0,1,12,14,4,0,6,0,0,1,0,11,22/23
708797,Lucas Faggiano,23.02.15_Cerrado,3,26.0,665,9,221,224,122,50,19,29,58,14,5,37,48,17,0,7,1,0,4,3,37,22/23
685024,Wesley de Castro,23.02.15_Cerrado,3,26.0,928,6,270,408,141,49,26,47,71,22,3,44,83,19,0,1,2,6,3,0,37,22/23
709501,Yuri Neptune,23.02.15_Cerrado,3,7.3,48,0,35,1,0,0,0,1,28,1,0,1,29,0,0,5,1,0,0,0,6,22/23
692169,Alexandre Paranhos,23.02.15_Cerrado,4,20.0,252,2,110,89,29,11,0,9,21,6,1,14,23,4,0,1,1,2,0,0,10,22/23
697157,Alexei Patrício,23.02.15_Cerrado,4,23.8,1081,10,342,426,222,49,0,56,75,28,11,43,74,39,0,4,2,5,6,1,52,22/23
703092,Alexey Borges,23.02.15_Cerrado,4,26.3,646,8,215,207,142,51,9,28,39,9,3,30,39,12,0,9,3,2,3,1,36,22/23
699682,Breno Leoterio,23.02.15_Cerrado,4,25.8,823,9,195,330,185,65,17,40,68,17,7,33,65,25,0,2,1,2,4,1,27,22/23
686753,Daniel Duque,23.02.15_Cerrado,4,23.5,1182,12,298,465,279,109,0,60,79,27,4,41,76,33,0,3,4,2,5,7,70,22/23
711729,Eden Ewing,23.02.15_Cerrado,4,23.8,702,8,196,307,121,50,0,38,48,16,5,28,66,14,0,9,2,2,1,2,34,22/23
708457,Felipe Vezaro,23.02.15_Cerrado,4,5.0,43,0,25,0,0,0,0,15,20,0,0,17,19,0,0,4,4,1,2,1,29,22/23
709286,Isaac Hamilton,23.02.15_Cerrado,4,21.7,608,3,267,168,110,39,0,22,44,14,4,24,38,16,0,6,3,3,2,0,29,22/23
703222,João Prado,23.02.15_Cerrado,4,19.7,927,2,388,337,145,4,0,53,92,15,5,54,72,23,0,3,6,2,4,7,67,22/23
708797,Lucas Faggiano,23.02.15_Cerrado,4,26.3,823,9,288,293,128,62,12,44,87,13,6,35,67,26,0,3,2,3,4,2,42,22/23
685024,Wesley de Castro,23.02.15_Cerrado,4,21.3,576,2,221,218,90,18,0,34,50,15,4,25,65,12,0,4,2,2,2,0,20,22/23
709501,Yuri Neptune,23.02.15_Cerrado,4,27.5,786,4,234,260,202,24,26,27,88,16,8,28,85,26,1,6,2,1,2,4,38,22/23
692169,Alexandre Paranhos,23.02.17_Brasília,1,25.1,937,7,236,447,148,65,10,58,62,25,4,40,70,26,0,0,1,2,6,1,33,22/23
697157,Alexei Patrício,23.02.17_Brasília,1,5.5,58,0,44,0,0,0,0,7,16,0,0,5,18,0,0,3,0,0,0,0,3,22/23
703092,Alexey Borges,23.02.17_Brasília,1,26.3,1243,13,272,543,266,109,26,68,77,18,9,42,80,31,1,2,3,1,1,9,60,22/23
699682,Breno Leoterio,23.02.17_Brasília,1,5.8,67,0,50,0,0,0,0,6,27,0,0,9,25,0,0,1,1,1,1,0,8,22/23
686753,Daniel Duque,23.02.17_Brasília,1,5.7,18,0,10,0,0,0,0,3,12,0,0,3,12,0,0,6,0,0,0,0,6,22/23
711729,Eden Ewing,23.02.17_Brasília,1,26.0,728,5,231,295,120,48,11,33,53,18,2,35,65,13,0,4,1,1,4,1,29,22/23
708457,Felipe Vezaro,23.02.17_Brasília,1,26.2,749,3,195,369,132,17,16,51,46,8,5,53,35,13,0,0,1,1,1,1,17,22/23
709286,Isaac Hamilton,23.02.17_Brasília,1,26.6,1704,24,376,666,413,148,74,72,76,24,14,54,72,44,1,0,2,4,4,4,50,22/23
703222,João Prado,23.02.17_Brasília,1,5.1,61,0,41,0,0,0,0,10,27,0,0,10,26,0,0,9,0,0,0,0,9,22/23
708797,Lucas Faggiano,23.02.17_Brasília,1,26.0,655,6,199,266,121,29,13,35,60,7,6,24,48,19,2,3,1,1,3,2,30,22/23
685024,Wesley de Castro,23.02.17_Brasília,1,22.7,1005,6,284,434,195,55,0,39,79,26,5,40,80,25,0,2,2,2,5,1,34,22/23
709501,Yuri Neptune,23.02.17_Brasília,1,9.1,131,0,91,16,0,0,0,9,46,3,0,9,50,1,0,4,3,1,1,0,18,22/23
692169,Alexandre Paranhos,23.02.17_Brasília,2,24.8,1158,5,366,513,186,33,6,61,94,36,3,51,108,26,0,3,2,3,8,2,59,22/23
697157,Alexei Patrício,23.02.17_Brasília,2,26.5,859,8,211,348,181,84,10,40,57,16,6,31,56,22,0,4,3,3,3,2,43,22/23
703092,Alexey Borges,23.02.17_Brasília,2,26.0,1621,22,471,586,334,131,47,76,98,30,12,73,90,40,1,0,1,4,5,11,87,22/23
699682,Breno Leoterio,23.02.17_Brasília,2,8.8,97,0,70,9,0,0,0,8,28,0,0,15,23,0,0,2,3,2,2,1,26,22/23
686753,Daniel Duque,23.02.17_Brasília,2,5.9,53,0,44,0,0,0,0,4,13,0,0,4,15,0,0,3,1,1,1,0,14,22/23
711729,Eden Ewing,23.02.17_Brasília,2,22.4,751,5,195,372,121,36,0,34,61,23,3,35,56,27,0,2,3,1,4,4,44,22/23
708457,Felipe Vezaro,23.02.17_Brasília,2,26.1,1341,12,440,482,277,74,16,78,93,21,9,81,81,30,0,2,3,7,3,2,49,22/23
709286,Isaac Hamilton,23.02.17_Brasília,2,26.6,876,13,316,256,143,108,28,25,47,16,10,27,42,24,1,9,5,2,2,1,38,22/23
703222,João Prado,23.02.17_Brasília,2,8.6,98,0,65,13,0,0,0,14,22,0,0,14,22,0,0,3,0,0,0,0,4,22/23
708797,Lucas Faggiano,23.02.17_Brasília,2,23.1,320,2,125,99,59,20,0,13,29,5,1,19,28,4,0,1,0,2,2,0,15,22/23
685024,Wesley de Castro,23.02.17_Brasília,2,26.3,890,6,288,383,116,39,22,44,72,23,5,36,67,32,0,3,2,3,6,0,40,22/23
709501,Yuri Neptune,23.02.17_Brasília,2,19.7,232,1,119,66,19,4,0,12,53,7,0,16,58,4,0,5,1,1,0,1,16,22/23
692169,Alexandre Paranhos,23.02.17_Brasília,3,19.8,859,2,281,407,129,7,0,44,73,22,1,37,95,13,0,3,2,5,5,1,48,22/23
697157,Alexei Patrício,23.02.17_Brasília,3,5.9,36,0,26,0,0,0,0,5,11,0,0,5,12,0,0,5,1,0,0,1,10,22/23
703092,Alexey Borges,23.02.17_Brasília,3,26.3,1068,12,264,404,250,95,21,65,59,20,11,53,56,32,0,5,7,2,4,5,65,22/23
699682,Breno Leoterio,23.02.17_Brasília,3,6.4,32,0,19,4,0,0,0,3,14,0,0,8,11,0,0,0,0,0,0,0,0,22/23
686753,Daniel Duque,23.02.17_Brasília,3,7.0,31,0,23,3,0,0,0,5,7,0,0,6,6,0,0,3,3,2,1,2,27,22/23
711729,Eden Ewing,23.02.17_Brasília,3,24.9,950,7,285,451,146,29,3,53,64,20,8,43,79,25,0,3,1,2,6,2,48,22/23
708457,Felipe Vezaro,23.02.17_Brasília,3,24.0,1181,12,332,484,245,73,1,73,95,28,7,75,81,32,0,4,4,6,7,0,57,22/23
709286,Isaac Hamilton,23.02.17_Brasília,3,26.4,1563,22,470,524,332,153,35,69,95,30,10,47,97,35,2,2,4,5,5,3,63,22/23
703222,João Prado,23.02.17_Brasília,3,11.9,128,0,70,38,0,0,0,18,21,1,0,15,24,0,0,6,1,0,0,0,8,22/23
708797,Lucas Faggiano,23.02.17_Brasília,3,26.5,884,7,326,328,138,36,14,54,85,18,8,52,74,29,0,3,2,4,4,2,46,22/23
685024,Wesley de Castro,23.02.17_Brasília,3,26.6,1266,5,437,565,150,28,31,68,107,25,5,75,100,31,0,3,2,5,11,1,68,22/23
709501,Yuri Neptune,23.02.17_Brasília,3,20.3,412,3,152,151,65,15,0,30,54,9,1,22,64,6,0,4,1,1,2,1,21,22/23
692169,Alexandre Paranhos,23.02.17_Brasília,4,21.2,515,5,160,223,83,21,0,33,51,15,2,27,53,13,0,1,1,1,1,0,12,22/23
697157,Alexei Patrício,23.02.17_Brasília,4,26.0,682,6,216,235,144,31,24,34,51,20,4,29,64,12,1,2,1,1,3,1,25,22/23
703092,Alexey Borges,23.02.17_Brasília,4,26.4,627,11,158,235,128,54,30,50,33,9,8,27,33,22,0,11,2,3,3,2,46,22/23
699682,Breno Leoterio,23.02.17_Brasília,4,24.8,485,4,161,166,77,51,6,21,46,11,2,28,41,12,0,1,0,2,1,0,15,22/23
686753,Daniel Duque,23.02.17_Brasília,4,24.2,491,6,137,156,126,46,2,24,43,13,0,15,47,10,0,4,2,3,1,1,30,22/23
711729,Eden Ewing,23.02.17_Brasília,4,26.0,1346,4,412,644,211,34,10,61,94,24,4,54,102,23,0,4,2,3,6,4,62,22/23
708457,Felipe Vezaro,23.02.17_Brasília,4,6.4,58,0,35,1,0,0,0,9,32,0,0,13,28,0,0,1,0,0,0,0,1,22/23
709286,Isaac Hamilton,23.02.17_Brasília,4,25.8,589,4,225,214,106,17,6,27,34,10,3,25,45,4,0,8,3,1,3,0,27,22/23
703222,João Prado,23.02.17_Brasília,4,23.1,387,3,160,125,51,21,0,29,40,4,5,31,38,7,1,8,1,1,2,1,24,22/23
708797,Lucas Faggiano,23.02.17_Brasília,4,24.1,1298,14,404,492,267,77,1,70,94,30,10,61,102,35,0,3,3,3,6,3,61,22/23
685024,Wesley de Castro,23.02.17_Brasília,4,20.1,666,2,224,314,84,9,0,44,66,14,5,32,78,14,0,7,2,2,3,0,29,22/23
709501,Yuri Neptune,23.02.17_Brasília,4,27.0,1703,12,449,737,369,84,18,91,126,34,6,63,117,41,1,1,1,2,6,11,86,22/23
692169,Alexandre Paranhos,23.03.01_Flamengo,1,25.9,1010,10,250,447,174,74,22,57,72,28,5,44,85,29,0,5,4,3,3,3,50,22/23
697157,Alexei Patrício,23.03.01_Flamengo,1,24.6,351,5,91,139,64,39,3,18,30,7,3,15,26,11,0,1,2,0,0,0,9,22/23
703092,Alexey Borges,23.03.01_Flamengo,1,26.1,1571,20,427,530,366,164,18,72,84,38,17,66,82,52,0,1,2,4,6,5,67,22/23
711729,Eden Ewing,23.03.01_Flamengo,1,22.6,600,5,152,255,132,37,0,19,57,15,6,21,51,20,0,4,1,1,3,2,31,22/23
708457,Felipe Vezaro,23.03.01_Flamengo,1,26.0,1107,13,351,409,230,56,7,52,87,18,9,62,79,28,0,5,4,6,4,0,50,22/23
709286,Isaac Hamilton,23.03.01_Flamengo,1,28.3,776,12,164,304,165,67,62,25,46,13,8,20,41,20,0,6,7,1,1,6,57,22/23
708797,Lucas Faggiano,23.03.01_Flamengo,1,26.6,603,9,172,193,107,78,26,28,49,12,6,28,46,17,0,10,2,3,1,1,30,22/23
703456,Renan Lenz,23.03.01_Flamengo,1,28.7,712,8,195,237,129,65,54,36,62,15,2,35,57,17,0,2,10,2,5,2,57,22/23
700115,Shaquille Johnson,23.03.01_Flamengo,1,26.3,1043,8,349,409,189,40,14,60,83,17,4,50,71,24,0,0,3,3,7,1,50,22/23
685024,Wesley de Castro,23.03.01_Flamengo,1,26.3,900,7,267,381,155,48,9,47,63,25,3,33,78,23,0,5,2,5,7,0,52,22/23
709501,Yuri Neptune,23.03.01_Flamengo,1,5.3,45,0,31,0,0,0,0,5,23,0,0,5,24,0,0,3,2,1,1,0,13,22/23
692169,Alexandre Paranhos,23.03.01_Flamengo,2,21.4,706,3,351,245,65,10,0,43,52,9,3,43,50,13,0,8,3,3,2,0,33,22/23
697157,Alexei Patrício,23.03.01_Flamengo,2,26.3,559,7,255,175,41,40,17,24,44,9,8,25,42,9,2,14,2,2,1,0,29,22/23
703092,Alexey Borges,23.03.01_Flamengo,2,26.0,1097,11,463,319,121,123,25,49,73,21,7,52,63,23,0,6,8,8,3,3,76,22/23
711729,Eden Ewing,23.03.01_Flamengo,2,24.1,886,9,280,370,154,51,1,48,64,13,7,27,70,22,0,11,10,3,3,6,78,22/23
708457,Felipe Vezaro,23.03.01_Flamengo,2,24.9,412,3,193,120,40,20,5,23,51,5,2,38,50,5,0,17,3,2,1,0,32,22/23
709286,Isaac Hamilton,23.03.01_Flamengo,2,28.7,1355,18,478,440,252,101,36,55,97,26,6,59,87,26,1,9,9,4,4,5,85,22/23
708797,Lucas Faggiano,23.03.01_Flamengo,2,27.8,1891,22,763,545,326,115,62,90,132,43,20,70,146,49,4,5,7,4,6,9,101,22/23
703456,Renan Lenz,23.03.01_Flamengo,2,25.9,1338,10,503,478,179,96,24,60,109,20,3,51,109,22,0,1,13,7,7,4,98,22/23
700115,Shaquille Johnson,23.03.01_Flamengo,2,25.9,1490,11,591,499,236,87,10,80,109,33,5,78,111,30,0,8,7,4,8,4,88,22/23
685024,Wesley de Castro,23.03.01_Flamengo,2,28.4,1149,4,467,456,143,14,17,60,90,28,4,53,98,27,1,9,5,4,8,0,63,22/23
709501,Yuri Neptune,23.03.01_Flamengo,2,6.6,100,0,79,2,0,0,0,3,34,0,0,7,33,0,0,5,2,0,0,0,13,22/23
692169,Alexandre Paranhos,23.03.01_Flamengo,3,18.8,655,1,195,343,79,4,0,44,54,18,1,34,64,17,0,4,3,3,2,1,27,22/23
697157,Alexei Patrício,23.03.01_Flamengo,3,11.2,85,0,34,36,0,0,0,12,21,0,0,14,18,0,0,4,1,0,0,0,6,22/23
703092,Alexey Borges,23.03.01_Flamengo,3,25.3,989,19,259,305,283,101,4,46,68,17,11,49,62,28,0,1,7,2,2,8,72,22/23
711729,Eden Ewing,23.03.01_Flamengo,3,19.1,319,1,126,142,30,6,0,16,30,7,2,17,33,7,0,10,2,1,3,0,27,22/23
708457,Felipe Vezaro,23.03.01_Flamengo,3,23.4,1512,16,486,526,328,114,0,79,108,25,11,80,89,37,0,2,4,5,5,2,55,22/23
709286,Isaac Hamilton,23.03.01_Flamengo,3,26.9,780,13,217,246,181,69,44,33,47,19,6,23,48,24,0,11,1,1,3,5,51,22/23
708797,Lucas Faggiano,23.03.01_Flamengo,3,26.0,917,11,282,293,215,87,11,41,63,18,6,39,60,27,0,7,1,2,3,4,48,22/23
703456,Renan Lenz,23.03.01_Flamengo,3,26.1,809,9,254,287,140,74,25,34,62,11,8,28,65,19,0,1,10,3,3,3,60,22/23
700115,Shaquille Johnson,23.03.01_Flamengo,3,21.8,847,5,352,306,112,35,0,61,73,15,6,43,78,23,0,5,2,4,5,1,46,22/23
685024,Wesley de Castro,23.03.01_Flamengo,3,26.5,1466,11,470,589,253,79,18,70,109,31,11,65,114,37,0,0,2,5,10,4,80,22/23
709501,Yuri Neptune,23.03.01_Flamengo,3,10.3,68,0,43,9,0,0,0,3,34,2,0,5,33,1,0,3,2,0,0,0,8,22/23
692169,Alexandre Paranhos,23.03.01_Flamengo,4,13.6,107,0,75,5,3,0,0,9,25,2,0,18,17,1,0,1,0,0,0,0,1,22/23
697157,Alexei Patrício,23.03.01_Flamengo,4,9.3,180,0,133,17,0,0,0,17,36,0,1,29,31,0,0,4,6,4,2,1,40,22/23
703092,Alexey Borges,23.03.01_Flamengo,4,28.3,878,7,362,263,120,45,39,43,66,8,8,48,61,15,0,7,8,6,3,4,70,22/23
711729,Eden Ewing,23.03.01_Flamengo,4,26.3,728,4,301,272,75,19,17,35,81,13,3,34,83,12,0,10,9,3,1,5,64,22/23
708457,Felipe Vezaro,23.03.01_Flamengo,4,26.1,1189,10,436,390,213,93,10,58,88,25,3,61,70,30,1,9,4,5,9,1,73,22/23
709286,Isaac Hamilton,23.03.01_Flamengo,4,28.1,1270,17,382,447,297,70,29,55,77,21,13,72,76,25,2,4,4,2,3,5,55,22/23
708797,Lucas Faggiano,23.03.01_Flamengo,4,27.1,1196,9,429,396,223,69,20,61,90,21,14,69,86,34,0,9,3,5,5,7,81,22/23
703456,Renan Lenz,23.03.01_Flamengo,4,26.6,1295,10,467,448,261,54,16,70,105,24,6,59,95,28,2,2,9,5,10,3,89,22/23
700115,Shaquille Johnson,23.03.01_Flamengo,4,26.0,1319,13,617,383,167,74,10,67,100,33,9,66,113,32,0,7,4,4,10,4,84,22/23
685024,Wesley de Castro,23.03.01_Flamengo,4,22.3,1390,2,597,544,167,21,0,71,128,36,2,60,140,27,0,4,8,5,9,3,84,22/23
709501,Yuri Neptune,23.03.01_Flamengo,4,7.1,182,0,142,5,0,0,0,14,56,1,0,17,55,0,0,4,0,0,0,0,5,22/23
692169,Alexandre Paranhos,23.03.14_São Paulo,1,23.8,1112,5,328,562,132,44,0,56,106,25,5,73,89,29,1,2,2,3,8,2,58,22/23
697157,Alexei Patrício,23.03.14_São Paulo,1,5.8,22,0,15,0,0,0,0,3,10,0,0,6,10,0,0,0,0,0,0,0,0,22/23
703092,Alexey Borges,23.03.14_São Paulo,1,26.1,1186,12,307,450,302,75,16,54,60,26,9,46,64,34,1,0,2,3,5,7,68,22/23
711729,Eden Ewing,23.03.14_São Paulo,1,19.9,251,1,49,136,55,7,0,12,14,3,0,13,12,6,0,1,1,0,1,0,9,22/23
708457,Felipe Vezaro,23.03.14_São Paulo,1,22.3,958,10,256,345,259,58,0,62,65,23,4,54,53,38,0,3,3,3,2,2,37,22/23
709286,Isaac Hamilton,23.03.14_São Paulo,1,26.8,653,11,145,266,140,56,26,25,39,15,4,29,35,20,0,9,2,2,2,1,37,22/23
703222,João Prado,23.03.14_São Paulo,1,4.1,24,0,13,0,0,0,0,7,13,0,0,3,18,0,0,2,0,0,0,0,2,22/23
708797,Lucas Faggiano,23.03.14_São Paulo,1,25.8,366,3,137,125,64,14,7,23,25,14,5,24,33,12,0,3,1,2,1,1,19,22/23
703456,Renan Lenz,23.03.14_São Paulo,1,18.3,460,1,158,191,85,4,0,15,48,10,3,21,43,20,0,4,8,3,2,0,38,22/23
700115,Shaquille Johnson,23.03.14_São Paulo,1,21.8,1300,7,488,537,192,30,0,79,102,23,6,68,100,28,0,1,3,4,9,1,61,22/23
685024,Wesley de Castro,23.03.14_São Paulo,1,24.4,902,4,241,392,199,34,3,45,78,21,3,41,80,17,0,2,2,4,6,2,53,22/23
709501,Yuri Neptune,23.03.14_São Paulo,1,6.2,35,0,25,0,0,0,0,0,18,2,0,3,20,0,0,4,0,0,0,0,4,22/23
692169,Alexandre Paranhos,23.03.14_São Paulo,2,7.3,90,0,75,2,0,0,0,7,16,1,0,9,17,0,0,4,0,0,0,0,4,22/23
697157,Alexei Patrício,23.03.14_São Paulo,2,8.6,114,0,91,4,0,0,0,9,20,1,0,15,16,1,0,0,0,0,0,0,0,22/23
703092,Alexey Borges,23.03.14_São Paulo,2,26.8,934,9,271,339,186,70,35,41,59,20,8,38,63,22,0,4,7,3,3,5,66,22/23
711729,Eden Ewing,23.03.14_São Paulo,2,26.5,1762,9,459,896,248,77,29,79,114,35,9,66,112,50,0,1,4,3,10,6,86,22/23
708457,Felipe Vezaro,23.03.14_São Paulo,2,20.3,886,3,342,336,143,17,0,62,86,10,3,52,72,19,0,7,2,4,4,2,50,22/23
709286,Isaac Hamilton,23.03.14_São Paulo,2,26.7,1397,18,331,459,322,177,75,41,66,23,13,53,57,35,0,5,6,2,4,6,71,22/23
703222,João Prado,23.03.14_São Paulo,2,10.0,145,0,104,11,0,0,0,15,29,1,0,23,24,0,0,1,0,0,0,0,1,22/23
708797,Lucas Faggiano,23.03.14_São Paulo,2,27.5,1140,14,362,388,203,111,30,47,94,27,5,50,85,29,0,4,2,2,7,5,68,22/23
703456,Renan Lenz,23.03.14_São Paulo,2,25.8,978,7,367,357,140,62,13,47,91,17,2,37,97,16,0,7,9,4,2,0,47,22/23
700115,Shaquille Johnson,23.03.14_São Paulo,2,22.2,1124,10,468,376,172,61,0,47,85,16,12,54,77,29,0,7,4,3,7,1,54,22/23
685024,Wesley de Castro,23.03.14_São Paulo,2,26.1,898,6,371,333,114,34,17,44,66,19,7,38,77,19,0,5,6,3,5,2,57,22/23
709501,Yuri Neptune,23.03.14_São Paulo,2,12.2,139,0,102,14,1,0,0,8,42,3,0,12,39,0,0,1,0,0,0,0,1,22/23
692169,Alexandre Paranhos,23.03.14_São Paulo,3,26.3,695,5,229,273,99,47,16,33,67,19,3,30,63,22,0,3,1,1,6,2,40,22/23
697157,Alexei Patrício,23.03.14_São Paulo,3,11.8,35,0,18,6,0,0,0,7,11,1,0,10,8,1,0,0,0,0,0,0,0,22/23
703092,Alexey Borges,23.03.14_São Paulo,3,26.1,1125,11,388,390,184,82,30,52,74,20,10,60,82,21,0,9,5,3,5,6,80,22/23
711729,Eden Ewing,23.03.14_São Paulo,3,26.2,1221,10,497,425,149,78,23,60,115,17,10,50,113,31,0,10,5,5,7,3,74,22/23
708457,Felipe Vezaro,23.03.14_São Paulo,3,26.0,1492,13,545,550,203,118,9,88,125,25,7,96,108,33,1,4,5,7,7,1,63,22/23
709286,Isaac Hamilton,23.03.14_São Paulo,3,29.4,883,12,391,206,122,85,36,30,68,18,8,40,63,20,2,8,11,5,4,2,71,22/23
703222,João Prado,23.03.14_São Paulo,3,4.1,35,0,19,0,0,0,0,8,15,0,0,10,13,0,0,0,0,0,0,0,0,22/23
708797,Lucas Faggiano,23.03.14_São Paulo,3,26.1,718,7,319,189,90,42,24,41,89,10,10,53,80,18,0,4,4,3,2,2,41,22/23
703456,Renan Lenz,23.03.14_São Paulo,3,26.2,1173,6,502,385,142,62,24,60,99,22,3,58,106,17,3,10,7,4,3,1,54,22/23
700115,Shaquille Johnson,23.03.14_São Paulo,3,21.1,1154,6,599,313,157,30,0,61,87,17,4,49,83,22,0,8,5,5,5,0,54,22/23
685024,Wesley de Castro,23.03.14_São Paulo,3,27.0,705,7,257,249,92,54,22,25,74,13,2,36,66,13,1,11,3,4,7,2,68,22/23
709501,Yuri Neptune,23.03.14_São Paulo,3,6.7,94,0,63,6,0,0,0,12,41,3,0,14,45,2,0,1,0,0,0,0,1,22/23
692169,Alexandre Paranhos,23.03.14_São Paulo,4,9.3,158,0,138,4,0,0,0,5,29,1,0,5,28,1,0,2,2,1,1,0,12,22/23
697157,Alexei Patrício,23.03.14_São Paulo,4,8.9,149,0,110,11,0,0,0,14,30,0,0,17,26,1,0,0,0,0,0,0,0,22/23
703092,Alexey Borges,23.03.14_São Paulo,4,7.4,105,0,75,4,0,0,0,13,30,1,0,19,26,0,0,11,1,0,0,0,13,22/23
711729,Eden Ewing,23.03.14_São Paulo,4,26.1,1822,12,624,774,258,88,24,74,134,33,9,83,127,39,0,2,3,5,9,6,88,22/23
708457,Felipe Vezaro,23.03.14_São Paulo,4,6.7,186,0,152,3,0,0,0,12,49,0,0,21,44,0,0,4,1,1,0,0,11,22/23
709286,Isaac Hamilton,23.03.14_São Paulo,4,29.9,1747,22,534,677,252,160,76,59,111,36,16,55,115,35,2,0,6,6,8,5,85,22/23
703222,João Prado,23.03.14_São Paulo,4,5.5,146,0,124,0,0,0,0,10,26,0,0,13,23,0,0,0,0,0,0,0,0,22/23
708797,Lucas Faggiano,23.03.14_São Paulo,4,26.2,1654,18,558,530,364,108,32,70,117,39,17,82,114,46,1,1,5,4,7,5,79,22/23
703456,Renan Lenz,23.03.14_São Paulo,4,10.9,53,0,31,18,0,0,0,5,4,1,0,7,3,0,0,2,4,4,1,1,31,22/23
700115,Shaquille Johnson,23.03.14_São Paulo,4,23.0,1525,6,610,558,233,57,0,85,122,25,9,67,112,34,1,2,7,4,10,2,77,22/23
685024,Wesley de Castro,23.03.14_São Paulo,4,23.9,1440,6,570,582,173,54,0,82,110,33,2,74,112,29,0,2,6,6,9,2,76,22/23
709501,Yuri Neptune,23.03.14_São Paulo,4,8.1,174,0,124,19,0,0,0,15,44,4,0,20,44,3,0,1,0,0,0,0,1,22/23
692169,Alexandre Paranhos,23.03.21_Franca,1,24.3,1261,4,390,608,179,33,2,81,100,36,2,59,95,39,0,1,4,3,3,3,46,22/23
697157,Alexei Patrício,23.03.21_Franca,1,12.7,117,0,48,52,2,0,0,11,23,0,1,10,25,2,0,3,1,0,0,0,6,22/23
703092,Alexey Borges,23.03.21_Franca,1,23.7,1210,17,242,503,331,97,0,54,90,20,9,45,87,34,0,0,5,2,1,9,68,22/23
699682,Breno Leoterio,23.03.21_Franca,1,6.7,98,0,72,3,0,0,0,6,35,1,0,13,34,0,0,11,0,0,0,0,12,22/23
711729,Eden Ewing,23.03.21_Franca,1,27.7,1478,12,377,675,287,87,12,71,91,33,10,60,100,36,0,1,2,3,5,7,68,22/23
708457,Felipe Vezaro,23.03.21_Franca,1,25.1,1353,9,385,593,274,57,2,74,96,23,10,64,92,32,0,1,3,2,4,6,57,22/23
709286,Isaac Hamilton,23.03.21_Franca,1,24.0,462,4,136,166,98,47,0,24,21,6,3,14,30,6,0,8,3,1,0,0,21,22/23
708797,Lucas Faggiano,23.03.21_Franca,1,24.6,397,5,106,142,98,32,3,24,26,7,3,16,31,10,0,2,1,1,2,1,19,22/23
700115,Shaquille Johnson,23.03.21_Franca,1,22.7,899,6,302,317,222,26,0,45,66,17,4,30,69,19,0,2,3,3,3,0,31,22/23
709501,Yuri Neptune,23.03.21_Franca,1,14.8,111,0,60,29,5,0,0,4,35,2,0,9,34,0,0,13,1,1,0,0,18,22/23
692169,Alexandre Paranhos,23.03.21_Franca,2,26.1,1205,6,393,533,186,28,14,58,102,28,3,54,100,34,0,4,5,5,5,2,57,22/23
697157,Alexei Patrício,23.03.21_Franca,2,5.5,93,0,73,0,0,0,0,8,25,0,0,12,21,0,0,1,0,0,0,0,1,22/23
703092,Alexey Borges,23.03.21_Franca,2,26.1,1117,16,280,365,268,109,38,51,75,29,13,47,74,35,1,3,8,2,3,8,82,22/23
699682,Breno Leoterio,23.03.21_Franca,2,26.1,1348,21,337,466,312,148,43,70,85,26,13,55,102,29,0,8,4,4,6,2,59,22/23
711729,Eden Ewing,23.03.21_Franca,2,26.1,960,5,243,477,159,36,11,39,70,28,5,43,71,27,0,3,3,2,3,3,43,22/23
708457,Felipe Vezaro,23.03.21_Franca,2,17.4,303,0,110,112,52,0,0,21,49,7,1,23,49,6,0,6,2,2,5,6,65,22/23
709286,Isaac Hamilton,23.03.21_Franca,2,26.4,1308,16,437,485,226,88,34,58,83,24,9,45,81,36,0,7,7,3,1,1,35,22/23
708797,Lucas Faggiano,23.03.21_Franca,2,26.5,1593,19,430,567,347,139,47,72,110,39,18,81,113,49,0,3,2,5,7,9,94,22/23
700115,Shaquille Johnson,23.03.21_Franca,2,26.0,1230,8,461,397,251,57,4,65,86,31,5,57,84,33,0,6,7,5,5,0,55,22/23
709501,Yuri Neptune,23.03.21_Franca,2,5.9,83,0,58,0,0,0,0,10,46,0,0,9,48,0,0,11,0,0,0,0,11,22/23
692169,Alexandre Paranhos,23.03.21_Franca,3,23.9,1303,6,466,582,132,51,0,88,114,33,2,90,129,23,0,4,5,6,9,2,79,22/23
697157,Alexei Patrício,23.03.21_Franca,3,5.1,45,0,28,0,0,0,0,9,24,0,0,12,21,0,0,0,0,0,0,0,0,22/23
703092,Alexey Borges,23.03.21_Franca,3,27.8,1482,20,464,409,325,139,84,77,94,24,10,73,79,30,3,1,7,6,5,10,99,22/23
699682,Breno Leoterio,23.03.21_Franca,3,7.5,53,0,31,2,0,0,0,13,30,1,0,7,35,0,0,21,0,0,0,0,21,22/23
711729,Eden Ewing,23.03.21_Franca,3,26.0,1221,4,403,559,148,39,10,65,106,28,6,83,109,26,0,4,5,4,6,8,89,22/23
708457,Felipe Vezaro,23.03.21_Franca,3,25.0,1026,8,339,403,196,39,3,71,85,22,2,49,86,25,0,3,2,3,5,8,75,22/23
709286,Isaac Hamilton,23.03.21_Franca,3,25.1,835,6,337,299,109,53,3,49,45,15,4,34,61,16,0,9,3,3,3,1,41,22/23
708797,Lucas Faggiano,23.03.21_Franca,3,25.7,821,6,346,252,124,31,4,64,91,21,6,61,108,14,0,8,6,4,3,0,45,22/23
700115,Shaquille Johnson,23.03.21_Franca,3,25.1,1514,16,518,515,316,80,6,79,137,36,5,73,124,36,1,5,6,5,10,2,82,22/23
709501,Yuri Neptune,23.03.21_Franca,3,6.6,35,0,20,3,0,0,0,7,17,1,0,7,18,0,0,1,0,0,0,0,1,22/23
692169,Alexandre Paranhos,23.03.21_Franca,4,23.8,1097,4,487,432,81,28,0,68,91,32,3,65,109,21,0,4,7,5,4,2,61,22/23
697157,Alexei Patrício,23.03.21_Franca,4,9.1,106,0,75,6,0,0,0,17,24,0,0,16,26,0,0,3,1,2,1,1,18,22/23
703092,Alexey Borges,23.03.21_Franca,4,28.5,1549,21,563,396,304,118,86,67,119,20,16,80,91,35,1,3,3,3,4,6,66,22/23
699682,Breno Leoterio,23.03.21_Franca,4,6.0,109,0,76,0,0,0,0,20,40,0,0,19,42,0,0,8,0,0,0,0,8,22/23
711729,Eden Ewing,23.03.21_Franca,4,26.5,1098,4,412,483,108,31,16,56,105,16,7,49,101,21,0,6,6,3,4,5,68,22/23
708457,Felipe Vezaro,23.03.21_Franca,4,22.6,1146,5,476,393,181,32,0,60,117,22,1,63,106,22,0,3,2,4,8,6,81,22/23
709286,Isaac Hamilton,23.03.21_Franca,4,25.9,285,3,106,78,48,27,9,10,32,4,1,12,32,5,0,17,4,1,0,1,34,22/23
708797,Lucas Faggiano,23.03.21_Franca,4,23.3,550,3,334,83,72,14,0,34,63,5,1,40,62,6,0,11,3,1,1,0,21,22/23
700115,Shaquille Johnson,23.03.21_Franca,4,24.4,1340,8,565,447,215,44,2,73,104,30,7,52,96,43,0,7,6,3,5,3,63,22/23
709501,Yuri Neptune,23.03.21_Franca,4,6.6,87,0,65,4,0,0,0,5,30,1,0,6,31,0,0,3,0,0,0,0,3,22/23
692169,Alexandre Paranhos,23.03.23_Rio Claro,1,26.0,976,9,255,398,171,98,11,53,74,17,7,49,86,22,0,6,3,3,5,2,51,22/23
697157,Alexei Patrício,23.03.23_Rio Claro,1,5.7,29,0,23,0,0,0,0,3,7,0,0,3,7,0,0,9,1,0,1,0,16,22/23
703092,Alexey Borges,23.03.23_Rio Claro,1,24.8,1487,22,491,463,314,140,7,61,102,34,14,70,93,41,1,0,3,4,7,7,83,22/23
699682,Breno Leoterio,23.03.23_Rio Claro,1,5.1,37,0,24,0,0,0,0,7,17,0,0,7,18,0,0,3,2,1,1,1,18,22/23
711729,Eden Ewing,23.03.23_Rio Claro,1,25.3,683,5,242,251,132,19,3,22,63,17,4,20,71,14,0,2,3,4,4,5,58,22/23
708457,Felipe Vezaro,23.03.23_Rio Claro,1,25.1,879,7,279,311,184,57,4,46,83,16,5,55,75,17,0,7,1,3,6,2,52,22/23
709286,Isaac Hamilton,23.03.23_Rio Claro,1,28.9,1071,14,309,345,234,99,54,39,59,15,13,32,65,24,1,2,2,2,5,4,50,22/23
708797,Lucas Faggiano,23.03.23_Rio Claro,1,22.3,474,5,185,176,64,19,0,33,43,11,1,33,42,9,0,1,2,2,2,2,26,22/23
703456,Renan Lenz,23.03.23_Rio Claro,1,26.1,1715,16,474,723,314,109,37,80,125,38,11,80,123,46,0,0,0,3,15,7,99,22/23
700115,Shaquille Johnson,23.03.23_Rio Claro,1,25.3,1166,10,362,463,228,54,10,69,82,23,4,57,72,32,0,4,4,5,6,2,62,22/23
709501,Yuri Neptune,23.03.23_Rio Claro,1,6.6,50,0,34,2,0,0,0,5,23,0,0,5,23,0,0,7,0,0,0,0,7,22/23
692169,Alexandre Paranhos,23.03.23_Rio Claro,2,26.1,1355,7,475,540,199,49,19,84,113,37,4,73,136,23,0,6,4,5,4,2,56,22/23
697157,Alexei Patrício,23.03.23_Rio Claro,2,22.2,236,1,143,35,24,11,0,14,34,3,1,14,38,2,0,8,2,0,0,0,13,22/23
703092,Alexey Borges,23.03.23_Rio Claro,2,26.2,1150,15,373,348,218,119,23,70,79,26,11,73,74,31,0,4,5,4,5,5,71,22/23
699682,Breno Leoterio,23.03.23_Rio Claro,2,14.1,211,0,140,39,4,0,0,15,40,3,0,15,43,2,0,2,1,1,1,1,20,22/23
711729,Eden Ewing,23.03.23_Rio Claro,2,24.7,405,1,161,121,75,12,2,15,57,16,2,14,66,9,0,14,3,2,2,3,47,22/23
708457,Felipe Vezaro,23.03.23_Rio Claro,2,18.9,442,2,193,141,55,13,0,39,55,8,1,37,54,8,0,5,1,1,2,0,19,22/23
709286,Isaac Hamilton,23.03.23_Rio Claro,2,26.2,1464,16,554,417,272,115,40,55,106,31,12,52,107,37,2,7,6,4,4,7,85,22/23
708797,Lucas Faggiano,23.03.23_Rio Claro,2,26.4,1566,15,530,560,275,100,26,73,121,38,10,73,121,41,0,7,5,4,5,4,69,22/23
703456,Renan Lenz,23.03.23_Rio Claro,2,25.5,1644,12,605,583,274,115,3,86,118,33,4,71,125,34,0,0,4,10,9,7,108,22/23
700115,Shaquille Johnson,23.03.23_Rio Claro,2,22.1,1049,5,417,361,189,39,0,64,84,18,1,53,80,18,0,9,4,4,3,2,49,22/23
709501,Yuri Neptune,23.03.23_Rio Claro,2,18.7,230,1,140,38,20,5,0,17,41,2,0,22,39,2,0,3,1,1,0,0,8,22/23
692169,Alexandre Paranhos,23.03.23_Rio Claro,3,24.5,1105,7,335,522,154,46,3,54,90,29,3,49,100,25,0,4,3,1,4,9,72,22/23
697157,Alexei Patrício,23.03.23_Rio Claro,3,6.5,35,0,24,1,0,0,0,7,12,0,0,7,11,0,0,4,1,0,0,0,8,22/23
703092,Alexey Borges,23.03.23_Rio Claro,3,26.3,1269,14,361,449,276,97,27,71,67,37,12,67,74,43,0,3,3,3,2,3,42,22/23
699682,Breno Leoterio,23.03.23_Rio Claro,3,6.2,40,0,26,1,0,0,0,7,19,0,0,7,20,0,0,2,1,1,0,1,10,22/23
711729,Eden Ewing,23.03.23_Rio Claro,3,26.3,814,6,246,300,126,50,54,39,69,14,8,28,86,18,0,1,2,3,4,4,45,22/23
708457,Felipe Vezaro,23.03.23_Rio Claro,3,20.7,1300,4,400,554,259,29,0,74,123,14,3,82,88,26,0,2,3,3,7,7,78,22/23
709286,Isaac Hamilton,23.03.23_Rio Claro,3,30.1,727,6,267,189,125,32,82,24,55,16,7,25,58,18,0,8,2,2,3,3,46,22/23
708797,Lucas Faggiano,23.03.23_Rio Claro,3,26.0,810,10,224,267,182,81,12,36,74,22,4,50,65,20,0,2,2,3,5,3,52,22/23
703456,Renan Lenz,23.03.23_Rio Claro,3,25.6,1221,11,379,508,189,79,14,52,107,27,8,51,116,31,0,0,4,4,11,2,75,22/23
700115,Shaquille Johnson,23.03.23_Rio Claro,3,25.9,792,7,265,304,144,40,5,44,61,12,4,32,60,18,0,3,2,5,4,0,41,22/23
709501,Yuri Neptune,23.03.23_Rio Claro,3,7.7,86,0,61,2,0,0,0,6,39,2,0,8,39,1,0,2,0,0,0,0,2,22/23
692169,Alexandre Paranhos,23.03.23_Rio Claro,4,24.1,748,5,299,274,109,21,1,51,62,11,4,53,67,12,0,9,4,3,5,2,55,22/23
697157,Alexei Patrício,23.03.23_Rio Claro,4,26.1,594,7,206,166,113,67,16,23,49,11,4,30,47,15,0,4,3,3,3,1,35,22/23
703092,Alexey Borges,23.03.23_Rio Claro,4,26.3,818,8,299,261,131,79,11,34,66,14,2,40,54,20,0,6,4,4,3,5,60,22/23
699682,Breno Leoterio,23.03.23_Rio Claro,4,23.1,271,2,96,73,49,26,0,26,35,5,2,22,41,6,0,2,1,1,1,1,16,22/23
711729,Eden Ewing,23.03.23_Rio Claro,4,24.3,1069,4,418,422,161,16,1,56,109,15,4,56,106,20,0,4,4,3,4,5,65,22/23
708457,Felipe Vezaro,23.03.23_Rio Claro,4,18.5,517,2,207,193,85,3,0,34,51,10,0,35,54,6,0,10,1,3,1,0,24,22/23
709286,Isaac Hamilton,23.03.23_Rio Claro,4,26.7,1037,8,369,333,202,42,37,44,95,26,6,39,101,28,0,6,4,2,4,5,62,22/23
708797,Lucas Faggiano,23.03.23_Rio Claro,4,25.7,1141,13,372,387,229,87,6,69,82,38,9,64,93,33,0,4,2,4,5,5,65,22/23
703456,Renan Lenz,23.03.23_Rio Claro,4,24.4,1196,9,438,455,169,84,1,78,101,14,4,68,92,21,0,1,3,6,5,5,68,22/23
700115,Shaquille Johnson,23.03.23_Rio Claro,4,25.5,1032,6,436,357,138,32,4,70,92,15,7,64,86,27,0,5,4,4,8,0,60,22/23
709501,Yuri Neptune,23.03.23_Rio Claro,4,26.0,433,3,153,138,80,19,11,22,57,7,2,25,52,10,0,3,1,1,2,0,15,22/23
692169,Alexandre Paranhos,23.03.28_Corinthians,1,25.3,1097,5,377,469,168,26,6,56,88,28,7,55,107,24,1,3,4,4,6,2,56,22/23
697157,Alexei Patrício,23.03.28_Corinthians,1,24.3,176,1,70,65,20,6,1,8,27,3,0,19,19,3,0,2,1,1,0,0,7,22/23
703092,Alexey Borges,23.03.28_Corinthians,1,26.2,1463,15,459,531,297,95,34,61,93,29,11,69,90,34,0,1,6,3,6,7,81,22/23
699682,Breno Leoterio,23.03.28_Corinthians,1,7.5,63,0,46,3,0,0,0,5,21,0,0,7,19,0,0,0,0,0,0,0,0,22/23
711729,Eden Ewing,23.03.28_Corinthians,1,26.0,819,7,236,281,185,53,21,25,51,17,4,59,27,11,2,1,2,3,6,9,80,22/23
708457,Felipe Vezaro,23.03.28_Corinthians,1,24.4,1141,5,388,459,220,21,1,57,85,23,11,58,87,29,1,3,5,3,5,2,51,22/23
703222,João Prado,23.03.28_Corinthians,1,5.1,45,0,31,0,0,0,0,9,15,0,0,12,12,0,0,1,0,0,0,0,1,22/23
708797,Lucas Faggiano,23.03.28_Corinthians,1,24.0,585,6,194,218,112,28,1,34,57,10,6,33,59,11,0,1,1,3,4,1,31,22/23
703456,Renan Lenz,23.03.28_Corinthians,1,26.0,1081,6,338,498,146,52,13,60,84,22,2,52,81,26,0,0,3,4,7,1,52,22/23
700115,Shaquille Johnson,23.03.28_Corinthians,1,25.0,1327,11,483,490,220,77,3,63,104,26,8,63,102,31,0,6,3,3,7,3,65,22/23
709501,Yuri Neptune,23.03.28_Corinthians,1,6.1,78,0,62,1,0,0,0,5,28,0,0,9,26,0,0,0,0,0,0,0,0,22/23
692169,Alexandre Paranhos,23.03.28_Corinthians,2,25.9,1031,8,356,411,149,48,19,54,83,22,10,48,89,27,1,3,2,3,6,3,56,22/23
697157,Alexei Patrício,23.03.28_Corinthians,2,26.2,241,3,149,27,16,10,13,9,36,3,3,21,29,5,0,7,1,1,0,0,11,22/23
703092,Alexey Borges,23.03.28_Corinthians,2,29.4,1779,20,550,634,359,135,40,70,95,45,14,88,100,39,1,0,4,4,6,12,104,22/23
699682,Breno Leoterio,23.03.28_Corinthians,2,7.1,159,0,137,1,0,0,0,8,28,1,0,11,27,1,0,0,0,0,0,0,0,22/23
711729,Eden Ewing,23.03.28_Corinthians,2,27.5,832,11,284,270,123,95,22,33,48,12,5,38,56,7,1,4,2,3,3,1,34,22/23
708457,Felipe Vezaro,23.03.28_Corinthians,2,21.0,650,4,256,215,105,29,0,48,57,15,3,48,57,12,0,4,2,3,1,0,22,22/23
703222,João Prado,23.03.28_Corinthians,2,9.0,259,0,192,41,0,0,0,14,26,0,0,20,22,0,0,2,0,0,0,0,2,22/23
708797,Lucas Faggiano,23.03.28_Corinthians,2,26.0,818,11,331,221,117,82,23,46,65,19,3,49,58,17,1,5,2,2,6,1,41,22/23
703456,Renan Lenz,23.03.28_Corinthians,2,0.0,0,0,0,0,0,0,0,0,0,0,0,0,0,0,0,0,0,0,0,0,0,22/23
700115,Shaquille Johnson,23.03.28_Corinthians,2,22.0,824,2,355,317,99,16,0,43,70,9,2,41,60,17,0,14,3,2,2,0,35,22/23
709501,Yuri Neptune,23.03.28_Corinthians,2,11.9,225,0,140,61,0,0,0,15,36,2,0,13,40,1,0,1,1,1,0,0,4,22/23
692169,Alexandre Paranhos,23.03.28_Corinthians,3,26.0,1009,3,396,442,57,30,17,70,105,22,9,63,116,20,1,6,4,4,6,2,58,22/23
697157,Alexei Patrício,23.03.28_Corinthians,3,26.2,128,2,36,38,13,16,16,11,8,2,0,12,11,2,0,1,0,0,0,0,3,22/23
703092,Alexey Borges,23.03.28_Corinthians,3,26.2,1268,20,349,453,288,93,32,56,90,27,11,65,84,28,2,6,6,2,5,7,82,22/23
699682,Breno Leoterio,23.03.28_Corinthians,3,7.2,62,0,49,3,0,0,0,6,14,1,0,6,14,0,0,0,0,0,0,0,0,22/23
711729,Eden Ewing,23.03.28_Corinthians,3,23.0,395,2,168,151,42,16,0,19,32,10,0,22,30,10,0,2,1,1,2,0,16,22/23
708457,Felipe Vezaro,23.03.28_Corinthians,3,26.0,787,2,316,300,100,13,10,49,79,16,4,53,77,13,0,4,5,3,2,0,32,22/23
703222,João Prado,23.03.28_Corinthians,3,5.8,52,0,33,0,0,0,0,18,13,0,0,20,11,0,0,0,0,0,0,0,0,22/23
708797,Lucas Faggiano,23.03.28_Corinthians,3,26.2,900,6,320,315,160,25,22,42,89,23,9,61,91,23,0,6,4,3,4,2,48,22/23
703456,Renan Lenz,23.03.28_Corinthians,3,26.0,1120,7,425,426,152,38,20,49,107,30,5,39,116,28,0,1,6,6,6,0,55,22/23
700115,Shaquille Johnson,23.03.28_Corinthians,3,26.0,986,6,413,322,133,42,18,54,101,16,6,52,94,20,0,7,4,1,2,0,28,22/23
709501,Yuri Neptune,23.03.28_Corinthians,3,6.4,89,0,67,3,0,0,0,11,30,1,0,12,32,1,0,0,0,0,0,0,0,22/23
692169,Alexandre Paranhos,23.03.28_Corinthians,4,26.0,1321,4,653,445,92,35,14,86,123,31,3,79,149,20,0,9,5,6,7,1,70,22/23
697157,Alexei Patrício,23.03.28_Corinthians,4,8.0,201,0,157,7,0,0,0,28,39,4,0,34,35,2,0,1,0,0,0,0,1,22/23
703092,Alexey Borges,23.03.28_Corinthians,4,26.4,2259,21,875,681,425,134,21,124,155,48,10,136,128,53,0,0,13,14,10,9,154,22/23
699682,Breno Leoterio,23.03.28_Corinthians,4,7.7,245,0,196,11,0,0,0,16,56,4,0,28,52,0,0,1,1,1,1,0,11,22/23
711729,Eden Ewing,23.03.28_Corinthians,4,26.1,1464,5,588,568,194,29,24,59,122,28,6,70,127,23,1,5,7,7,9,8,119,22/23
708457,Felipe Vezaro,23.03.28_Corinthians,4,17.9,262,0,157,28,15,0,0,29,81,3,0,44,71,1,0,7,1,0,0,0,12,22/23
703222,João Prado,23.03.28_Corinthians,4,6.2,212,0,162,1,0,0,0,27,47,0,0,42,36,0,0,0,0,0,0,0,0,22/23
708797,Lucas Faggiano,23.03.28_Corinthians,4,27.6,2181,18,915,619,335,137,57,96,189,53,9,100,176,58,1,18,11,7,5,5,106,22/23
703456,Renan Lenz,23.03.28_Corinthians,4,27.3,1857,12,875,565,185,112,23,75,177,37,3,83,166,36,0,5,21,13,7,0,114,22/23
700115,Shaquille Johnson,23.03.28_Corinthians,4,26.2,1902,19,899,552,223,94,18,86,174,33,8,104,148,39,0,16,11,6,7,2,92,22/23
709501,Yuri Neptune,23.03.28_Corinthians,4,7.6,164,0,126,7,0,0,0,16,51,1,0,20,49,0,0,0,0,0,0,0,0,22/23
709286,Isaac Hamilton,23.03.28_Corinthians,1,24.0,447,3,157,143,104,24,0,13,48,6,0,18,39,6,0,10,3,3,1,0,26,22/23
709286,Isaac Hamilton,23.03.28_Corinthians,2,27.2,1120,13,428,362,171,89,27,39,84,15,6,35,73,22,0,6,5,4,5,1,54,22/23
709286,Isaac Hamilton,23.03.28_Corinthians,3,24.3,821,11,290,275,156,70,1,38,51,14,6,32,41,24,0,6,2,2,4,0,37,22/23
709286,Isaac Hamilton,23.03.28_Corinthians,4,26.1,255,3,104,72,18,25,14,14,28,1,2,20,26,3,0,4,1,0,1,1,11,22/23
692169,Alexandre Paranhos,23.03.31_Pato Basquete,1,26.1,830,8,234,363,95,84,23,45,64,23,3,34,71,26,0,1,1,3,7,0,42,22/23
697157,Alexei Patrício,23.03.31_Pato Basquete,1,22.3,311,3,83,115,67,31,0,20,27,7,1,8,27,9,0,1,0,2,2,0,17,22/23
703092,Alexey Borges,23.03.31_Pato Basquete,1,26.8,1071,17,231,433,252,87,43,42,53,27,15,34,60,41,0,0,7,2,1,7,62,22/23
699682,Breno Leoterio,23.03.31_Pato Basquete,1,5.0,18,0,10,0,0,0,0,3,14,0,0,4,14,0,0,0,0,0,0,0,0,22/23
711729,Eden Ewing,23.03.31_Pato Basquete,1,26.2,1207,8,324,610,182,47,9,64,69,29,8,63,83,31,0,3,3,3,6,2,54,22/23
708457,Felipe Vezaro,23.03.31_Pato Basquete,1,24.3,590,7,224,185,93,50,1,40,53,12,2,52,51,12,0,2,3,2,1,0,19,22/23
709286,Isaac Hamilton,23.03.31_Pato Basquete,1,26.8,1271,12,328,512,266,92,37,51,70,21,8,39,67,28,2,3,1,2,5,6,59,22/23
703222,João Prado,23.03.31_Pato Basquete,1,11.8,106,0,74,18,0,0,0,8,17,0,0,14,14,0,0,2,0,0,0,0,2,22/23
708797,Lucas Faggiano,23.03.31_Pato Basquete,1,26.0,588,9,174,179,116,67,17,37,62,10,8,28,63,21,0,0,2,2,4,1,32,22/23
703456,Renan Lenz,23.03.31_Pato Basquete,1,24.7,954,7,297,401,164,56,6,40,79,21,5,36,86,20,0,4,4,1,8,2,55,22/23
700115,Shaquille Johnson,23.03.31_Pato Basquete,1,23.5,728,1,277,339,77,6,0,66,55,7,1,37,63,10,0,2,2,4,4,0,34,22/23
709501,Yuri Neptune,23.03.31_Pato Basquete,1,7.6,57,0,39,4,0,0,0,3,31,1,0,5,34,0,0,0,0,0,0,0,0,22/23
692169,Alexandre Paranhos,23.03.31_Pato Basquete,2,25.3,801,3,296,392,49,25,7,39,70,14,4,32,78,13,0,3,3,3,4,0,33,22/23
697157,Alexei Patrício,23.03.31_Pato Basquete,2,6.2,90,0,72,1,0,0,0,12,21,0,0,10,24,0,0,4,0,0,0,0,5,22/23
703092,Alexey Borges,23.03.31_Pato Basquete,2,26.1,1933,28,597,658,418,183,16,75,113,46,15,94,110,50,0,1,4,6,7,8,90,22/23
699682,Breno Leoterio,23.03.31_Pato Basquete,2,5.8,107,0,86,0,0,0,0,12,28,0,0,13,26,0,0,0,0,0,0,0,0,22/23
711729,Eden Ewing,23.03.31_Pato Basquete,2,25.8,1166,6,363,580,147,21,3,57,103,27,6,59,116,25,1,5,5,4,6,3,66,22/23
708457,Felipe Vezaro,23.03.31_Pato Basquete,2,26.5,1214,9,393,416,254,59,31,76,87,16,10,72,86,29,1,4,5,5,6,0,53,22/23
709286,Isaac Hamilton,23.03.31_Pato Basquete,2,27.0,854,7,349,303,109,35,27,38,48,13,5,40,53,12,1,17,4,3,3,2,55,22/23
703222,João Prado,23.03.31_Pato Basquete,2,7.3,141,0,109,7,0,0,0,12,29,0,0,15,28,0,0,0,0,0,0,0,0,22/23
708797,Lucas Faggiano,23.03.31_Pato Basquete,2,21.7,665,5,237,276,103,19,0,43,50,12,3,43,52,11,0,2,6,6,4,3,60,22/23
703456,Renan Lenz,23.03.31_Pato Basquete,2,26.2,1509,8,458,641,286,49,17,67,136,23,6,51,129,30,0,1,5,10,11,1,89,22/23
700115,Shaquille Johnson,23.03.31_Pato Basquete,2,23.5,953,4,477,287,110,26,0,50,73,17,6,49,87,15,0,7,4,6,4,0,51,22/23
709501,Yuri Neptune,23.03.31_Pato Basquete,2,7.5,118,0,88,3,0,0,0,15,43,1,0,15,45,1,0,0,0,0,0,0,0,22/23
692169,Alexandre Paranhos,23.03.31_Pato Basquete,3,26.0,785,5,256,339,131,26,6,44,60,16,2,39,63,16,0,1,1,2,5,0,31,22/23
697157,Alexei Patrício,23.03.31_Pato Basquete,3,5.3,29,0,25,0,0,0,0,2,5,0,0,4,3,0,0,0,0,0,0,0,0,22/23
703092,Alexey Borges,23.03.31_Pato Basquete,3,26.1,1211,9,280,491,282,84,41,56,72,27,6,56,75,27,0,0,4,3,2,6,54,22/23
699682,Breno Leoterio,23.03.31_Pato Basquete,3,5.5,23,0,18,0,0,0,0,2,9,0,0,7,5,0,0,0,0,0,0,0,0,22/23
711729,Eden Ewing,23.03.31_Pato Basquete,3,19.6,1028,2,298,523,162,11,0,43,67,30,6,53,86,20,0,3,2,1,5,4,50,22/23
708457,Felipe Vezaro,23.03.31_Pato Basquete,3,22.3,593,3,177,221,150,18,0,36,52,13,2,23,53,13,0,1,1,2,3,0,22,22/23
709286,Isaac Hamilton,23.03.31_Pato Basquete,3,27.5,881,9,252,322,161,49,73,33,59,17,7,35,52,18,0,7,1,1,3,4,46,22/23
703222,João Prado,23.03.31_Pato Basquete,3,4.2,24,0,10,0,0,0,0,9,11,0,0,11,10,0,0,0,0,0,0,0,0,22/23
708797,Lucas Faggiano,23.03.31_Pato Basquete,3,24.5,295,3,83,96,70,24,3,24,22,10,4,26,25,8,0,1,2,2,2,3,34,22/23
703456,Renan Lenz,23.03.31_Pato Basquete,3,24.2,954,8,282,405,162,67,2,56,80,22,5,38,96,17,0,4,3,2,7,0,45,22/23
700115,Shaquille Johnson,23.03.31_Pato Basquete,3,26.0,1318,3,469,533,234,26,11,83,87,26,5,57,96,26,0,1,2,3,8,2,58,22/23
709501,Yuri Neptune,23.03.31_Pato Basquete,3,5.3,34,0,23,0,0,0,0,6,20,0,0,4,22,0,0,0,0,0,0,0,0,22/23
692169,Alexandre Paranhos,23.03.31_Pato Basquete,4,25.9,1047,5,319,497,137,38,14,52,82,36,3,46,99,28,0,3,1,2,5,5,58,22/23
697157,Alexei Patrício,23.03.31_Pato Basquete,4,4.9,31,0,23,0,0,0,0,4,9,0,0,6,8,0,0,0,0,0,0,0,0,22/23
703092,Alexey Borges,23.03.31_Pato Basquete,4,26.1,1774,24,479,604,451,149,25,71,113,52,16,78,116,51,1,0,0,3,4,15,103,22/23
699682,Breno Leoterio,23.03.31_Pato Basquete,4,6.3,36,0,24,0,0,0,0,9,11,1,0,10,13,0,0,0,0,0,0,0,0,22/23
711729,Eden Ewing,23.03.31_Pato Basquete,4,22.0,620,4,214,265,83,22,0,27,59,11,6,28,60,17,0,8,3,2,4,1,43,22/23
708457,Felipe Vezaro,23.03.31_Pato Basquete,4,26.1,894,5,279,358,168,38,11,50,71,16,4,64,70,20,0,3,2,4,6,0,40,22/23
709286,Isaac Hamilton,23.03.31_Pato Basquete,4,5.1,17,0,10,0,0,0,0,2,7,0,0,6,4,0,0,15,0,0,0,0,16,22/23
703222,João Prado,23.03.31_Pato Basquete,4,10.6,106,0,72,9,0,0,0,16,21,0,0,22,15,0,0,0,0,0,0,0,0,22/23
708797,Lucas Faggiano,23.03.31_Pato Basquete,4,28.9,1187,9,409,412,218,49,45,59,99,29,10,53,89,36,2,1,3,6,5,3,59,22/23
703456,Renan Lenz,23.03.31_Pato Basquete,4,26.1,1685,17,490,667,345,107,25,70,113,37,11,63,115,47,1,0,3,5,14,1,82,22/23
700115,Shaquille Johnson,23.03.31_Pato Basquete,4,22.4,1062,9,436,372,170,39,0,45,80,26,7,49,84,25,0,5,4,4,5,1,51,22/23
709501,Yuri Neptune,23.03.31_Pato Basquete,4,9.2,84,0,57,5,0,0,0,7,44,0,0,6,47,1,0,0,0,0,0,0,0,22/23
692169,Alexandre Paranhos,23.04.03_Paulistano,1,25.6,1015,8,307,459,149,54,9,51,74,28,4,46,75,27,0,3,1,2,8,4,63,22/23
697157,Alexei Patrício,23.04.03_Paulistano,1,5.7,40,0,30,0,0,0,0,0,23,0,0,4,19,0,0,1,0,0,0,0,1,22/23
703092,Alexey Borges,23.04.03_Paulistano,1,26.3,631,10,179,225,127,48,23,37,43,14,8,44,35,21,0,0,1,2,2,4,33,22/23
699682,Breno Leoterio,23.04.03_Paulistano,1,5.9,30,0,21,0,0,0,0,3,16,0,0,3,17,0,0,1,0,0,0,0,1,22/23
711729,Eden Ewing,23.04.03_Paulistano,1,26.0,530,4,172,241,57,26,8,22,46,9,7,24,50,13,0,3,2,1,3,1,26,22/23
708457,Felipe Vezaro,23.04.03_Paulistano,1,21.5,1419,11,439,574,281,62,0,92,105,31,4,75,104,34,0,1,3,5,8,1,63,22/23
703222,João Prado,23.04.03_Paulistano,1,6.5,43,0,31,1,0,0,0,3,18,0,0,5,17,0,0,0,0,0,0,0,0,22/23
708797,Lucas Faggiano,23.04.03_Paulistano,1,23.4,779,7,239,310,142,63,0,28,56,18,9,33,52,24,0,1,2,2,4,1,31,22/23
703456,Renan Lenz,23.04.03_Paulistano,1,26.0,1040,7,365,427,148,50,9,66,87,19,2,45,89,23,0,2,5,4,8,1,64,22/23
700115,Shaquille Johnson,23.04.03_Paulistano,1,23.7,1316,11,508,489,208,57,0,72,104,24,7,70,99,32,0,2,3,7,7,1,63,22/23
685024,Wesley de Castro,23.04.03_Paulistano,1,20.4,454,1,168,190,59,8,0,21,50,14,1,29,53,9,0,3,2,2,2,1,25,22/23
709501,Yuri Neptune,23.04.03_Paulistano,1,6.6,41,0,30,1,0,0,0,0,24,1,0,1,25,0,0,0,0,0,0,0,0,22/23
692169,Alexandre Paranhos,23.04.03_Paulistano,2,20.2,640,2,195,321,77,10,0,46,51,12,8,38,70,15,0,3,2,1,3,5,44,22/23
697157,Alexei Patrício,23.04.03_Paulistano,2,6.5,86,0,69,3,0,0,0,3,20,0,0,10,16,0,0,3,1,1,1,0,12,22/23
703092,Alexey Borges,23.04.03_Paulistano,2,26.0,1699,19,602,613,308,88,15,87,113,33,13,97,106,36,1,0,3,8,8,11,117,22/23
699682,Breno Leoterio,23.04.03_Paulistano,2,5.5,103,0,77,0,0,0,0,19,26,0,0,14,31,0,0,0,0,0,0,0,0,22/23
711729,Eden Ewing,23.04.03_Paulistano,2,21.3,649,2,263,271,73,15,0,39,39,15,3,39,46,14,0,6,2,2,2,1,31,22/23
708457,Felipe Vezaro,23.04.03_Paulistano,2,24.0,846,3,338,297,121,40,1,46,84,12,1,51,72,16,0,4,4,4,4,5,63,22/23
703222,João Prado,23.04.03_Paulistano,2,5.2,72,0,50,0,0,0,0,15,23,0,0,17,20,0,0,0,0,0,0,0,0,22/23
708797,Lucas Faggiano,23.04.03_Paulistano,2,25.9,1154,6,411,444,204,30,5,69,109,25,5,67,104,29,0,3,2,4,6,3,60,22/23
703456,Renan Lenz,23.04.03_Paulistano,2,22.4,1720,11,613,725,241,72,0,86,135,28,3,76,133,30,0,1,7,9,12,0,92,22/23
700115,Shaquille Johnson,23.04.03_Paulistano,2,25.8,1494,15,614,461,265,81,6,72,108,32,11,63,117,37,0,8,5,7,8,0,73,22/23
685024,Wesley de Castro,23.04.03_Paulistano,2,26.0,575,5,246,175,82,27,16,23,46,14,3,29,46,14,0,4,6,5,4,2,57,22/23
709501,Yuri Neptune,23.04.03_Paulistano,2,6.3,69,0,47,1,0,0,0,9,37,0,0,11,38,0,0,0,0,0,0,0,0,22/23
692169,Alexandre Paranhos,23.04.03_Paulistano,3,19.8,354,1,144,143,36,6,0,33,35,10,2,21,47,6,0,3,0,1,2,0,16,22/23
697157,Alexei Patrício,23.04.03_Paulistano,3,5.1,47,0,33,0,0,0,0,7,18,0,0,7,18,0,0,0,0,0,0,0,0,22/23
703092,Alexey Borges,23.04.03_Paulistano,3,26.8,1639,18,477,632,314,108,46,76,102,38,20,82,98,49,1,0,2,3,6,12,93,22/23
699682,Breno Leoterio,23.04.03_Paulistano,3,5.5,59,0,41,0,0,0,0,4,27,0,0,8,24,0,0,0,0,0,0,0,0,22/23
711729,Eden Ewing,23.04.03_Paulistano,3,26.1,1363,9,383,576,276,61,23,62,104,22,11,58,120,29,0,4,3,3,5,4,59,22/23
708457,Felipe Vezaro,23.04.03_Paulistano,3,25.9,1565,16,454,633,298,115,12,69,107,34,9,80,96,39,0,1,3,6,11,0,70,22/23
703222,João Prado,23.04.03_Paulistano,3,5.3,76,0,53,0,0,0,0,9,26,0,0,17,18,0,0,0,0,0,0,0,0,22/23
708797,Lucas Faggiano,23.04.03_Paulistano,3,22.6,338,5,137,105,46,27,0,21,43,3,3,21,34,9,1,2,1,1,2,0,14,22/23
703456,Renan Lenz,23.04.03_Paulistano,3,26.2,1578,10,507,691,243,72,9,66,114,33,6,57,114,39,1,0,4,5,13,1,75,22/23
700115,Shaquille Johnson,23.04.03_Paulistano,3,22.6,1205,8,423,469,215,56,0,56,76,19,4,33,84,24,0,6,3,3,7,1,56,22/23
685024,Wesley de Castro,23.04.03_Paulistano,3,4.8,49,0,38,0,0,0,0,7,8,0,0,8,8,0,0,4,0,0,0,0,4,22/23
709501,Yuri Neptune,23.04.03_Paulistano,3,5.9,70,0,55,0,0,0,0,3,32,0,0,6,30,0,0,0,0,0,0,0,0,22/23
692169,Alexandre Paranhos,23.04.03_Paulistano,4,24.6,1316,5,397,685,130,41,3,64,103,45,9,71,126,33,0,1,2,3,9,7,82,22/23
697157,Alexei Patrício,23.04.03_Paulistano,4,19.6,225,1,75,104,32,3,0,19,13,5,1,11,19,5,0,2,1,2,0,0,9,22/23
703092,Alexey Borges,23.04.03_Paulistano,4,26.0,893,9,307,311,177,44,9,53,69,20,6,49,74,24,0,1,6,6,4,4,69,22/23
699682,Breno Leoterio,23.04.03_Paulistano,4,5.7,47,0,37,0,0,0,0,4,16,0,0,5,15,0,0,1,0,0,0,0,1,22/23
711729,Eden Ewing,23.04.03_Paulistano,4,15.3,268,0,107,107,37,0,0,22,24,8,0,28,28,4,0,7,1,0,2,0,17,22/23
708457,Felipe Vezaro,23.04.03_Paulistano,4,19.7,662,2,187,275,155,14,0,30,64,15,2,34,62,15,0,3,1,3,3,0,25,22/23
703222,João Prado,23.04.03_Paulistano,4,13.7,133,0,96,9,6,0,0,19,15,0,0,21,15,0,0,1,0,0,0,0,1,22/23
708797,Lucas Faggiano,23.04.03_Paulistano,4,26.1,1598,22,515,561,319,120,17,79,113,45,12,74,123,40,3,3,3,3,5,7,74,22/23
703456,Renan Lenz,23.04.03_Paulistano,4,22.1,1275,4,489,543,143,35,0,72,112,21,5,59,117,22,1,1,5,9,7,0,64,22/23
700115,Shaquille Johnson,23.04.03_Paulistano,4,25.9,1316,7,545,488,179,44,7,81,97,21,5,70,89,26,0,4,5,3,7,2,60,22/23
685024,Wesley de Castro,23.04.03_Paulistano,4,4.8,49,0,38,0,0,0,0,7,8,0,0,8,8,0,0,4,0,0,0,0,4,22/23
709501,Yuri Neptune,23.04.03_Paulistano,4,7.2,39,0,23,2,0,0,0,2,22,2,0,4,24,0,0,0,0,0,0,0,0,22/23
692169,Alexandre Paranhos,23.04.06_Unifacisa,1,21.9,973,8,308,464,127,44,0,52,71,20,5,49,75,19,0,3,4,2,3,8,63,22/23
697157,Alexei Patrício,23.04.06_Unifacisa,1,14.8,122,0,57,44,8,0,0,13,13,2,0,9,17,1,0,14,1,0,0,0,16,22/23
703092,Alexey Borges,23.04.06_Unifacisa,1,26.0,1160,17,258,433,307,122,13,48,65,20,10,45,55,28,1,0,7,2,2,5,55,22/23
699682,Breno Leoterio,23.04.06_Unifacisa,1,10.3,113,0,78,26,0,0,0,4,15,0,0,4,17,0,0,5,1,0,0,0,9,22/23
711729,Eden Ewing,23.04.06_Unifacisa,1,20.0,848,2,251,426,132,15,0,41,54,19,0,30,60,19,0,5,2,2,3,6,55,22/23
708457,Felipe Vezaro,23.04.06_Unifacisa,1,21.1,1256,5,323,557,297,43,0,66,95,16,2,55,75,25,0,2,3,2,7,4,63,22/23
708797,Lucas Faggiano,23.04.06_Unifacisa,1,20.3,745,3,235,323,154,8,0,48,42,20,3,39,55,14,0,2,2,2,2,1,29,22/23
700115,Shaquille Johnson,23.04.06_Unifacisa,1,23.2,1391,9,483,586,224,59,0,75,87,23,5,60,82,29,0,0,3,3,8,4,65,22/23
685024,Wesley de Castro,23.04.06_Unifacisa,1,26.2,945,5,317,399,150,29,15,39,87,12,8,39,74,24,0,2,5,2,6,4,61,22/23
692169,Alexandre Paranhos,23.04.06_Unifacisa,2,23.9,887,5,329,370,101,43,0,50,70,20,6,53,88,18,0,7,4,2,4,6,66,22/23
697157,Alexei Patrício,23.04.06_Unifacisa,2,6.7,106,0,90,1,0,0,0,11,16,0,0,10,17,0,0,7,0,0,0,0,7,22/23
703092,Alexey Borges,23.04.06_Unifacisa,2,26.0,1559,20,444,563,340,137,14,78,102,33,14,68,79,49,0,1,6,5,2,8,76,22/23
699682,Breno Leoterio,23.04.06_Unifacisa,2,13.5,134,0,88,24,5,0,0,8,25,0,0,10,27,0,0,3,0,0,0,0,3,22/23
711729,Eden Ewing,23.04.06_Unifacisa,2,26.2,1261,4,490,548,123,28,17,74,111,21,7,63,123,22,0,1,3,4,6,11,99,22/23
708457,Felipe Vezaro,23.04.06_Unifacisa,2,23.8,1179,12,402,474,185,60,0,70,96,18,8,84,77,26,0,4,6,4,10,2,76,22/23
708797,Lucas Faggiano,23.04.06_Unifacisa,2,27.7,1423,15,465,518,216,114,57,82,101,25,11,63,99,34,0,3,4,5,5,5,69,22/23
700115,Shaquille Johnson,23.04.06_Unifacisa,2,26.0,1000,6,407,345,140,53,17,65,60,19,4,54,62,20,0,11,4,5,4,1,55,22/23
685024,Wesley de Castro,23.04.06_Unifacisa,2,21.9,898,2,383,363,97,14,0,55,77,21,4,50,87,18,1,8,4,3,9,2,69,22/23
692169,Alexandre Paranhos,23.04.06_Unifacisa,3,17.7,567,0,193,263,74,0,0,34,56,25,1,38,65,14,0,7,3,2,3,4,53,22/23
697157,Alexei Patrício,23.04.06_Unifacisa,3,5.3,23,0,13,0,0,0,0,4,13,0,0,6,11,0,0,1,0,0,0,0,1,22/23
703092,Alexey Borges,23.04.06_Unifacisa,3,25.6,1006,8,374,289,183,87,16,61,80,17,6,75,72,19,0,1,4,5,3,3,52,22/23
699682,Breno Leoterio,23.04.06_Unifacisa,3,6.6,44,0,32,1,0,0,0,4,11,1,0,4,12,0,0,0,0,0,0,0,0,22/23
711729,Eden Ewing,23.04.06_Unifacisa,3,23.7,1189,10,404,483,174,77,0,64,118,20,8,57,103,27,0,6,3,4,7,9,92,22/23
708457,Felipe Vezaro,23.04.06_Unifacisa,3,26.0,1241,7,418,463,227,63,13,72,96,25,4,82,83,31,0,1,3,6,8,7,93,22/23
708797,Lucas Faggiano,23.04.06_Unifacisa,3,26.1,775,6,306,262,89,52,21,45,58,14,4,40,63,17,0,7,3,3,2,0,31,22/23
700115,Shaquille Johnson,23.04.06_Unifacisa,3,25.9,1418,14,467,482,316,75,16,66,105,28,10,61,93,40,0,5,5,5,8,5,85,22/23
685024,Wesley de Castro,23.04.06_Unifacisa,3,26.4,1367,9,518,509,204,65,10,78,110,26,7,69,112,28,1,0,3,6,12,7,105,22/23
692169,Alexandre Paranhos,23.04.06_Unifacisa,4,20.9,797,1,390,309,33,8,0,53,90,22,0,52,96,14,0,4,3,5,8,2,66,22/23
697157,Alexei Patrício,23.04.06_Unifacisa,4,4.5,18,0,10,0,0,0,0,4,10,0,0,4,9,0,0,1,0,0,0,0,1,22/23
703092,Alexey Borges,23.04.06_Unifacisa,4,26.0,1158,11,419,402,210,41,14,78,92,22,9,96,82,29,0,3,3,7,6,9,98,22/23
699682,Breno Leoterio,23.04.06_Unifacisa,4,5.2,26,0,16,0,0,0,0,3,14,0,0,9,9,0,0,0,0,0,0,0,0,22/23
711729,Eden Ewing,23.04.06_Unifacisa,4,21.6,726,1,259,327,102,5,0,38,70,16,3,36,73,15,0,2,5,4,2,3,45,22/23
708457,Felipe Vezaro,23.04.06_Unifacisa,4,22.4,864,4,329,328,119,27,0,54,85,21,2,67,81,15,0,8,4,4,2,2,45,22/23
708797,Lucas Faggiano,23.04.06_Unifacisa,4,26.8,1648,15,692,493,243,89,49,97,129,29,13,81,125,36,0,8,4,6,5,1,57,22/23
700115,Shaquille Johnson,23.04.06_Unifacisa,4,23.0,1125,7,472,383,178,21,0,68,101,26,4,68,109,22,0,5,6,6,8,3,81,22/23
685024,Wesley de Castro,23.04.06_Unifacisa,4,20.1,855,3,309,367,114,22,0,56,73,24,1,49,76,20,0,8,4,2,8,7,86,22/23
692169,Alexandre Paranhos,23.04.08_Fortaleza,1,24.8,860,6,236,419,122,44,4,39,71,19,5,41,72,21,0,3,0,1,6,3,46,22/23
697157,Alexei Patrício,23.04.08_Fortaleza,1,26.0,784,10,245,263,143,90,10,40,55,18,5,47,48,22,0,6,1,1,3,3,39,22/23
703092,Alexey Borges,23.04.08_Fortaleza,1,26.8,1213,14,306,439,309,104,19,60,57,27,7,46,65,33,1,0,5,3,4,7,67,22/23
699682,Breno Leoterio,23.04.08_Fortaleza,1,6.3,33,0,22,1,0,0,0,4,14,1,0,6,13,0,0,2,2,2,2,1,24,22/23
711729,Eden Ewing,23.04.08_Fortaleza,1,26.0,574,2,156,295,87,11,9,30,41,10,5,28,39,19,0,1,1,1,1,1,16,22/23
708457,Felipe Vezaro,23.04.08_Fortaleza,1,25.5,1126,9,337,469,221,58,4,68,70,25,4,62,73,30,0,3,1,3,8,2,58,22/23
708797,Lucas Faggiano,23.04.08_Fortaleza,1,25.8,771,10,235,245,214,41,6,34,53,19,4,35,43,24,0,1,1,3,5,5,58,22/23
703456,Renan Lenz,23.04.08_Fortaleza,1,21.6,589,2,240,221,73,23,0,32,70,10,2,24,62,13,0,3,4,3,7,0,49,22/23
700115,Shaquille Johnson,23.04.08_Fortaleza,1,19.3,630,2,275,229,91,6,0,41,44,12,3,33,51,10,0,2,2,4,2,0,26,22/23
685024,Wesley de Castro,23.04.08_Fortaleza,1,22.9,703,2,194,326,143,13,0,33,62,14,3,28,62,17,0,4,2,4,2,0,30,22/23
692169,Alexandre Paranhos,23.04.08_Fortaleza,2,20.1,970,2,420,405,89,6,0,50,81,29,0,43,87,18,0,5,4,2,6,2,55,22/23
697157,Alexei Patrício,23.04.08_Fortaleza,2,22.0,937,5,377,346,127,49,0,45,60,14,2,50,61,11,0,3,7,3,5,3,62,22/23
703092,Alexey Borges,23.04.08_Fortaleza,2,22.4,1011,10,380,374,157,59,0,56,67,15,5,54,53,21,0,6,8,4,3,5,71,22/23
699682,Breno Leoterio,23.04.08_Fortaleza,2,7.3,185,0,161,5,0,0,0,10,27,0,0,16,23,0,0,2,1,0,1,1,13,22/23
711729,Eden Ewing,23.04.08_Fortaleza,2,10.1,142,0,118,4,0,0,0,9,26,0,1,11,23,1,0,3,2,3,2,2,32,22/23
708457,Felipe Vezaro,23.04.08_Fortaleza,2,24.0,924,9,363,306,158,53,1,63,64,8,8,64,51,25,0,11,5,3,5,2,58,22/23
708797,Lucas Faggiano,23.04.08_Fortaleza,2,26.1,933,9,324,306,202,49,11,57,72,23,5,47,64,25,1,7,3,3,3,1,40,22/23
703456,Renan Lenz,23.04.08_Fortaleza,2,26.7,1646,13,615,593,277,86,21,68,116,31,10,65,114,35,0,0,2,10,11,3,94,22/23
700115,Shaquille Johnson,23.04.08_Fortaleza,2,22.0,1467,7,664,495,201,41,0,76,105,21,5,76,115,23,0,6,8,6,6,1,67,22/23
685024,Wesley de Castro,23.04.08_Fortaleza,2,28.0,630,1,256,275,52,6,18,31,44,8,3,34,42,12,0,10,5,3,2,1,41,22/23
692169,Alexandre Paranhos,23.04.08_Fortaleza,3,26.3,805,6,259,353,119,27,10,38,70,20,6,40,70,28,1,7,3,1,3,5,51,22/23
697157,Alexei Patrício,23.04.08_Fortaleza,3,26.0,747,6,258,249,120,64,25,31,64,8,4,30,62,12,1,7,7,3,2,2,47,22/23
703092,Alexey Borges,23.04.08_Fortaleza,3,26.2,893,10,280,263,219,72,15,44,68,18,5,50,62,22,1,6,2,3,6,2,50,22/23
699682,Breno Leoterio,23.04.08_Fortaleza,3,7.1,87,0,65,4,0,0,0,3,36,1,0,8,33,0,0,1,0,0,0,0,1,22/23
711729,Eden Ewing,23.04.08_Fortaleza,3,16.1,446,0,172,223,32,0,0,22,54,6,0,27,44,6,0,3,2,2,5,1,36,22/23
708457,Felipe Vezaro,23.04.08_Fortaleza,3,22.5,1318,12,355,565,299,59,0,77,89,27,4,62,74,37,0,1,5,3,7,6,76,22/23
708797,Lucas Faggiano,23.04.08_Fortaleza,3,26.0,1319,24,360,413,297,163,43,63,88,37,13,49,76,51,1,7,3,2,4,3,53,22/23
703456,Renan Lenz,23.04.08_Fortaleza,3,25.5,1330,11,416,494,290,74,7,64,110,27,3,59,101,33,0,1,2,4,9,4,71,22/23
700115,Shaquille Johnson,23.04.08_Fortaleza,3,21.6,711,8,250,257,132,46,0,47,46,11,4,40,43,17,0,5,2,1,5,1,36,22/23
685024,Wesley de Castro,23.04.08_Fortaleza,3,19.2,580,2,254,209,66,13,0,36,63,16,3,38,67,13,0,6,3,2,5,1,44,22/23
692169,Alexandre Paranhos,23.04.08_Fortaleza,4,26.0,638,2,260,275,40,18,7,30,60,15,3,38,68,7,0,10,2,3,3,2,43,22/23
697157,Alexei Patrício,23.04.08_Fortaleza,4,23.4,537,4,248,158,74,19,0,30,50,8,2,25,53,6,1,17,9,2,1,0,44,22/23
703092,Alexey Borges,23.04.08_Fortaleza,4,25.9,1962,20,752,588,383,125,8,98,135,34,15,112,108,48,0,0,7,9,11,8,125,22/23
699682,Breno Leoterio,23.04.08_Fortaleza,4,5.8,165,0,141,0,0,0,0,13,27,0,0,19,24,0,0,0,0,0,0,0,0,22/23
711729,Eden Ewing,23.04.08_Fortaleza,4,24.2,351,3,107,166,38,25,2,18,27,8,2,17,27,7,0,6,7,4,4,4,69,22/23
708457,Felipe Vezaro,23.04.08_Fortaleza,4,21.9,1233,8,544,388,164,59,0,91,97,21,5,90,104,18,0,14,7,8,3,2,74,22/23
708797,Lucas Faggiano,23.04.08_Fortaleza,4,25.9,1215,12,504,386,178,80,6,55,109,25,3,60,110,21,1,7,4,4,2,1,36,22/23
703456,Renan Lenz,23.04.08_Fortaleza,4,26.0,1581,9,645,566,211,88,6,67,120,39,1,56,144,32,1,2,3,6,14,4,98,22/23
700115,Shaquille Johnson,23.04.08_Fortaleza,4,25.8,1275,10,576,399,179,36,8,80,96,26,7,59,104,30,0,8,5,7,6,1,69,22/23
685024,Wesley de Castro,23.04.08_Fortaleza,4,23.0,1223,3,587,396,151,28,0,65,112,19,1,59,102,21,0,6,7,9,10,2,97,22/23
692169,Alexandre Paranhos,23.04.27_Paulistano,1,26.0,929,8,272,437,100,79,7,40,66,22,7,34,75,23,0,4,2,1,5,4,51,22/23
697157,Alexei Patrício,23.04.27_Paulistano,1,13.5,134,0,61,44,4,0,0,19,33,3,0,18,35,1,0,14,1,0,0,0,17,22/23
703092,Alexey Borges,23.04.27_Paulistano,1,26.1,1375,16,394,508,287,95,40,82,86,30,15,77,85,38,1,0,5,4,4,9,83,22/23
699682,Breno Leoterio,23.04.27_Paulistano,1,6.9,81,0,57,4,0,0,0,10,31,0,0,10,32,0,0,0,0,0,0,0,0,22/23
686753,Daniel Duque,23.04.27_Paulistano,1,6.7,38,0,27,1,0,0,0,4,17,1,0,5,17,0,0,2,0,0,0,0,2,22/23
711729,Eden Ewing,23.04.27_Paulistano,1,5.5,21,0,13,0,0,0,0,3,15,0,0,3,16,0,0,6,0,0,0,0,6,22/23
708457,Felipe Vezaro,23.04.27_Paulistano,1,26.1,1595,14,492,590,315,136,12,80,109,28,4,79,94,34,0,1,5,3,11,1,71,22/23
708797,Lucas Faggiano,23.04.27_Paulistano,1,26.7,691,6,271,258,76,40,13,30,67,9,4,34,63,15,0,6,3,2,3,2,38,22/23
703456,Renan Lenz,23.04.27_Paulistano,1,25.4,1524,12,499,669,216,87,3,78,109,37,3,49,124,33,1,0,1,3,13,4,86,22/23
700115,Shaquille Johnson,23.04.27_Paulistano,1,26.0,1197,9,496,424,176,43,6,74,85,16,11,49,99,24,0,6,3,6,5,2,59,22/23
685024,Wesley de Castro,23.04.27_Paulistano,1,17.5,627,0,264,273,52,0,0,40,64,14,4,45,77,9,0,4,2,3,4,0,33,22/23
709501,Yuri Neptune,23.04.27_Paulistano,1,7.3,87,0,55,8,0,0,0,10,40,2,0,12,42,0,0,2,0,0,0,0,4,22/23
692169,Alexandre Paranhos,23.04.27_Paulistano,2,24.0,510,2,193,184,73,26,0,22,62,8,4,31,47,17,0,4,3,2,3,1,32,22/23
697157,Alexei Patrício,23.04.27_Paulistano,2,15.6,106,0,59,25,9,0,0,11,15,2,1,7,20,1,0,2,0,0,0,0,3,22/23
703092,Alexey Borges,23.04.27_Paulistano,2,26.5,1594,21,447,604,270,166,52,80,91,36,9,82,97,34,0,0,3,5,7,10,99,22/23
699682,Breno Leoterio,23.04.27_Paulistano,2,6.4,54,0,40,0,0,0,0,8,16,1,0,12,15,0,0,0,0,0,0,0,0,22/23
686753,Daniel Duque,23.04.27_Paulistano,2,5.4,27,0,18,0,0,0,0,8,10,0,0,7,11,0,0,0,0,0,0,0,0,22/23
711729,Eden Ewing,23.04.27_Paulistano,2,20.8,715,5,218,349,103,22,0,28,54,19,5,27,58,22,0,7,3,2,4,1,41,22/23
708457,Felipe Vezaro,23.04.27_Paulistano,2,26.1,1117,8,359,406,230,52,20,70,83,24,1,65,83,25,0,7,4,6,4,1,50,22/23
708797,Lucas Faggiano,23.04.27_Paulistano,2,24.7,771,6,286,277,141,30,3,35,76,13,3,47,65,15,0,4,3,3,4,0,37,22/23
703456,Renan Lenz,23.04.27_Paulistano,2,26.0,1111,11,381,399,172,98,14,48,88,19,1,41,85,25,0,1,9,5,8,3,78,22/23
700115,Shaquille Johnson,23.04.27_Paulistano,2,25.9,1581,16,517,599,297,105,6,90,94,32,13,62,113,37,0,2,4,5,10,4,85,22/23
685024,Wesley de Castro,23.04.27_Paulistano,2,26.1,1061,10,311,436,204,58,14,59,73,32,7,66,67,33,1,7,2,3,9,2,63,22/23
709501,Yuri Neptune,23.04.27_Paulistano,2,6.4,59,0,40,1,0,0,0,8,27,1,0,10,29,0,0,0,0,0,0,0,1,22/23
692169,Alexandre Paranhos,23.04.27_Paulistano,3,26.1,1066,6,317,453,203,30,14,51,82,28,4,44,94,32,0,3,0,2,7,6,68,22/23
697157,Alexei Patrício,23.04.27_Paulistano,3,6.5,41,0,27,4,0,0,0,2,16,0,0,5,13,0,0,1,0,0,0,0,1,22/23
703092,Alexey Borges,23.04.27_Paulistano,3,27.4,1454,25,375,533,303,159,34,70,98,37,12,70,81,43,0,0,1,3,6,10,84,22/23
699682,Breno Leoterio,23.04.27_Paulistano,3,5.1,36,0,28,0,0,0,0,2,15,0,0,3,14,0,0,0,0,0,0,0,0,22/23
686753,Daniel Duque,23.04.27_Paulistano,3,5.1,7,0,5,0,0,0,0,0,3,0,0,1,3,0,0,0,0,0,0,0,0,22/23
711729,Eden Ewing,23.04.27_Paulistano,3,24.7,460,5,107,206,76,56,2,25,30,13,4,20,37,11,0,4,1,1,2,1,22,22/23
708457,Felipe Vezaro,23.04.27_Paulistano,3,21.3,1189,8,314,495,281,46,0,71,95,31,2,56,94,30,0,3,3,6,8,0,60,22/23
708797,Lucas Faggiano,23.04.27_Paulistano,3,26.9,692,8,241,241,99,62,13,47,60,16,4,28,76,14,0,2,2,3,4,2,40,22/23
703456,Renan Lenz,23.04.27_Paulistano,3,26.0,1217,5,421,473,228,42,10,47,97,29,2,54,99,28,0,0,4,3,11,2,69,22/23
700115,Shaquille Johnson,23.04.27_Paulistano,3,25.5,1066,9,377,392,175,69,9,55,72,20,5,43,69,29,0,5,2,2,7,2,55,22/23
685024,Wesley de Castro,23.04.27_Paulistano,3,26.3,622,5,208,230,103,30,29,35,41,11,6,28,42,19,2,5,1,2,5,1,35,22/23
709501,Yuri Neptune,23.04.27_Paulistano,3,5.1,28,0,17,0,0,0,0,4,16,0,0,2,18,0,0,0,0,0,0,0,0,22/23
692169,Alexandre Paranhos,23.04.27_Paulistano,4,24.3,1053,8,403,423,124,43,3,53,86,26,7,54,90,29,0,6,3,4,8,3,71,22/23
697157,Alexei Patrício,23.04.27_Paulistano,4,14.3,168,0,98,44,2,0,0,21,31,1,1,15,39,1,0,2,1,0,0,0,3,22/23
703092,Alexey Borges,23.04.27_Paulistano,4,26.4,1604,18,550,538,311,102,42,81,102,32,9,79,114,27,0,0,7,8,11,5,104,22/23
699682,Breno Leoterio,23.04.27_Paulistano,4,7.6,135,0,93,22,0,0,0,6,38,1,0,10,38,0,0,2,2,1,0,1,16,22/23
686753,Daniel Duque,23.04.27_Paulistano,4,7.3,89,0,67,7,0,0,0,4,27,2,0,10,26,0,0,2,0,0,0,0,3,22/23
711729,Eden Ewing,23.04.27_Paulistano,4,23.5,504,3,165,219,68,24,0,18,45,12,4,28,60,6,0,15,3,1,2,2,38,22/23
708457,Felipe Vezaro,23.04.27_Paulistano,4,26.0,683,4,293,204,84,24,9,44,94,15,4,52,87,16,0,5,5,4,2,2,46,22/23
708797,Lucas Faggiano,23.04.27_Paulistano,4,26.8,1096,9,343,387,217,59,36,57,99,24,6,62,89,29,1,5,4,3,6,3,58,22/23
703456,Renan Lenz,23.04.27_Paulistano,4,26.0,1831,13,677,730,225,107,14,88,149,35,8,69,153,42,0,0,4,8,18,1,107,22/23
700115,Shaquille Johnson,23.04.27_Paulistano,4,23.6,1510,7,642,559,190,36,0,97,113,41,5,72,139,31,0,5,5,8,10,2,88,22/23
685024,Wesley de Castro,23.04.27_Paulistano,4,20.0,658,3,268,250,79,22,0,35,72,12,3,34,76,11,0,18,3,2,3,2,52,22/23
709501,Yuri Neptune,23.04.27_Paulistano,4,14.0,135,0,83,30,3,0,0,12,33,1,0,14,32,1,0,1,0,0,0,0,1,22/23
692169,Alexandre Paranhos,23.04.30_Paulistano,1,22.9,1129,7,366,541,133,50,0,66,80,24,3,43,78,31,0,5,4,3,7,2,60,22/23
697157,Alexei Patrício,23.04.30_Paulistano,1,15.5,126,0,50,46,11,0,0,10,31,0,2,12,30,1,0,12,1,1,0,0,16,22/23
703092,Alexey Borges,23.04.30_Paulistano,1,25.7,1551,17,415,602,333,143,11,72,99,31,14,83,88,39,0,2,5,4,4,2,48,22/23
699682,Breno Leoterio,23.04.30_Paulistano,1,6.5,56,0,42,0,0,0,0,3,25,1,0,3,27,0,0,0,0,0,0,0,0,22/23
686753,Daniel Duque,23.04.30_Paulistano,1,8.2,66,0,45,5,0,0,0,6,27,0,0,5,27,1,0,12,2,0,0,0,16,22/23
711729,Eden Ewing,23.04.30_Paulistano,1,25.9,457,2,174,185,51,13,5,22,49,12,5,29,59,10,0,6,4,2,3,1,39,22/23
708457,Felipe Vezaro,23.04.30_Paulistano,1,23.1,1641,13,552,626,324,80,0,84,125,21,5,93,95,32,1,0,4,7,11,1,79,22/23
708797,Lucas Faggiano,23.04.30_Paulistano,1,23.4,778,6,384,206,86,57,0,43,72,12,4,53,65,13,0,4,2,3,3,1,37,22/23
703456,Renan Lenz,23.04.30_Paulistano,1,25.8,897,7,277,418,115,48,5,56,72,19,3,36,88,15,1,0,11,3,6,4,72,22/23
700115,Shaquille Johnson,23.04.30_Paulistano,1,21.5,1115,10,318,473,247,38,0,74,76,19,4,54,66,25,0,8,2,4,7,2,60,22/23
685024,Wesley de Castro,23.04.30_Paulistano,1,25.7,631,5,209,247,90,34,12,37,69,9,4,45,55,18,0,2,2,4,5,1,41,22/23
709501,Yuri Neptune,23.04.30_Paulistano,1,7.4,84,0,61,5,0,0,0,6,35,2,0,9,35,1,0,4,0,0,0,0,4,22/23
692169,Alexandre Paranhos,23.04.30_Paulistano,2,24.9,770,6,259,303,137,31,5,38,64,22,0,27,72,20,0,8,3,2,3,1,38,22/23
697157,Alexei Patrício,23.04.30_Paulistano,2,6.8,134,0,104,7,0,0,0,11,31,0,0,16,24,1,0,7,0,0,0,0,7,22/23
703092,Alexey Borges,23.04.30_Paulistano,2,26.5,1596,23,478,520,318,161,62,87,90,25,22,69,103,39,0,5,4,6,3,2,53,22/23
699682,Breno Leoterio,23.04.30_Paulistano,2,6.8,131,0,107,3,0,0,0,9,34,2,0,12,34,0,0,0,0,0,0,0,0,22/23
686753,Daniel Duque,23.04.30_Paulistano,2,10.7,102,0,70,9,0,0,0,10,29,2,1,10,31,2,0,8,0,0,0,0,8,22/23
711729,Eden Ewing,23.04.30_Paulistano,2,9.8,104,0,80,4,0,0,0,7,25,1,0,12,20,1,0,11,1,0,0,0,13,22/23
708457,Felipe Vezaro,23.04.30_Paulistano,2,22.6,812,8,290,233,184,61,0,43,68,14,4,47,62,19,0,8,3,3,4,0,40,22/23
708797,Lucas Faggiano,23.04.30_Paulistano,2,27.1,1336,20,403,443,287,125,27,65,85,32,15,56,90,41,1,3,2,2,5,7,67,22/23
703456,Renan Lenz,23.04.30_Paulistano,2,22.4,1124,7,370,491,170,46,0,52,96,20,7,44,94,30,0,1,7,6,9,3,81,22/23
700115,Shaquille Johnson,23.04.30_Paulistano,2,25.8,1677,15,594,582,316,103,33,72,109,28,7,55,107,36,0,2,4,6,11,3,86,22/23
685024,Wesley de Castro,23.04.30_Paulistano,2,26.5,1340,10,511,476,206,65,29,55,118,29,5,45,118,31,1,2,3,6,11,3,84,22/23
709501,Yuri Neptune,23.04.30_Paulistano,2,6.4,148,0,112,5,0,0,0,13,47,0,0,20,43,0,0,1,0,0,0,0,1,22/23
692169,Alexandre Paranhos,23.04.30_Paulistano,3,9.3,121,0,94,12,0,0,0,10,24,2,0,11,27,0,0,3,0,0,0,0,7,22/23
697157,Alexei Patrício,23.04.30_Paulistano,3,6.3,76,0,56,2,0,0,0,9,28,0,0,9,27,0,0,2,0,0,0,0,2,22/23
703092,Alexey Borges,23.04.30_Paulistano,3,26.0,1317,16,388,515,259,107,11,67,83,20,7,70,67,31,0,1,7,3,2,1,35,22/23
699682,Breno Leoterio,23.04.30_Paulistano,3,6.4,64,0,49,1,0,0,0,3,26,1,0,8,26,0,0,0,0,0,0,0,0,22/23
686753,Daniel Duque,23.04.30_Paulistano,3,6.2,30,0,20,2,0,0,0,2,17,0,0,3,18,0,0,4,0,0,0,0,4,22/23
711729,Eden Ewing,23.04.30_Paulistano,3,26.1,892,6,302,369,134,36,13,38,73,24,5,40,86,18,0,3,1,2,4,6,56,22/23
708457,Felipe Vezaro,23.04.30_Paulistano,3,26.0,1510,11,498,564,309,60,24,83,113,24,9,76,96,31,0,1,4,6,7,3,70,22/23
708797,Lucas Faggiano,23.04.30_Paulistano,3,26.2,598,6,208,195,126,28,9,26,48,11,6,34,49,12,1,1,3,2,4,1,33,22/23
703456,Renan Lenz,23.04.30_Paulistano,3,26.0,1100,12,341,439,196,72,6,57,89,36,3,43,108,28,0,2,5,3,6,6,73,22/23
700115,Shaquille Johnson,23.04.30_Paulistano,3,24.8,1138,9,401,398,203,73,12,72,73,22,11,55,87,23,0,5,2,3,9,2,64,22/23
685024,Wesley de Castro,23.04.30_Paulistano,3,27.5,1067,6,332,484,147,30,19,57,98,20,6,50,100,24,1,4,4,4,7,0,51,22/23
709501,Yuri Neptune,23.04.30_Paulistano,3,5.8,67,0,43,0,0,0,0,6,49,0,0,7,48,0,0,0,0,0,0,0,0,22/23
692169,Alexandre Paranhos,23.04.30_Paulistano,4,5.3,60,0,41,0,0,0,0,12,21,0,0,14,19,0,0,1,1,1,1,0,8,22/23
697157,Alexei Patrício,23.04.30_Paulistano,4,7.0,84,0,55,3,0,0,0,21,27,0,0,23,24,0,0,4,0,0,0,0,4,22/23
703092,Alexey Borges,23.04.30_Paulistano,4,26.5,1567,16,557,582,226,93,27,89,104,29,17,94,95,40,0,2,5,11,6,4,89,22/23
699682,Breno Leoterio,23.04.30_Paulistano,4,7.2,87,0,61,3,0,0,0,15,36,2,0,16,39,0,0,0,0,0,0,0,0,22/23
686753,Daniel Duque,23.04.30_Paulistano,4,7.6,86,0,60,5,0,0,0,10,33,2,0,12,34,1,0,10,1,0,0,0,12,22/23
711729,Eden Ewing,23.04.30_Paulistano,4,26.0,1461,8,555,578,197,47,21,66,135,28,10,51,138,36,0,1,4,8,4,13,118,22/23
708457,Felipe Vezaro,23.04.30_Paulistano,4,20.0,542,1,273,173,44,4,0,34,70,9,0,48,60,8,0,12,2,2,0,0,22,22/23
708797,Lucas Faggiano,23.04.30_Paulistano,4,25.5,994,6,431,341,127,38,6,52,88,18,4,47,91,17,0,6,4,4,4,1,48,22/23
703456,Renan Lenz,23.04.30_Paulistano,4,26.2,1616,12,656,584,228,74,6,71,133,27,5,82,123,26,0,0,9,9,9,4,101,22/23
700115,Shaquille Johnson,23.04.30_Paulistano,4,26.2,1060,7,507,343,121,32,14,58,77,22,5,58,81,23,0,13,4,4,5,1,63,22/23
685024,Wesley de Castro,23.04.30_Paulistano,4,20.9,714,4,216,339,111,14,0,39,63,18,3,29,69,15,0,14,5,2,1,0,35,22/23
709501,Yuri Neptune,23.04.30_Paulistano,4,10.9,88,0,57,4,0,0,0,11,42,0,1,12,42,0,0,0,0,0,0,0,0,22/23
692169,Alexandre Paranhos,23.05.02_Paulistano,1,24.6,1302,9,303,662,262,27,2,69,87,34,5,44,110,32,0,0,2,4,5,4,61,22/23
697157,Alexei Patrício,23.05.02_Paulistano,1,9.9,77,0,47,14,0,0,0,6,22,3,1,10,23,0,0,14,1,0,0,0,15,22/23
703092,Alexey Borges,23.05.02_Paulistano,1,26.6,1553,19,417,580,312,139,47,80,81,39,15,78,83,53,0,0,0,1,5,13,88,22/23
699682,Breno Leoterio,23.05.02_Paulistano,1,6.6,50,0,33,2,0,0,0,5,30,0,0,5,31,0,0,1,0,0,0,0,2,22/23
686753,Daniel Duque,23.05.02_Paulistano,1,6.2,42,0,29,1,0,0,0,4,24,0,0,2,24,1,0,7,1,1,1,0,18,22/23
711729,Eden Ewing,23.05.02_Paulistano,1,17.0,79,0,42,12,18,0,0,3,12,1,0,7,7,1,0,9,1,0,0,0,12,22/23
708457,Felipe Vezaro,23.05.02_Paulistano,1,26.0,1113,13,340,426,210,77,8,57,93,23,6,51,94,28,0,4,3,4,5,1,49,22/23
708797,Lucas Faggiano,23.05.02_Paulistano,1,21.0,576,1,206,233,98,6,0,41,49,11,4,32,48,17,0,2,4,1,2,1,24,22/23
703456,Renan Lenz,23.05.02_Paulistano,1,26.0,992,9,261,364,245,68,16,46,75,19,7,41,75,27,0,0,7,2,4,5,65,22/23
700115,Shaquille Johnson,23.05.02_Paulistano,1,25.1,1223,9,388,527,201,65,5,61,88,29,7,60,84,36,0,6,3,4,4,1,43,22/23
685024,Wesley de Castro,23.05.02_Paulistano,1,20.6,591,4,188,269,85,25,0,35,43,13,1,29,54,8,0,2,2,2,3,0,23,22/23
709501,Yuri Neptune,23.05.02_Paulistano,1,7.8,75,0,55,3,0,0,0,3,37,2,0,6,34,2,0,6,2,1,1,1,22,22/23
692169,Alexandre Paranhos,23.05.02_Paulistano,2,27.1,827,5,324,330,83,40,16,44,59,16,1,40,65,14,1,9,5,2,3,4,56,22/23
697157,Alexei Patrício,23.05.02_Paulistano,2,26.0,880,7,316,320,171,24,16,37,71,26,6,41,81,19,0,4,7,4,3,5,68,22/23
703092,Alexey Borges,23.05.02_Paulistano,2,26.3,810,5,298,285,113,56,26,40,49,21,2,44,62,15,0,0,7,8,3,6,77,22/23
699682,Breno Leoterio,23.05.02_Paulistano,2,5.8,93,0,74,0,0,0,0,5,29,0,0,12,24,0,0,1,0,0,0,0,2,22/23
686753,Daniel Duque,23.05.02_Paulistano,2,6.3,91,0,67,2,0,0,0,10,33,0,0,12,31,0,0,6,2,1,1,1,21,22/23
711729,Eden Ewing,23.05.02_Paulistano,2,24.5,792,6,270,303,135,44,3,42,64,14,7,40,63,21,0,8,4,1,2,5,51,22/23
708457,Felipe Vezaro,23.05.02_Paulistano,2,5.4,94,0,66,0,0,0,0,15,42,0,0,15,41,0,0,9,3,2,1,1,32,22/23
708797,Lucas Faggiano,23.05.02_Paulistano,2,26.1,1289,11,472,445,234,71,17,55,98,32,9,56,109,28,0,6,3,5,2,7,66,22/23
703456,Renan Lenz,23.05.02_Paulistano,2,23.9,839,6,328,297,131,38,0,38,80,18,2,31,87,13,0,2,10,5,5,2,63,22/23
700115,Shaquille Johnson,23.05.02_Paulistano,2,25.2,1097,10,452,404,115,73,3,60,77,26,2,56,82,19,0,6,7,2,5,2,61,22/23
685024,Wesley de Castro,23.05.02_Paulistano,2,26.8,1197,8,453,456,175,36,24,68,92,24,7,58,94,30,0,1,7,6,7,2,67,22/23
709501,Yuri Neptune,23.05.02_Paulistano,2,7.6,113,0,83,3,0,0,0,8,49,1,0,16,49,0,0,6,3,1,1,1,24,22/23
692169,Alexandre Paranhos,23.05.02_Paulistano,3,26.1,507,3,143,242,60,20,5,42,51,16,3,34,60,10,1,8,2,1,1,3,37,22/23
697157,Alexei Patrício,23.05.02_Paulistano,3,19.6,136,1,68,30,9,4,0,17,33,2,0,20,31,1,0,8,3,2,1,1,25,22/23
703092,Alexey Borges,23.05.02_Paulistano,3,26.4,1395,15,371,503,343,88,29,80,84,36,15,75,83,47,1,0,1,4,4,12,91,22/23
699682,Breno Leoterio,23.05.02_Paulistano,3,7.0,78,0,52,5,0,0,0,5,33,1,0,14,28,0,0,1,0,0,0,0,7,22/23
686753,Daniel Duque,23.05.02_Paulistano,3,7.8,89,0,60,9,0,0,0,6,33,2,0,12,31,0,0,5,1,1,0,0,11,22/23
711729,Eden Ewing,23.05.02_Paulistano,3,24.3,176,2,66,34,30,29,3,10,17,3,2,9,18,5,0,4,2,1,0,1,15,22/23
708457,Felipe Vezaro,23.05.02_Paulistano,3,24.5,1292,8,413,553,199,76,3,83,100,22,3,80,88,25,0,3,4,3,8,3,65,22/23
708797,Lucas Faggiano,23.05.02_Paulistano,3,20.9,396,3,155,135,62,15,0,24,45,10,3,25,52,7,0,3,1,0,2,1,19,22/23
703456,Renan Lenz,23.05.02_Paulistano,3,26.0,1529,19,398,626,322,118,17,71,97,31,10,45,105,44,0,0,2,2,9,8,86,22/23
700115,Shaquille Johnson,23.05.02_Paulistano,3,25.9,1196,11,438,464,161,78,7,71,94,21,2,54,89,25,0,4,2,5,7,2,62,22/23
685024,Wesley de Castro,23.05.02_Paulistano,3,25.3,863,7,295,348,130,39,6,41,87,19,3,44,82,22,0,3,2,3,5,5,58,22/23
709501,Yuri Neptune,23.05.02_Paulistano,3,7.1,64,0,42,4,0,0,0,3,36,1,0,6,35,0,0,2,0,0,0,0,2,22/23
692169,Alexandre Paranhos,23.05.02_Paulistano,4,7.0,85,0,61,2,0,0,0,11,32,0,0,13,32,0,0,7,1,0,0,0,12,22/23
697157,Alexei Patrício,23.05.02_Paulistano,4,7.2,150,0,107,11,0,0,0,18,39,3,0,22,41,0,0,32,1,0,0,0,34,22/23
703092,Alexey Borges,23.05.02_Paulistano,4,26.5,1699,14,718,497,284,101,10,97,112,33,13,117,99,35,0,0,6,10,10,9,130,22/23
699682,Breno Leoterio,23.05.02_Paulistano,4,7.5,114,0,83,4,0,0,0,10,40,0,0,13,38,0,0,1,1,1,0,0,8,22/23
686753,Daniel Duque,23.05.02_Paulistano,4,7.1,117,0,85,7,0,0,0,10,41,2,0,14,41,0,0,9,0,0,0,0,11,22/23
711729,Eden Ewing,23.05.02_Paulistano,4,22.7,1163,6,446,524,97,27,0,63,107,31,3,60,121,21,0,6,5,4,7,5,82,22/23
708457,Felipe Vezaro,23.05.02_Paulistano,4,16.4,186,0,105,35,12,0,0,22,49,1,0,22,49,2,0,11,1,0,0,0,13,22/23
708797,Lucas Faggiano,23.05.02_Paulistano,4,26.2,1662,14,648,610,235,59,26,93,154,32,14,89,156,30,0,12,7,6,5,3,82,22/23
703456,Renan Lenz,23.05.02_Paulistano,4,24.1,1077,4,421,406,147,51,2,44,96,23,4,51,97,21,0,2,13,9,8,2,98,22/23
700115,Shaquille Johnson,23.05.02_Paulistano,4,25.8,1808,15,779,557,250,115,7,89,153,38,11,108,139,40,0,5,8,9,11,3,107,22/23
685024,Wesley de Castro,23.05.02_Paulistano,4,25.2,1561,5,664,603,160,39,8,90,160,26,8,71,155,40,0,1,8,10,15,1,114,22/23
709501,Yuri Neptune,23.05.02_Paulistano,4,8.4,133,0,89,8,0,0,0,12,52,2,0,21,49,0,0,3,0,0,0,0,3,22/23
692169,Alexandre Paranhos,23.05.07_Paulistano,1,22.8,921,4,245,416,193,30,0,39,76,22,5,42,74,31,0,4,1,2,5,3,45,22/23
697157,Alexei Patrício,23.05.07_Paulistano,1,21.9,193,2,100,43,20,6,0,13,34,5,3,17,34,4,1,4,3,3,1,1,30,22/23
703092,Alexey Borges,23.05.07_Paulistano,1,27.5,1618,25,453,528,375,144,71,76,86,40,19,66,98,46,0,0,2,3,5,12,94,22/23
699682,Breno Leoterio,23.05.07_Paulistano,1,11.7,132,0,92,20,0,0,0,7,38,0,0,11,35,0,0,1,0,0,0,0,1,22/23
711729,Eden Ewing,23.05.07_Paulistano,1,20.6,563,4,189,225,109,13,0,31,44,15,4,24,58,13,0,2,2,3,3,1,31,22/23
708457,Felipe Vezaro,23.05.07_Paulistano,1,26.0,1601,19,413,596,426,108,9,82,107,49,6,68,104,47,0,2,3,4,12,1,72,22/23
709286,Isaac Hamilton,23.05.07_Paulistano,1,0.0,0,0,0,0,0,0,0,0,0,0,0,0,0,0,0,4,2,1,1,0,13,22/23
708797,Lucas Faggiano,23.05.07_Paulistano,1,26.0,710,8,259,245,120,38,8,35,75,10,5,37,55,21,0,1,4,4,2,2,35,22/23
703456,Renan Lenz,23.05.07_Paulistano,1,26.0,1059,8,267,472,202,61,21,45,84,24,4,38,86,27,0,5,6,3,8,1,60,22/23
700115,Shaquille Johnson,23.05.07_Paulistano,1,25.9,1126,4,440,426,194,11,4,59,82,30,3,58,96,17,0,5,4,5,6,3,63,22/23
685024,Wesley de Castro,23.05.07_Paulistano,1,26.2,662,6,252,219,108,34,13,36,58,18,2,35,60,14,2,4,2,4,3,0,34,22/23
709501,Yuri Neptune,23.05.07_Paulistano,1,6.5,60,0,43,1,0,0,0,2,31,4,0,5,36,0,0,1,0,0,0,0,1,22/23
692169,Alexandre Paranhos,23.05.07_Paulistano,2,15.3,300,0,111,125,41,0,0,15,37,5,3,19,39,7,0,2,1,2,1,0,14,22/23
697157,Alexei Patrício,23.05.07_Paulistano,2,11.2,146,0,82,46,0,0,0,10,27,2,0,16,25,1,0,10,1,0,0,0,13,22/23
703092,Alexey Borges,23.05.07_Paulistano,2,26.3,1327,16,445,463,244,73,39,78,93,25,13,74,85,31,1,0,5,7,7,7,94,22/23
699682,Breno Leoterio,23.05.07_Paulistano,2,5.8,80,0,61,0,0,0,0,10,24,0,0,11,25,0,0,1,0,0,0,0,2,22/23
711729,Eden Ewing,23.05.07_Paulistano,2,26.1,1215,12,341,527,229,54,15,60,80,28,14,54,90,35,0,5,4,2,6,4,65,22/23
708457,Felipe Vezaro,23.05.07_Paulistano,2,25.6,952,6,353,353,167,28,5,57,84,22,5,64,90,19,0,7,4,4,3,1,42,22/23
709286,Isaac Hamilton,23.05.07_Paulistano,2,6.6,25,0,11,11,0,0,0,3,2,0,0,4,2,0,0,2,1,0,0,0,6,22/23
708797,Lucas Faggiano,23.05.07_Paulistano,2,27.0,1314,15,484,463,178,73,50,78,103,35,6,76,100,35,0,5,5,6,5,2,63,22/23
703456,Renan Lenz,23.05.07_Paulistano,2,26.4,1267,11,459,478,177,97,9,58,99,22,8,47,111,27,0,4,9,4,8,2,75,22/23
700115,Shaquille Johnson,23.05.07_Paulistano,2,23.9,1403,8,547,560,169,69,0,79,102,26,3,60,100,31,0,4,4,4,7,7,86,22/23
685024,Wesley de Castro,23.05.07_Paulistano,2,25.6,797,6,322,271,126,33,4,42,69,15,4,47,70,19,0,9,5,4,5,0,53,22/23
709501,Yuri Neptune,23.05.07_Paulistano,2,5.9,40,0,22,0,0,0,0,17,20,0,0,18,19,0,0,0,0,0,0,0,0,22/23
692169,Alexandre Paranhos,23.05.07_Paulistano,3,26.5,794,4,237,385,97,30,13,44,58,17,5,29,72,17,0,3,2,1,5,2,39,22/23
697157,Alexei Patrício,23.05.07_Paulistano,3,7.5,61,0,39,8,0,0,0,6,21,1,0,10,21,0,0,2,0,0,0,0,2,22/23
703092,Alexey Borges,23.05.07_Paulistano,3,25.9,1448,14,427,551,338,71,5,86,94,24,12,68,100,33,0,0,4,6,5,8,83,22/23
699682,Breno Leoterio,23.05.07_Paulistano,3,6.7,49,0,33,2,0,0,0,6,21,1,0,7,23,0,0,0,0,0,0,0,0,22/23
711729,Eden Ewing,23.05.07_Paulistano,3,26.5,669,3,284,233,83,11,14,35,76,11,7,41,75,15,0,7,5,2,4,2,47,22/23
708457,Felipe Vezaro,23.05.07_Paulistano,3,26.0,1100,8,334,442,234,45,11,47,82,28,8,54,84,28,0,4,3,5,5,0,46,22/23
709286,Isaac Hamilton,23.05.07_Paulistano,3,4.3,7,0,4,0,0,0,0,0,5,0,0,2,3,0,0,0,0,0,0,0,0,22/23
708797,Lucas Faggiano,23.05.07_Paulistano,3,22.3,605,3,269,204,59,27,0,47,71,11,1,44,60,15,0,5,3,3,4,1,37,22/23
703456,Renan Lenz,23.05.07_Paulistano,3,24.1,1432,14,486,504,247,150,3,43,102,35,7,37,105,35,0,2,6,4,9,1,66,22/23
700115,Shaquille Johnson,23.05.07_Paulistano,3,25.8,1052,8,360,401,154,71,26,63,77,17,9,48,82,25,0,5,2,4,5,2,54,22/23
685024,Wesley de Castro,23.05.07_Paulistano,3,20.6,456,2,192,189,37,10,0,36,48,11,3,29,52,13,0,7,2,3,2,0,28,22/23
709501,Yuri Neptune,23.05.07_Paulistano,3,7.5,56,0,41,5,0,0,0,4,18,2,0,4,18,1,0,0,0,0,0,0,0,22/23
692169,Alexandre Paranhos,23.05.07_Paulistano,4,23.5,944,4,304,441,127,29,0,59,83,30,6,48,95,26,0,3,2,2,7,2,52,22/23
697157,Alexei Patrício,23.05.07_Paulistano,4,26.4,593,10,150,225,123,57,22,24,33,17,7,31,36,17,2,1,0,1,4,1,24,22/23
703092,Alexey Borges,23.05.07_Paulistano,4,23.5,686,11,225,214,166,55,0,31,51,13,11,38,39,25,0,7,5,3,3,3,55,22/23
699682,Breno Leoterio,23.05.07_Paulistano,4,5.4,37,0,28,0,0,0,0,2,16,0,0,4,14,0,0,0,0,0,0,0,0,22/23
711729,Eden Ewing,23.05.07_Paulistano,4,26.2,263,3,74,115,38,16,11,15,14,4,4,18,14,4,1,7,1,0,1,1,19,22/23
708457,Felipe Vezaro,23.05.07_Paulistano,4,26.0,909,3,303,365,170,20,10,57,90,16,2,66,70,17,0,4,3,8,0,0,35,22/23
709286,Isaac Hamilton,23.05.07_Paulistano,4,0.0,0,0,0,0,0,0,0,0,0,0,0,0,0,0,0,0,0,0,0,0,0,22/23
708797,Lucas Faggiano,23.05.07_Paulistano,4,26.7,1243,18,370,376,295,128,24,63,91,30,13,54,90,44,0,2,1,2,6,7,70,22/23
703456,Renan Lenz,23.05.07_Paulistano,4,22.6,954,4,351,416,128,25,0,51,73,20,4,36,77,22,0,6,5,4,6,0,52,22/23
700115,Shaquille Johnson,23.05.07_Paulistano,4,20.2,938,4,359,373,151,14,0,46,80,21,3,48,77,20,0,5,3,4,6,2,56,22/23
685024,Wesley de Castro,23.05.07_Paulistano,4,21.0,809,6,248,315,171,41,0,47,67,25,3,38,70,23,0,3,1,2,6,2,47,22/23
709501,Yuri Neptune,23.05.07_Paulistano,4,21.5,239,3,95,64,50,14,0,22,23,3,1,19,27,4,0,0,1,1,1,0,7,22/23
692169,Alexandre Paranhos,23.05.09_Paulistano,1,25.9,869,7,283,368,132,41,6,50,75,23,5,40,83,23,0,5,1,2,5,3,46,22/23
697157,Alexei Patrício,23.05.09_Paulistano,1,26.7,762,11,179,289,189,56,20,36,55,11,6,43,44,17,0,9,2,1,4,2,47,22/23
699682,Breno Leoterio,23.05.09_Paulistano,1,7.9,101,0,75,5,0,0,0,2,44,1,0,6,43,0,0,0,0,0,0,0,0,22/23
711729,Eden Ewing,23.05.09_Paulistano,1,26.1,612,4,201,270,84,19,8,29,64,14,3,25,64,15,0,4,2,2,4,1,37,22/23
708457,Felipe Vezaro,23.05.09_Paulistano,1,26.2,779,5,251,288,170,18,13,47,67,13,6,46,68,17,1,0,2,3,3,0,28,22/23
708797,Lucas Faggiano,23.05.09_Paulistano,1,26.1,1195,11,427,403,208,65,32,74,100,30,12,65,116,31,0,3,3,2,6,6,68,22/23
703456,Renan Lenz,23.05.09_Paulistano,1,22.8,1212,6,397,529,216,33,0,54,81,27,7,47,93,29,0,1,5,5,7,2,65,22/23
700115,Shaquille Johnson,23.05.09_Paulistano,1,25.4,1115,10,448,395,171,52,6,66,83,24,7,61,86,23,0,5,1,3,10,0,56,22/23
685024,Wesley de Castro,23.05.09_Paulistano,1,26.5,946,9,387,355,87,44,23,52,93,25,6,54,78,29,1,4,2,2,11,1,62,22/23
709501,Yuri Neptune,23.05.09_Paulistano,1,7.4,68,0,41,9,0,0,0,6,30,5,0,6,35,1,0,0,0,0,0,0,0,22/23
692169,Alexandre Paranhos,23.05.09_Paulistano,2,24.0,1048,7,418,375,156,51,1,35,89,26,3,37,91,25,1,6,3,3,4,3,52,22/23
697157,Alexei Patrício,23.05.09_Paulistano,2,26.5,775,8,233,298,119,77,22,30,53,9,3,38,44,13,1,4,9,4,3,3,62,22/23
699682,Breno Leoterio,23.05.09_Paulistano,2,11.5,202,0,159,9,0,0,0,8,58,0,1,12,56,1,0,0,0,0,0,0,0,22/23
711729,Eden Ewing,23.05.09_Paulistano,2,26.5,814,6,234,350,137,31,28,45,67,13,5,35,71,14,0,13,2,2,5,3,54,22/23
708457,Felipe Vezaro,23.05.09_Paulistano,2,26.2,1266,12,398,447,251,97,21,57,97,30,5,65,86,32,0,4,5,5,3,4,61,22/23
708797,Lucas Faggiano,23.05.09_Paulistano,2,27.0,1519,22,465,484,286,159,55,71,119,45,12,65,124,46,0,4,4,4,7,7,86,22/23
703456,Renan Lenz,23.05.09_Paulistano,2,26.1,1153,9,409,500,128,49,20,46,107,23,6,50,100,27,1,7,6,4,7,1,67,22/23
700115,Shaquille Johnson,23.05.09_Paulistano,2,24.0,1117,10,400,387,207,71,0,56,76,23,6,66,70,27,0,11,3,3,7,1,60,22/23
685024,Wesley de Castro,23.05.09_Paulistano,2,27.8,1209,8,457,445,175,54,36,58,90,28,4,57,96,28,1,6,3,6,8,2,74,22/23
709501,Yuri Neptune,23.05.09_Paulistano,2,6.3,127,0,94,3,0,0,0,17,47,0,0,17,45,0,0,0,0,0,0,0,0,22/23
692169,Alexandre Paranhos,23.05.09_Paulistano,3,25.4,897,8,255,405,145,46,8,56,82,19,3,43,84,22,1,4,1,2,4,4,47,22/23
697157,Alexei Patrício,23.05.09_Paulistano,3,24.4,629,9,218,189,135,56,3,35,48,14,7,23,52,18,0,7,4,3,4,2,51,22/23
699682,Breno Leoterio,23.05.09_Paulistano,3,8.8,76,0,52,6,0,0,0,5,34,3,0,6,39,0,0,0,0,0,0,0,0,22/23
711729,Eden Ewing,23.05.09_Paulistano,3,18.8,671,2,287,266,72,5,0,47,71,12,2,36,74,13,0,8,4,3,4,1,45,22/23
708457,Felipe Vezaro,23.05.09_Paulistano,3,26.1,750,5,256,283,131,23,9,48,76,22,3,40,79,21,0,4,5,4,3,0,38,22/23
708797,Lucas Faggiano,23.05.09_Paulistano,3,26.0,1270,13,398,445,234,114,16,63,115,25,7,83,95,29,0,5,4,2,6,5,65,22/23
703456,Renan Lenz,23.05.09_Paulistano,3,23.3,1472,11,510,618,223,68,0,62,123,37,3,63,117,37,0,1,5,5,10,3,78,22/23
700115,Shaquille Johnson,23.05.09_Paulistano,3,24.9,1361,11,521,477,249,49,3,61,111,29,8,71,110,29,0,4,4,4,8,2,65,22/23
685024,Wesley de Castro,23.05.09_Paulistano,3,23.0,915,7,297,358,164,51,0,57,78,22,6,54,83,28,0,9,4,2,9,1,59,22/23
709501,Yuri Neptune,23.05.09_Paulistano,3,6.9,70,0,46,4,0,0,0,6,37,1,0,5,40,0,0,0,0,0,0,0,0,22/23
692169,Alexandre Paranhos,23.05.09_Paulistano,4,26.0,1113,7,462,390,134,35,8,59,128,29,9,68,139,25,0,7,6,2,7,1,60,22/23
697157,Alexei Patrício,23.05.09_Paulistano,4,26.1,499,4,220,140,63,27,17,26,46,11,3,31,45,12,0,24,6,3,3,1,58,22/23
699682,Breno Leoterio,23.05.09_Paulistano,4,13.1,271,0,191,35,3,0,0,28,66,1,0,38,60,0,0,1,0,0,0,0,3,22/23
711729,Eden Ewing,23.05.09_Paulistano,4,23.6,1664,8,697,598,216,62,0,72,170,33,9,94,178,28,0,9,10,6,7,5,101,22/23
708457,Felipe Vezaro,23.05.09_Paulistano,4,24.6,1317,10,473,516,173,74,8,100,116,20,6,113,111,24,0,8,4,7,8,0,71,22/23
708797,Lucas Faggiano,23.05.09_Paulistano,4,27.1,1768,16,754,546,207,99,50,92,185,32,14,107,179,40,0,13,9,5,8,3,94,22/23
703456,Renan Lenz,23.05.09_Paulistano,4,26.0,1743,14,715,661,187,83,15,96,154,40,8,79,151,44,0,4,15,11,9,1,104,22/23
700115,Shaquille Johnson,23.05.09_Paulistano,4,26.1,1670,16,636,564,276,79,23,93,147,27,9,82,144,38,0,12,7,5,10,2,93,22/23
685024,Wesley de Castro,23.05.09_Paulistano,4,23.1,400,1,240,89,16,4,0,33,74,8,3,35,80,6,0,16,3,2,1,0,32,22/23
709501,Yuri Neptune,23.05.09_Paulistano,4,9.3,300,0,211,38,0,0,0,26,78,7,0,33,82,1,0,2,0,0,0,0,2,22/23
692169,Alexandre Paranhos,23.05.13_Franca,1,26.0,1019,7,252,520,166,40,10,52,68,22,6,50,72,27,0,1,1,4,5,4,54,22/23
697157,Alexei Patrício,23.05.13_Franca,1,26.1,406,6,86,152,80,52,19,19,27,10,6,22,29,12,0,8,3,1,2,1,33,22/23
711729,Eden Ewing,23.05.13_Franca,1,23.6,352,3,130,146,44,14,0,16,34,10,2,21,37,10,0,4,2,1,3,0,22,22/23
708457,Felipe Vezaro,23.05.13_Franca,1,20.5,690,4,188,285,158,29,0,28,62,18,6,35,66,17,0,1,4,2,3,1,34,22/23
709286,Isaac Hamilton,23.05.13_Franca,1,26.2,434,6,158,131,83,37,9,13,26,9,4,13,28,8,0,2,8,3,2,1,40,22/23
703222,João Prado,23.05.13_Franca,1,4.5,40,0,20,0,0,0,0,9,18,0,0,7,21,0,0,4,0,0,0,0,4,22/23
708797,Lucas Faggiano,23.05.13_Franca,1,26.5,1073,13,276,394,246,67,54,54,71,32,10,39,85,32,0,4,1,0,2,10,61,22/23
703456,Renan Lenz,23.05.13_Franca,1,22.7,943,10,267,362,213,72,0,36,62,23,5,28,58,26,0,0,5,3,5,4,55,22/23
700115,Shaquille Johnson,23.05.13_Franca,1,25.8,1098,11,347,436,221,45,11,65,77,30,5,52,74,34,0,2,2,1,8,3,57,22/23
685024,Wesley de Castro,23.05.13_Franca,1,26.0,1036,4,280,521,171,18,8,68,91,22,5,62,83,26,0,2,1,1,9,3,59,22/23
709501,Yuri Neptune,23.05.13_Franca,1,6.3,70,0,54,2,0,0,0,1,33,0,0,3,31,2,0,0,0,0,0,0,0,22/23
692169,Alexandre Paranhos,23.05.13_Franca,2,28.3,904,6,365,364,84,30,19,44,86,19,4,36,99,16,0,3,3,5,9,4,77,22/23
697157,Alexei Patrício,23.05.13_Franca,2,25.9,493,5,194,174,41,38,15,23,49,7,5,26,45,13,0,13,8,4,2,1,53,22/23
711729,Eden Ewing,23.05.13_Franca,2,26.1,1110,10,353,455,169,63,23,40,103,18,7,49,108,16,0,10,6,2,4,6,73,22/23
708457,Felipe Vezaro,23.05.13_Franca,2,26.0,1288,6,381,527,281,29,9,83,111,18,7,72,99,33,0,1,4,5,9,2,67,22/23
709286,Isaac Hamilton,23.05.13_Franca,2,27.9,1290,18,436,393,253,115,50,51,70,20,13,43,65,32,2,1,12,3,3,7,83,22/23
703222,João Prado,23.05.13_Franca,2,8.5,180,0,136,3,0,0,0,19,36,1,0,30,28,0,0,2,0,0,0,0,2,22/23
708797,Lucas Faggiano,23.05.13_Franca,2,26.3,1647,15,580,556,300,109,35,72,121,44,9,79,116,41,1,8,4,2,7,6,84,22/23
703456,Renan Lenz,23.05.13_Franca,2,22.4,523,5,208,182,58,49,0,17,61,7,3,18,55,10,0,10,14,1,3,0,52,22/23
700115,Shaquille Johnson,23.05.13_Franca,2,26.0,1192,10,462,429,174,63,7,70,92,17,6,53,89,30,0,7,5,4,7,4,77,22/23
685024,Wesley de Castro,23.05.13_Franca,2,24.5,1397,11,460,611,199,67,3,74,120,29,5,75,113,28,1,3,5,5,15,0,88,22/23
709501,Yuri Neptune,23.05.13_Franca,2,11.3,191,0,136,17,0,0,0,15,65,2,0,23,64,1,0,0,0,0,0,0,0,22/23
692169,Alexandre Paranhos,23.05.13_Franca,3,19.6,943,1,354,412,122,6,0,55,90,29,1,63,102,20,0,2,3,3,4,1,37,22/23
697157,Alexei Patrício,23.05.13_Franca,3,26.1,324,2,125,108,41,16,10,27,34,4,4,14,41,8,0,16,3,1,1,0,33,22/23
711729,Eden Ewing,23.05.13_Franca,3,24.1,620,7,191,241,98,56,1,18,53,11,7,32,51,15,0,9,1,3,4,2,45,22/23
708457,Felipe Vezaro,23.05.13_Franca,3,26.0,787,3,234,295,180,28,9,50,60,21,0,56,55,16,0,1,4,4,7,4,71,22/23
709286,Isaac Hamilton,23.05.13_Franca,3,26.1,646,9,233,162,86,85,53,17,39,12,8,17,43,19,0,8,7,2,4,2,55,22/23
703222,João Prado,23.05.13_Franca,3,6.3,81,0,57,0,0,0,0,13,12,1,0,16,11,0,0,1,0,0,0,0,1,22/23
708797,Lucas Faggiano,23.05.13_Franca,3,26.0,1357,18,468,430,257,118,21,68,116,41,7,82,117,34,0,3,4,3,7,3,66,22/23
703456,Renan Lenz,23.05.13_Franca,3,23.8,978,8,312,407,161,59,0,35,88,18,5,33,90,17,1,4,7,3,9,0,64,22/23
700115,Shaquille Johnson,23.05.13_Franca,3,26.2,1435,15,410,554,306,85,25,65,106,35,14,45,101,54,0,3,2,3,9,5,77,22/23
685024,Wesley de Castro,23.05.13_Franca,3,26.2,1179,6,374,518,176,43,18,62,98,29,8,52,100,30,0,3,7,5,8,1,66,22/23
709501,Yuri Neptune,23.05.13_Franca,3,6.6,46,0,28,3,0,0,0,9,23,1,0,9,25,0,0,0,0,0,0,0,0,22/23
692169,Alexandre Paranhos,23.05.13_Franca,4,23.2,1177,5,482,475,110,40,0,72,93,27,9,72,102,30,0,3,5,5,5,2,57,22/23
697157,Alexei Patrício,23.05.13_Franca,4,26.4,441,1,195,120,81,4,7,23,48,6,2,27,47,6,0,19,3,1,2,0,34,22/23
711729,Eden Ewing,23.05.13_Franca,4,15.6,536,0,272,203,32,0,0,25,42,7,0,24,47,3,0,9,4,1,2,0,27,22/23
708457,Felipe Vezaro,23.05.13_Franca,4,25.8,1136,7,392,430,203,46,9,61,93,20,1,76,87,19,0,1,4,4,4,5,63,22/23
709286,Isaac Hamilton,23.05.13_Franca,4,26.1,754,4,262,250,158,36,13,31,61,13,4,44,47,16,0,11,5,3,2,2,50,22/23
703222,João Prado,23.05.13_Franca,4,6.4,161,0,124,1,0,0,0,24,24,0,0,24,22,0,0,2,0,0,0,0,2,22/23
708797,Lucas Faggiano,23.05.13_Franca,4,26.6,1389,16,438,450,287,94,46,63,106,32,10,70,99,34,1,6,3,4,6,2,57,22/23
703456,Renan Lenz,23.05.13_Franca,4,24.1,1535,13,508,647,243,83,1,75,98,33,6,54,109,34,0,2,7,6,10,1,82,22/23
700115,Shaquille Johnson,23.05.13_Franca,4,23.2,1306,10,521,512,142,57,0,81,123,21,8,83,110,27,0,5,5,4,5,7,83,22/23
685024,Wesley de Castro,23.05.13_Franca,4,29.6,237,2,116,64,11,3,21,15,28,2,1,21,26,1,1,7,2,1,1,0,18,22/23
709501,Yuri Neptune,23.05.13_Franca,4,10.5,163,0,113,24,0,0,0,17,34,2,0,21,33,1,0,1,0,0,0,0,1,22/23
692169,Alexandre Paranhos,23.05.16_Franca,1,26.0,1324,8,340,565,290,65,11,80,92,34,3,73,101,31,0,2,2,3,10,6,83,22/23
697157,Alexei Patrício,23.05.16_Franca,1,13.8,105,0,58,16,7,0,0,8,38,2,0,17,35,1,0,13,1,0,0,0,17,22/23
703092,Alexey Borges,23.05.16_Franca,1,26.3,1048,9,262,390,261,57,33,42,74,28,6,47,71,29,1,7,4,1,4,6,65,22/23
699682,Breno Leoterio,23.05.16_Franca,1,8.1,96,0,70,7,0,0,0,5,41,0,0,3,40,0,0,3,1,0,0,0,8,22/23
686753,Daniel Duque,23.05.16_Franca,1,8.8,77,0,56,4,0,0,0,7,31,1,0,8,32,1,0,12,1,0,0,0,15,22/23
711729,Eden Ewing,23.05.16_Franca,1,21.4,550,3,186,255,67,17,0,32,63,8,3,27,61,12,0,8,2,1,3,2,35,22/23
708457,Felipe Vezaro,23.05.16_Franca,1,26.1,1704,15,485,612,380,145,21,91,100,39,8,84,108,39,0,0,3,9,9,2,77,22/23
709286,Isaac Hamilton,23.05.16_Franca,1,26.5,713,10,222,220,128,75,45,31,40,15,5,22,44,16,2,10,4,2,2,2,48,22/23
708797,Lucas Faggiano,23.05.16_Franca,1,27.3,993,13,309,385,144,80,34,52,77,22,7,57,83,18,1,8,1,3,4,6,68,22/23
703456,Renan Lenz,23.05.16_Franca,1,26.9,1695,16,474,713,287,155,21,63,104,36,7,57,101,39,0,0,1,5,12,5,89,22/23
700115,Shaquille Johnson,23.05.16_Franca,1,26.0,1217,11,472,451,175,61,9,81,82,19,7,58,87,29,0,5,2,3,6,6,71,22/23
709501,Yuri Neptune,23.05.16_Franca,1,11.1,116,0,86,10,0,0,0,6,45,0,0,7,42,0,0,6,1,0,0,0,8,22/23
692169,Alexandre Paranhos,23.05.16_Franca,2,22.2,1330,5,440,638,174,24,0,84,104,32,7,65,121,32,0,0,1,4,3,13,91,22/23
697157,Alexei Patrício,23.05.16_Franca,2,11.5,119,0,91,11,0,0,0,13,26,0,1,14,27,0,0,4,0,0,0,0,4,22/23
703092,Alexey Borges,23.05.16_Franca,2,27.1,1095,19,279,416,196,95,71,48,67,19,13,47,71,31,0,0,8,3,3,6,69,22/23
699682,Breno Leoterio,23.05.16_Franca,2,6.5,82,0,64,1,0,0,0,9,22,2,0,8,26,0,0,2,0,0,0,0,3,22/23
686753,Daniel Duque,23.05.16_Franca,2,6.1,82,0,65,0,0,0,0,9,26,0,0,9,28,0,0,6,0,0,0,0,6,22/23
711729,Eden Ewing,23.05.16_Franca,2,7.3,77,0,56,4,0,0,0,8,19,3,0,7,22,1,0,10,1,0,0,0,12,22/23
708457,Felipe Vezaro,23.05.16_Franca,2,26.1,1142,10,352,445,232,51,23,68,74,20,9,73,72,25,1,8,3,3,5,2,53,22/23
709286,Isaac Hamilton,23.05.16_Franca,2,27.0,1074,15,294,423,153,97,74,49,65,18,8,40,57,27,1,5,5,2,3,6,63,22/23
708797,Lucas Faggiano,23.05.16_Franca,2,26.0,748,6,255,281,112,52,9,44,71,12,3,42,68,18,0,5,2,3,3,3,42,22/23
703456,Renan Lenz,23.05.16_Franca,2,26.0,1497,4,489,666,231,54,13,75,112,29,3,70,110,27,0,0,1,6,10,3,79,22/23
700115,Shaquille Johnson,23.05.16_Franca,2,25.8,1201,10,382,495,208,62,11,75,75,25,7,61,84,26,0,2,3,4,4,8,73,22/23
709501,Yuri Neptune,23.05.16_Franca,2,6.1,66,0,47,1,0,0,0,8,33,0,0,7,32,1,0,1,0,0,0,0,1,22/23
692169,Alexandre Paranhos,23.05.16_Franca,3,18.4,956,1,347,464,102,2,0,61,68,30,2,54,88,16,0,4,1,2,4,6,62,22/23
697157,Alexei Patrício,23.05.16_Franca,3,10.2,48,0,26,8,0,0,0,8,16,2,0,8,20,0,0,2,0,0,0,0,2,22/23
703092,Alexey Borges,23.05.16_Franca,3,26.1,592,10,157,177,148,72,10,30,50,10,9,29,46,20,0,8,5,0,2,4,46,22/23
699682,Breno Leoterio,23.05.16_Franca,3,5.5,37,0,24,0,0,0,0,5,23,0,0,5,23,0,0,0,0,0,0,0,1,22/23
686753,Daniel Duque,23.05.16_Franca,3,6.5,39,0,28,1,0,0,0,3,17,0,0,7,14,0,0,3,0,0,0,0,3,22/23
711729,Eden Ewing,23.05.16_Franca,3,26.1,650,4,171,335,84,21,12,38,49,20,3,39,54,19,0,6,1,0,3,4,39,22/23
708457,Felipe Vezaro,23.05.16_Franca,3,20.9,1067,4,329,419,248,25,0,69,76,22,3,81,84,24,0,4,2,4,7,0,50,22/23
709286,Isaac Hamilton,23.05.16_Franca,3,26.5,1099,14,347,354,229,107,28,44,63,26,9,44,62,30,0,7,1,1,3,7,60,22/23
708797,Lucas Faggiano,23.05.16_Franca,3,26.0,1022,10,344,349,209,52,25,56,87,24,7,66,78,24,2,5,1,2,3,8,65,22/23
703456,Renan Lenz,23.05.16_Franca,3,26.4,1259,5,401,551,188,49,29,61,94,28,3,52,98,23,0,0,4,4,11,1,68,22/23
700115,Shaquille Johnson,23.05.16_Franca,3,25.9,916,9,300,395,120,50,4,56,80,21,6,56,72,23,0,5,2,2,4,7,62,22/23
709501,Yuri Neptune,23.05.16_Franca,3,7.4,46,0,30,3,0,0,0,9,20,1,0,10,21,0,0,0,0,0,0,0,1,22/23
692169,Alexandre Paranhos,23.05.16_Franca,4,21.5,1302,4,461,615,147,19,0,96,102,32,4,76,128,28,0,1,1,3,8,10,93,22/23
697157,Alexei Patrício,23.05.16_Franca,4,18.9,167,1,69,58,24,3,0,19,20,0,2,23,19,3,0,4,0,1,0,0,7,22/23
703092,Alexey Borges,23.05.16_Franca,4,27.1,1347,17,428,486,272,90,28,70,82,27,9,63,93,29,1,0,3,4,3,12,92,22/23
699682,Breno Leoterio,23.05.16_Franca,4,8.0,51,0,35,4,0,0,0,3,23,0,0,3,25,0,0,0,0,0,0,0,1,22/23
686753,Daniel Duque,23.05.16_Franca,4,6.3,55,0,42,1,0,0,0,6,19,2,0,4,24,0,0,4,0,0,0,0,4,22/23
711729,Eden Ewing,23.05.16_Franca,4,14.0,231,0,91,109,14,0,0,13,33,7,0,10,36,5,0,14,3,0,0,0,23,22/23
708457,Felipe Vezaro,23.05.16_Franca,4,21.6,902,4,287,337,203,26,0,48,91,15,3,64,69,22,0,4,4,4,5,0,44,22/23
709286,Isaac Hamilton,23.05.16_Franca,4,28.3,777,6,310,265,118,39,14,45,47,16,4,33,50,18,0,11,4,2,2,4,52,22/23
708797,Lucas Faggiano,23.05.16_Franca,4,22.8,523,3,255,154,63,12,0,31,65,7,2,31,64,10,0,12,3,2,1,1,33,22/23
703456,Renan Lenz,23.05.16_Franca,4,24.3,1444,12,571,594,170,48,2,67,135,25,6,70,134,27,0,0,2,10,11,0,77,22/23
700115,Shaquille Johnson,23.05.16_Franca,4,23.2,1511,13,592,520,241,85,0,74,112,36,2,75,117,30,0,1,2,5,6,8,79,22/23
709501,Yuri Neptune,23.05.16_Franca,4,7.8,78,0,49,7,0,0,0,6,43,1,0,8,43,1,0,0,0,0,0,0,0,22/23
692169,Alexandre Paranhos,23.05.18_Franca,1,26.1,1471,6,494,654,206,36,14,89,131,35,5,80,143,34,0,3,4,6,10,3,86,22/23
697157,Alexei Patrício,23.05.18_Franca,1,5.4,32,0,19,0,0,0,0,7,17,0,0,9,15,0,0,2,1,0,0,0,3,22/23
703092,Alexey Borges,23.05.18_Franca,1,26.0,1194,15,345,389,253,119,21,66,99,19,11,63,97,26,0,8,3,4,7,4,72,22/23
699682,Breno Leoterio,23.05.18_Franca,1,6.8,46,0,29,2,0,0,0,5,24,1,0,9,25,0,0,0,0,0,0,0,0,22/23
686753,Daniel Duque,23.05.18_Franca,1,6.6,12,0,8,1,0,0,0,1,6,0,0,2,6,0,0,0,0,0,0,1,6,22/23
711729,Eden Ewing,23.05.18_Franca,1,22.9,822,4,305,359,81,35,0,48,78,14,1,46,82,10,0,3,3,4,5,1,47,22/23
708457,Felipe Vezaro,23.05.18_Franca,1,23.1,1018,8,274,405,201,86,0,68,90,12,7,66,78,18,0,6,3,3,7,0,48,22/23
709286,Isaac Hamilton,23.05.18_Franca,1,27.0,547,4,233,176,75,26,18,25,38,4,6,20,41,10,0,10,4,3,1,0,34,22/23
708797,Lucas Faggiano,23.05.18_Franca,1,26.5,1385,12,464,498,240,68,45,67,106,38,6,77,109,32,0,4,2,5,6,7,79,22/23
703456,Renan Lenz,23.05.18_Franca,1,26.1,1250,12,363,515,164,128,28,60,104,31,5,40,118,26,0,2,8,5,10,1,81,22/23
700115,Shaquille Johnson,23.05.18_Franca,1,26.1,1621,11,619,554,282,83,13,88,120,28,13,96,107,33,1,2,7,6,10,3,86,22/23
709501,Yuri Neptune,23.05.18_Franca,1,7.0,88,0,63,7,0,0,0,5,38,2,0,12,39,0,0,4,0,0,0,0,5,22/23
692169,Alexandre Paranhos,23.05.18_Franca,2,22.9,700,4,312,253,82,21,0,44,50,12,1,37,59,13,0,7,2,1,3,2,35,22/23
697157,Alexei Patrício,23.05.18_Franca,2,26.2,390,3,195,87,39,18,19,23,46,3,2,21,44,4,0,10,1,1,1,0,20,22/23
703092,Alexey Borges,23.05.18_Franca,2,26.0,1580,20,435,570,356,128,46,79,97,26,12,72,81,40,0,1,5,7,5,3,68,22/23
699682,Breno Leoterio,23.05.18_Franca,2,7.3,177,0,139,2,0,0,0,15,49,2,0,23,45,0,0,0,0,0,0,0,0,22/23
686753,Daniel Duque,23.05.18_Franca,2,5.8,93,0,82,0,0,0,0,4,17,0,0,7,15,0,0,2,0,0,0,0,4,22/23
711729,Eden Ewing,23.05.18_Franca,2,26.1,1453,13,444,589,256,96,16,63,115,25,10,54,111,36,0,4,5,3,5,9,85,22/23
708457,Felipe Vezaro,23.05.18_Franca,2,26.0,1122,8,366,419,220,65,6,62,83,24,3,63,73,23,1,4,4,3,6,1,53,22/23
709286,Isaac Hamilton,23.05.18_Franca,2,4.3,2,0,1,0,0,0,0,0,1,0,0,1,0,0,0,0,0,0,0,0,1,22/23
708797,Lucas Faggiano,23.05.18_Franca,2,27.1,1447,15,485,526,217,112,49,67,117,33,10,73,108,40,0,6,3,4,7,6,78,22/23
703456,Renan Lenz,23.05.18_Franca,2,26.1,1462,10,495,549,256,99,19,81,91,26,11,67,111,30,0,1,6,8,8,2,81,22/23
700115,Shaquille Johnson,23.05.18_Franca,2,23.4,1018,8,407,373,123,71,0,61,81,21,2,53,83,20,0,9,5,4,4,1,54,22/23
709501,Yuri Neptune,23.05.18_Franca,2,8.9,220,0,162,18,0,0,0,19,66,4,0,25,67,2,0,5,0,0,0,0,5,22/23
692169,Alexandre Paranhos,23.05.18_Franca,3,22.3,1118,4,354,550,132,29,0,72,86,35,4,59,108,22,0,3,2,3,8,4,65,22/23
697157,Alexei Patrício,23.05.18_Franca,3,8.9,45,0,24,9,0,0,0,6,13,0,0,7,12,0,0,2,0,0,0,0,2,22/23
703092,Alexey Borges,23.05.18_Franca,3,28.3,1437,21,357,494,333,153,56,69,82,32,10,61,71,39,0,1,6,5,4,3,60,22/23
699682,Breno Leoterio,23.05.18_Franca,3,9.7,87,0,57,11,0,0,0,7,35,1,0,9,34,0,0,1,0,0,0,0,1,22/23
686753,Daniel Duque,23.05.18_Franca,3,9.0,60,0,39,7,0,0,0,10,20,0,0,9,21,0,0,3,1,1,1,1,18,22/23
711729,Eden Ewing,23.05.18_Franca,3,25.0,822,2,273,407,100,9,4,32,78,13,5,38,61,20,0,8,3,2,3,4,52,22/23
708457,Felipe Vezaro,23.05.18_Franca,3,26.1,1554,10,431,619,374,58,22,88,104,24,8,86,98,32,0,0,5,6,8,3,73,22/23
709286,Isaac Hamilton,23.05.18_Franca,3,0.0,0,0,0,0,0,0,0,0,0,0,0,0,0,0,0,0,0,0,0,0,0,22/23
708797,Lucas Faggiano,23.05.18_Franca,3,26.2,733,5,258,277,87,63,18,48,59,12,5,47,61,13,0,4,2,2,3,1,32,22/23
703456,Renan Lenz,23.05.18_Franca,3,26.7,1168,7,370,500,185,52,23,59,74,21,9,50,83,25,0,3,5,2,8,3,66,22/23
700115,Shaquille Johnson,23.05.18_Franca,3,26.1,1246,12,421,445,239,90,13,59,87,33,7,61,75,35,1,5,3,3,6,3,57,22/23
709501,Yuri Neptune,23.05.18_Franca,3,8.5,124,0,82,16,0,0,0,10,51,3,0,13,56,0,0,6,1,0,0,0,8,22/23
692169,Alexandre Paranhos,23.05.18_Franca,4,23.1,1331,7,576,461,141,46,0,90,150,33,8,92,155,34,0,13,8,7,8,4,99,22/23
697157,Alexei Patrício,23.05.18_Franca,4,19.1,190,1,130,22,4,3,0,13,41,2,0,26,30,1,0,5,1,0,0,0,6,22/23
703092,Alexey Borges,23.05.18_Franca,4,26.3,2150,21,829,690,367,124,21,128,153,36,15,124,139,44,0,3,11,12,7,9,134,22/23
699682,Breno Leoterio,23.05.18_Franca,4,14.8,138,0,93,5,4,0,0,17,56,0,1,21,54,1,0,0,0,0,0,0,0,22/23
686753,Daniel Duque,23.05.18_Franca,4,13.2,140,0,91,9,4,0,0,15,59,3,0,21,57,1,0,9,1,0,0,0,12,22/23
711729,Eden Ewing,23.05.18_Franca,4,23.4,526,4,168,240,70,21,0,35,58,11,2,27,60,14,0,28,9,2,0,3,67,22/23
708457,Felipe Vezaro,23.05.18_Franca,4,23.9,1209,9,524,373,171,56,0,81,114,36,4,104,118,22,0,21,8,6,2,0,65,22/23
709286,Isaac Hamilton,23.05.18_Franca,4,0.0,0,0,0,0,0,0,0,0,0,0,0,0,0,0,0,0,0,0,0,0,0,22/23
708797,Lucas Faggiano,23.05.18_Franca,4,26.3,660,2,194,259,124,25,15,46,52,19,1,44,56,16,0,7,1,4,1,0,29,22/23
703456,Renan Lenz,23.05.18_Franca,4,26.0,1947,18,836,617,263,128,13,77,180,39,8,87,178,42,0,2,19,11,14,0,127,22/23
700115,Shaquille Johnson,23.05.18_Franca,4,25.0,1878,15,770,613,305,94,3,98,163,33,14,98,143,53,0,12,11,7,13,1,110,22/23
709501,Yuri Neptune,23.05.18_Franca,4,10.5,208,0,125,38,0,0,0,19,77,3,0,24,78,2,0,9,2,0,0,0,13,22/23
692169,Alexandre Paranhos,23.05.21_Franca,1,21.8,858,4,217,460,125,24,0,51,71,17,2,28,90,17,0,4,1,2,5,2,43,22/23
697157,Alexei Patrício,23.05.21_Franca,1,6.9,39,0,26,2,0,0,0,7,16,1,0,9,17,0,0,2,0,0,0,0,2,22/23
703092,Alexey Borges,23.05.21_Franca,1,25.4,1200,17,343,386,304,113,14,54,85,25,12,56,76,35,1,1,2,3,3,6,54,22/23
711729,Eden Ewing,23.05.21_Franca,1,22.9,698,10,171,288,148,68,0,32,50,19,3,20,54,23,0,2,2,1,5,1,35,22/23
708457,Felipe Vezaro,23.05.21_Franca,1,23.4,1217,6,337,527,288,33,0,62,83,20,6,49,70,30,0,2,3,4,6,3,56,22/23
709286,Isaac Hamilton,23.05.21_Franca,1,26.0,640,9,180,190,133,71,47,31,34,9,6,24,30,16,0,6,3,1,3,2,36,22/23
708797,Lucas Faggiano,23.05.21_Franca,1,25.9,675,7,232,222,122,54,13,35,56,18,5,33,55,20,1,0,1,2,4,2,32,22/23
703456,Renan Lenz,23.05.21_Franca,1,21.2,1038,10,284,433,219,68,0,47,79,26,5,43,87,23,1,1,2,3,5,0,36,22/23
709501,Yuri Neptune,23.05.21_Franca,1,7.5,75,0,50,2,0,0,0,8,37,3,0,10,41,0,0,2,0,0,0,0,2,22/23
692169,Alexandre Paranhos,23.05.21_Franca,2,23.6,443,1,189,147,57,17,0,16,58,9,3,24,56,9,0,6,0,1,2,2,25,22/23
697157,Alexei Patrício,23.05.21_Franca,2,13.2,188,0,137,21,3,0,0,17,32,3,0,20,33,1,0,2,0,0,0,0,2,22/23
703092,Alexey Borges,23.05.21_Franca,2,26.1,1797,24,550,588,409,167,21,82,106,39,16,70,100,53,0,1,3,7,7,8,97,22/23
711729,Eden Ewing,23.05.21_Franca,2,25.6,1029,2,328,504,155,7,3,48,75,20,5,49,73,22,0,6,5,2,5,2,52,22/23
708457,Felipe Vezaro,23.05.21_Franca,2,21.2,1341,7,479,481,281,37,0,87,100,26,5,73,106,25,0,8,5,7,6,1,68,22/23
709286,Isaac Hamilton,23.05.21_Franca,2,26.7,505,5,187,175,44,30,47,20,34,8,5,28,30,9,1,19,3,2,3,1,45,22/23
708797,Lucas Faggiano,23.05.21_Franca,2,26.2,705,1,352,233,68,6,14,43,58,5,0,31,55,7,0,5,2,3,1,0,21,22/23
703456,Renan Lenz,23.05.21_Franca,2,25.0,1765,22,566,624,330,174,3,67,125,46,12,59,133,53,1,4,6,7,4,2,63,22/23
709501,Yuri Neptune,23.05.21_Franca,2,8.9,183,0,133,21,0,0,0,13,51,1,0,16,47,1,0,1,0,0,0,0,1,22/23
692169,Alexandre Paranhos,23.05.21_Franca,3,20.5,658,2,241,287,80,15,0,34,68,20,1,39,71,12,0,3,1,3,4,1,32,22/23
697157,Alexei Patrício,23.05.21_Franca,3,14.1,137,0,77,34,12,0,0,15,21,2,0,14,21,2,0,2,0,0,0,0,2,22/23
703092,Alexey Borges,23.05.21_Franca,3,26.0,1684,16,514,637,327,107,34,90,116,35,10,90,104,35,1,4,5,4,6,4,70,22/23
711729,Eden Ewing,23.05.21_Franca,3,26.1,1141,7,332,552,167,33,14,46,114,16,4,56,107,20,0,7,3,3,6,3,65,22/23
708457,Felipe Vezaro,23.05.21_Franca,3,27.4,1336,3,437,543,257,26,13,77,103,23,4,76,99,26,1,5,4,5,8,2,69,22/23
709286,Isaac Hamilton,23.05.21_Franca,3,25.7,654,6,293,183,87,47,7,34,63,10,7,31,62,13,1,15,3,3,4,0,45,22/23
708797,Lucas Faggiano,23.05.21_Franca,3,21.4,484,2,243,129,44,26,0,29,62,10,1,39,56,7,0,4,2,2,0,0,16,22/23
703456,Renan Lenz,23.05.21_Franca,3,26.0,1389,11,513,526,173,93,31,66,118,23,3,51,102,33,0,3,10,8,5,2,80,22/23
709501,Yuri Neptune,23.05.21_Franca,3,7.4,130,0,85,12,0,0,0,12,62,4,0,15,65,2,0,1,0,0,0,0,1,22/23
692169,Alexandre Paranhos,23.05.21_Franca,4,24.7,1657,9,612,657,241,64,8,94,130,39,8,83,148,31,0,6,4,5,10,5,93,22/23
697157,Alexei Patrício,23.05.21_Franca,4,25.6,311,3,159,61,28,25,4,23,44,6,2,33,44,5,0,1,2,1,1,0,14,22/23
703092,Alexey Borges,23.05.21_Franca,4,26.7,1581,17,600,510,227,125,43,83,122,32,12,85,113,37,1,2,5,8,7,5,86,22/23
711729,Eden Ewing,23.05.21_Franca,4,11.4,214,0,136,53,0,0,0,21,33,4,0,23,33,1,0,15,3,2,0,0,28,22/23
708457,Felipe Vezaro,23.05.21_Franca,4,21.3,1285,8,475,428,279,37,0,84,95,24,8,73,101,28,0,11,5,5,7,0,65,22/23
709286,Isaac Hamilton,23.05.21_Franca,4,7.2,115,0,85,7,0,0,0,15,27,0,0,20,25,0,0,19,1,0,0,0,22,22/23
708797,Lucas Faggiano,23.05.21_Franca,4,26.3,1167,8,492,394,130,60,33,50,108,16,8,47,103,26,0,4,3,6,5,0,48,22/23
703456,Renan Lenz,23.05.21_Franca,4,24.2,1878,10,703,714,308,85,2,84,140,37,5,81,145,37,0,1,7,9,14,1,103,22/23
709501,Yuri Neptune,23.05.21_Franca,4,11.1,286,0,167,74,0,0,0,21,70,16,0,26,83,2,0,3,2,0,0,0,8,22/23
699682,Breno Leoterio,23.05.21_Franca,1,7.4,55,0,33,3,0,0,0,8,34,1,0,7,36,1,0,3,1,1,1,0,15,22/23
700115,Shaquille Johnson,23.05.21_Franca,1,22.3,944,9,314,357,184,56,0,58,62,16,6,40,59,25,0,2,1,3,6,1,45,22/23
685024,Wesley de Castro,23.05.21_Franca,1,26.0,406,4,129,162,48,31,9,22,42,8,2,20,40,10,0,2,1,1,4,0,22,22/23
699682,Breno Leoterio,23.05.21_Franca,2,6.5,118,0,78,6,0,0,0,16,47,1,0,18,47,0,0,3,2,1,0,0,12,22/23
700115,Shaquille Johnson,23.05.21_Franca,2,24.2,1123,8,485,375,159,52,1,55,84,23,8,54,90,27,0,4,6,4,6,0,53,22/23
685024,Wesley de Castro,23.05.21_Franca,2,26.2,547,4,232,185,52,29,16,31,49,17,1,31,55,8,1,8,3,2,4,0,37,22/23
699682,Breno Leoterio,23.05.21_Franca,3,17.1,121,0,71,13,6,0,0,12,53,1,0,13,55,2,0,2,2,1,1,0,15,22/23
700115,Shaquille Johnson,23.05.21_Franca,3,26.1,1373,10,569,439,211,57,32,80,96,27,10,58,105,35,1,8,6,5,5,0,53,22/23
685024,Wesley de Castro,23.05.21_Franca,3,21.9,411,1,149,181,46,9,0,26,47,6,0,24,42,8,0,6,1,2,3,0,25,22/23
699682,Breno Leoterio,23.05.21_Franca,4,10.0,205,0,125,39,0,0,0,23,58,5,0,25,61,2,0,4,1,0,0,0,6,22/23
700115,Shaquille Johnson,23.05.21_Franca,4,22.8,1317,6,581,463,165,47,0,73,95,29,5,59,113,24,0,6,5,7,5,1,57,22/23
685024,Wesley de Castro,23.05.21_Franca,4,18.8,192,1,92,65,14,5,0,10,24,3,0,12,23,3,0,3,2,1,1,0,12,22/23
692169,Alexandre Paranhos,23.05.23_Franca,1,25.9,966,6,300,432,135,49,6,54,90,26,8,40,108,24,0,4,2,4,5,3,57,22/23
697157,Alexei Patrício,23.05.23_Franca,1,6.7,71,0,54,3,0,0,0,7,24,1,0,8,25,0,0,6,0,0,0,0,6,22/23
703092,Alexey Borges,23.05.23_Franca,1,26.1,1308,19,350,420,316,159,19,59,77,35,8,49,81,39,0,0,6,2,3,10,79,22/23
699682,Breno Leoterio,23.05.23_Franca,1,5.9,86,0,68,0,0,0,0,3,33,0,0,4,33,0,0,2,0,0,0,0,2,22/23
711729,Eden Ewing,23.05.23_Franca,1,21.0,494,3,170,242,48,11,0,23,44,14,2,27,49,13,0,1,3,5,3,2,44,22/23
708457,Felipe Vezaro,23.05.23_Franca,1,25.0,1057,11,263,419,239,86,10,49,84,19,5,49,78,29,0,5,2,5,4,2,51,22/23
709286,Isaac Hamilton,23.05.23_Franca,1,26.0,474,4,125,178,124,23,7,21,32,8,1,23,30,9,0,0,1,2,4,1,27,22/23
708797,Lucas Faggiano,23.05.23_Franca,1,25.4,486,6,178,171,84,23,4,29,41,11,6,20,54,13,0,2,1,2,3,0,22,22/23
703456,Renan Lenz,23.05.23_Franca,1,23.2,688,7,209,281,132,34,0,31,69,15,3,27,87,8,0,8,4,2,5,1,47,22/23
700115,Shaquille Johnson,23.05.23_Franca,1,22.9,1441,11,497,598,232,64,0,64,111,26,10,65,103,35,0,1,3,4,8,3,69,22/23
685024,Wesley de Castro,23.05.23_Franca,1,25.6,778,6,179,385,153,25,4,33,65,19,8,36,54,27,0,1,3,3,3,1,29,22/23
709501,Yuri Neptune,23.05.23_Franca,1,7.1,79,0,54,3,0,0,0,9,36,1,0,8,36,1,0,3,1,0,0,0,9,22/23
692169,Alexandre Paranhos,23.05.23_Franca,2,23.3,1093,5,460,408,133,38,0,52,97,24,3,59,106,22,0,6,6,4,7,1,63,22/23
697157,Alexei Patrício,23.05.23_Franca,2,12.3,149,0,88,33,2,0,0,10,33,3,0,23,28,1,0,2,0,0,0,0,2,22/23
703092,Alexey Borges,23.05.23_Franca,2,25.7,1310,15,415,472,250,81,22,64,89,33,12,75,84,30,0,0,10,5,5,7,93,22/23
699682,Breno Leoterio,23.05.23_Franca,2,18.0,198,1,131,25,11,1,0,9,54,2,0,16,52,1,0,1,0,0,0,0,1,22/23
711729,Eden Ewing,23.05.23_Franca,2,25.1,1339,7,428,622,196,37,8,58,113,23,4,67,97,29,0,6,3,6,4,2,56,22/23
708457,Felipe Vezaro,23.05.23_Franca,2,21.5,1029,5,376,362,205,41,0,64,81,22,2,48,84,20,0,10,3,3,5,0,44,22/23
709286,Isaac Hamilton,23.05.23_Franca,2,28.6,1016,6,357,338,198,41,46,32,68,17,6,28,63,27,1,2,11,4,3,4,70,22/23
708797,Lucas Faggiano,23.05.23_Franca,2,26.8,877,11,290,236,213,65,27,36,61,23,8,40,58,31,0,4,2,2,2,4,41,22/23
703456,Renan Lenz,23.05.23_Franca,2,17.4,240,0,118,63,41,0,0,10,39,3,0,12,36,2,0,22,3,0,1,0,34,22/23
700115,Shaquille Johnson,23.05.23_Franca,2,22.1,1405,11,591,535,171,52,0,80,111,25,6,79,107,29,0,6,7,5,6,5,81,22/23
685024,Wesley de Castro,23.05.23_Franca,2,21.8,909,3,342,360,144,15,0,48,87,18,3,52,86,14,0,4,7,7,7,2,73,22/23
709501,Yuri Neptune,23.05.23_Franca,2,10.4,153,0,103,17,0,0,0,13,51,1,0,15,50,1,0,1,0,0,0,0,1,22/23
692169,Alexandre Paranhos,23.05.23_Franca,3,24.3,1403,9,493,631,171,47,2,70,114,35,4,70,117,40,0,5,2,3,5,9,83,22/23
697157,Alexei Patrício,23.05.23_Franca,3,12.1,112,0,66,28,1,0,0,17,20,4,0,14,27,0,0,1,1,0,0,0,3,22/23
703092,Alexey Borges,23.05.23_Franca,3,27.0,2055,27,602,714,464,166,36,88,146,43,23,101,114,56,1,0,2,5,6,16,123,22/23
699682,Breno Leoterio,23.05.23_Franca,3,6.6,70,0,45,1,0,0,0,7,38,1,0,12,35,0,0,0,0,0,0,0,0,22/23
711729,Eden Ewing,23.05.23_Franca,3,14.9,369,0,162,147,32,0,0,17,56,6,1,27,47,7,0,9,3,1,2,0,27,22/23
708457,Felipe Vezaro,23.05.23_Franca,3,24.6,1088,8,344,450,196,43,5,72,88,20,5,74,83,21,0,7,2,4,6,1,51,22/23
709286,Isaac Hamilton,23.05.23_Franca,3,28.5,819,4,319,260,151,35,21,23,64,12,4,34,54,15,1,14,6,2,3,0,43,22/23
708797,Lucas Faggiano,23.05.23_Franca,3,24.8,1010,16,400,263,160,114,14,50,88,15,6,49,82,25,0,6,4,2,4,0,39,22/23
703456,Renan Lenz,23.05.23_Franca,3,22.8,824,4,319,335,96,34,0,40,81,15,2,44,84,9,0,13,6,2,6,1,63,22/23
700115,Shaquille Johnson,23.05.23_Franca,3,26.0,1555,11,600,606,197,73,17,72,123,34,7,75,129,29,0,5,6,5,4,2,55,22/23
685024,Wesley de Castro,23.05.23_Franca,3,21.6,1078,5,395,464,143,28,0,56,88,30,6,58,102,20,0,3,3,5,9,0,61,22/23
709501,Yuri Neptune,23.05.23_Franca,3,9.4,108,0,61,21,0,0,0,16,35,10,0,13,46,4,0,1,0,0,0,0,1,22/23
692169,Alexandre Paranhos,23.05.23_Franca,4,18.6,406,1,181,150,46,3,0,30,39,4,0,29,34,6,0,7,1,2,1,0,21,22/23
697157,Alexei Patrício,23.05.23_Franca,4,5.9,54,0,42,0,0,0,0,4,14,0,0,7,12,0,0,0,0,0,0,0,0,22/23
703092,Alexey Borges,23.05.23_Franca,4,25.5,1324,14,484,412,245,109,10,69,102,26,11,86,84,34,0,0,2,6,6,7,80,22/23
699682,Breno Leoterio,23.05.23_Franca,4,7.3,77,0,56,2,0,0,0,7,32,0,0,8,32,0,0,0,0,0,0,0,0,22/23
711729,Eden Ewing,23.05.23_Franca,4,4.9,45,0,35,0,0,0,0,5,9,0,0,5,8,0,0,3,0,0,0,0,3,22/23
708457,Felipe Vezaro,23.05.23_Franca,4,19.8,1160,3,450,428,217,11,0,58,98,25,4,58,91,30,0,4,5,8,2,0,48,22/23
709286,Isaac Hamilton,23.05.23_Franca,4,25.9,254,3,100,71,48,14,7,14,21,5,2,13,24,3,1,6,2,2,1,0,22,22/23
708797,Lucas Faggiano,23.05.23_Franca,4,5.3,33,0,23,0,0,0,0,6,11,0,0,10,8,0,0,1,0,0,0,0,1,22/23
703456,Renan Lenz,23.05.23_Franca,4,22.9,971,6,372,396,134,33,0,53,66,14,5,41,86,16,0,4,4,4,7,2,58,22/23
700115,Shaquille Johnson,23.05.23_Franca,4,24.7,1113,6,517,386,125,26,6,51,96,21,9,46,95,27,0,3,5,5,5,2,53,22/23
685024,Wesley de Castro,23.05.23_Franca,4,26.3,948,7,374,351,137,40,10,36,73,26,7,46,76,26,0,3,4,3,6,4,63,22/23
709501,Yuri Neptune,23.05.23_Franca,4,7.4,68,0,41,4,0,0,0,15,35,2,0,13,36,1,0,0,0,0,0,0,0,22/23
