npf,nome,nome_sessao,quarto_jg,vel_max,dist_total,sprints,zv1,zv2,zv3,zv4,zv5,dcel1,dcel2,dcel3,dcel4,acel1,acel2,acel3,acel4,fc1,fc2,fc3,fc4,fc5,trimp,temp
692169,Alexandre Paranhos,24.10.12_Brasilia,1,25.6,739,1,229,354,101,18,4,56,63,18,4,40,73,17,0,4,1,2,4,3,46,24/25
713851,Danilo Fuzaro,24.10.12_Brasilia,1,25.9,531,1,160,189,90,59,6,35,44,12,6,23,52,14,0,12,1,2,4,0,35,24/25
713017,Fernando Fernandes,24.10.12_Brasilia,1,4.6,29,0,19,0,0,0,0,2,19,0,0,2,19,0,0,1,0,0,0,0,1,24/25
714249,Franco Baralle,24.10.12_Brasilia,1,21.2,877,0,332,384,96,8,0,84,70,17,1,65,76,21,0,5,1,2,6,6,66,24/25
719376,Jeremy Hollowell,24.10.12_Brasilia,1,20.2,633,0,266,251,68,19,0,31,59,12,3,35,60,10,0,1,2,0,3,3,34,24/25
712072,Lucas Rodriguez,24.10.12_Brasilia,1,5.3,32,0,19,0,0,0,0,9,15,0,0,9,17,0,0,1,0,0,0,0,2,24/25
719679,Luis Montero,24.10.12_Brasilia,1,26.6,1292,3,480,599,116,36,22,83,97,23,4,74,101,25,0,3,3,3,3,6,60,24/25
719592,Scott Machado,24.10.12_Brasilia,1,23.3,728,0,252,239,161,39,0,27,56,23,10,44,45,31,0,8,5,3,1,0,32,24/25
690902,Murilo Ferraz,24.10.12_Brasilia,1,7.2,30,0,14,2,0,0,0,7,18,2,0,5,22,0,0,6,4,3,3,2,38,24/25
714226,Rafael Mineiro,24.10.12_Brasilia,1,19.6,1462,0,459,703,235,17,0,83,107,36,5,66,123,38,0,4,4,4,2,1,35,24/25
703343,Winicius Braga,24.10.12_Brasilia,1,16.3,128,0,60,44,13,0,0,9,21,1,0,12,19,1,0,4,1,1,0,0,9,24/25
709501,Yuri Neptune,24.10.12_Brasilia,1,24.4,1321,1,377,464,322,99,2,58,117,29,10,59,114,36,0,1,3,2,2,12,82,24/25
692169,Alexandre Paranhos,24.10.12_Brasilia,2,25.8,1007,1,417,362,134,41,7,47,83,29,1,53,95,21,0,5,3,3,5,4,58,24/25
713851,Danilo Fuzaro,24.10.12_Brasilia,2,26.6,984,3,302,367,181,62,24,57,78,23,7,41,72,37,1,5,7,4,6,4,69,24/25
713017,Fernando Fernandes,24.10.12_Brasilia,2,5.5,54,0,37,0,0,0,0,4,30,0,0,11,23,0,0,0,0,0,0,0,0,24/25
714249,Franco Baralle,24.10.12_Brasilia,2,24.9,1016,1,433,401,104,11,4,72,85,17,5,78,78,17,0,7,5,3,6,4,68,24/25
719376,Jeremy Hollowell,24.10.12_Brasilia,2,21.6,379,0,119,171,33,33,0,26,35,11,2,30,43,7,0,16,2,1,1,3,45,24/25
712072,Lucas Rodriguez,24.10.12_Brasilia,2,5.7,30,0,12,0,0,0,0,9,16,0,0,12,14,0,0,2,0,0,0,0,2,24/25
719679,Luis Montero,24.10.12_Brasilia,2,25.8,864,1,332,343,111,21,12,58,73,17,6,60,94,12,0,9,4,3,3,6,67,24/25
719592,Scott Machado,24.10.12_Brasilia,2,26.0,1343,2,502,445,275,50,19,57,94,31,5,81,81,33,0,0,3,8,4,8,89,24/25
690902,Murilo Ferraz,24.10.12_Brasilia,2,5.0,25,0,13,0,0,0,0,8,17,0,0,10,15,0,0,4,0,0,0,0,4,24/25
714226,Rafael Mineiro,24.10.12_Brasilia,2,22.0,1166,0,342,479,257,33,0,52,103,29,13,44,117,35,0,9,4,4,4,1,49,24/25
703343,Winicius Braga,24.10.12_Brasilia,2,18.4,412,0,118,208,66,2,0,29,31,10,2,19,41,8,0,11,1,1,3,1,31,24/25
709501,Yuri Neptune,24.10.12_Brasilia,2,23.8,522,0,183,134,139,42,0,21,53,9,3,24,44,11,0,15,1,1,2,3,41,24/25
692169,Alexandre Paranhos,24.10.12_Brasilia,3,25.8,1114,2,387,468,138,67,8,66,86,27,4,49,98,23,0,3,3,3,4,8,70,24/25
713851,Danilo Fuzaro,24.10.12_Brasilia,3,22.5,1162,0,370,458,221,52,0,66,114,28,6,78,98,35,0,1,5,5,9,3,77,24/25
713017,Fernando Fernandes,24.10.12_Brasilia,3,5.7,35,0,23,0,0,0,0,5,19,0,0,8,16,0,0,0,0,0,0,0,0,24/25
714249,Franco Baralle,24.10.12_Brasilia,3,21.5,1046,0,385,414,177,21,0,67,70,21,5,63,77,22,0,6,4,2,4,7,70,24/25
719376,Jeremy Hollowell,24.10.12_Brasilia,3,24.2,425,1,135,223,39,11,2,25,29,12,0,20,31,9,0,7,0,0,2,3,29,24/25
712072,Lucas Rodriguez,24.10.12_Brasilia,3,6.8,27,0,13,2,0,0,0,9,11,1,0,9,12,0,0,1,0,0,0,0,2,24/25
719679,Luis Montero,24.10.12_Brasilia,3,25.5,813,1,296,356,91,30,7,45,67,16,4,42,65,19,0,10,2,2,1,0,27,24/25
719592,Scott Machado,24.10.12_Brasilia,3,26.2,684,1,209,222,144,51,14,41,63,15,7,47,55,23,0,11,2,2,5,3,56,24/25
690902,Murilo Ferraz,24.10.12_Brasilia,3,4.9,26,0,14,0,0,0,0,7,16,0,0,6,17,0,0,3,0,0,0,0,7,24/25
714226,Rafael Mineiro,24.10.12_Brasilia,3,21.4,1073,0,381,476,147,22,0,54,86,33,5,48,100,25,0,5,3,4,8,0,56,24/25
703343,Winicius Braga,24.10.12_Brasilia,3,20.9,418,0,184,155,46,8,0,24,46,14,0,26,44,9,0,2,1,2,2,0,18,24/25
709501,Yuri Neptune,24.10.12_Brasilia,3,22.9,895,0,251,356,206,41,0,49,84,21,8,40,81,32,0,4,2,2,6,3,53,24/25
692169,Alexandre Paranhos,24.10.12_Brasilia,4,23.9,1014,0,329,481,114,43,0,57,88,26,4,59,105,22,0,4,2,2,5,7,71,24/25
713851,Danilo Fuzaro,24.10.12_Brasilia,4,26.1,880,2,263,273,204,65,16,46,83,35,5,56,77,32,0,6,10,6,5,2,73,24/25
713017,Fernando Fernandes,24.10.12_Brasilia,4,7.0,51,0,36,3,0,0,0,7,20,2,0,8,21,1,0,0,0,0,0,0,0,24/25
714249,Franco Baralle,24.10.12_Brasilia,4,21.3,1090,0,487,366,129,16,0,84,91,21,3,92,77,24,0,9,5,5,6,4,78,24/25
719376,Jeremy Hollowell,24.10.12_Brasilia,4,21.1,111,0,59,21,12,9,0,5,15,1,1,8,13,1,0,1,1,1,0,0,6,24/25
712072,Lucas Rodriguez,24.10.12_Brasilia,4,9.4,52,0,36,3,0,0,0,2,22,1,0,5,21,0,0,1,0,0,0,0,2,24/25
719679,Luis Montero,24.10.12_Brasilia,4,23.7,1248,0,460,533,158,32,0,98,116,19,4,75,111,28,1,5,4,4,6,9,90,24/25
719592,Scott Machado,24.10.12_Brasilia,4,24.7,1534,4,476,542,342,80,17,80,119,44,11,98,105,47,0,0,1,6,14,8,116,24/25
690902,Murilo Ferraz,24.10.12_Brasilia,4,6.6,37,0,20,1,0,0,0,8,21,1,0,13,17,1,0,1,0,0,0,0,1,24/25
714226,Rafael Mineiro,24.10.12_Brasilia,4,25.3,1616,2,529,721,220,60,14,90,152,48,5,76,175,37,0,2,5,9,9,3,91,24/25
703343,Winicius Braga,24.10.12_Brasilia,4,18.5,495,0,192,208,59,2,0,35,54,14,0,33,58,12,0,7,1,1,4,1,31,24/25
709501,Yuri Neptune,24.10.12_Brasilia,4,26.0,478,1,189,161,85,6,6,23,63,13,4,21,64,14,0,14,2,1,2,2,42,24/25
692169,Alexandre Paranhos,24.10.15_Franca,1,22.7,783,0,230,411,89,22,0,44,65,28,4,35,78,23,0,3,1,2,4,4,47,24/25
713851,Danilo Fuzaro,24.10.15_Franca,1,27.3,1289,6,317,458,297,105,61,70,92,28,8,49,91,42,0,0,2,1,3,9,66,24/25
714249,Franco Baralle,24.10.15_Franca,1,21.0,858,0,307,357,127,24,0,61,68,12,5,63,56,21,0,3,1,2,5,5,55,24/25
719376,Jeremy Hollowell,24.10.15_Franca,1,24.4,1053,1,306,542,137,30,1,61,72,30,4,58,85,26,0,0,2,2,3,10,71,24/25
719433,Juan Arengo,24.10.15_Franca,1,25.9,1339,2,345,535,302,103,10,71,85,34,4,60,86,29,1,0,2,2,5,7,66,24/25
712072,Lucas Rodriguez,24.10.15_Franca,1,5.4,37,0,25,0,0,0,0,3,24,0,0,2,25,0,0,5,0,0,0,0,5,24/25
719592,Scott Machado,24.10.15_Franca,1,26.0,566,2,144,199,132,46,19,30,32,13,7,30,34,16,0,7,2,1,1,2,29,24/25
714226,Rafael Mineiro,24.10.15_Franca,1,19.5,375,0,112,188,51,8,0,23,32,10,2,20,39,10,0,0,1,1,2,1,16,24/25
703343,Winicius Braga,24.10.15_Franca,1,22.4,256,0,99,98,27,16,0,14,28,7,3,16,24,10,0,3,0,1,1,0,13,24/25
709501,Yuri Neptune,24.10.15_Franca,1,20.3,299,0,96,100,67,15,0,8,39,10,0,14,37,6,0,2,0,1,1,0,12,24/25
692169,Alexandre Paranhos,24.10.15_Franca,2,22.8,836,0,346,336,81,27,0,46,84,14,5,46,85,19,0,4,3,3,4,2,43,24/25
713851,Danilo Fuzaro,24.10.15_Franca,2,27.9,1098,5,445,295,162,86,45,56,100,27,6,60,101,29,1,4,9,5,6,5,85,24/25
714249,Franco Baralle,24.10.15_Franca,2,24.1,1095,1,506,374,109,33,2,60,99,21,2,84,77,20,1,6,3,4,7,2,64,24/25
719376,Jeremy Hollowell,24.10.15_Franca,2,26.0,913,1,341,407,99,10,5,59,82,16,7,47,97,16,0,8,8,5,4,5,76,24/25
719433,Juan Arengo,24.10.15_Franca,2,27.6,1142,3,496,314,133,114,30,49,88,22,5,43,94,22,0,6,11,5,5,3,74,24/25
712072,Lucas Rodriguez,24.10.15_Franca,2,7.5,123,0,92,6,0,0,0,15,31,0,0,17,31,0,0,3,0,0,0,0,4,24/25
719592,Scott Machado,24.10.15_Franca,2,25.5,1095,2,375,336,267,55,5,51,85,28,8,72,68,27,1,1,3,6,6,8,91,24/25
714226,Rafael Mineiro,24.10.15_Franca,2,25.7,1087,1,409,438,150,29,9,73,96,18,3,56,111,18,0,10,4,4,4,3,59,24/25
703343,Winicius Braga,24.10.15_Franca,2,19.4,762,0,293,291,134,9,0,51,69,12,3,46,69,15,0,17,3,1,4,4,61,24/25
709501,Yuri Neptune,24.10.15_Franca,2,23.6,966,0,320,326,227,47,0,46,86,22,6,51,80,26,1,13,3,2,4,6,70,24/25
692169,Alexandre Paranhos,24.10.15_Franca,3,20.4,603,0,179,290,100,14,0,31,43,17,1,30,44,15,0,3,1,0,2,4,35,24/25
713851,Danilo Fuzaro,24.10.15_Franca,3,26.2,1282,6,375,449,246,124,44,63,99,27,9,46,85,36,2,0,2,3,7,6,72,24/25
714249,Franco Baralle,24.10.15_Franca,3,25.9,961,1,373,394,118,19,5,85,81,12,3,79,69,21,0,3,1,2,5,6,66,24/25
719376,Jeremy Hollowell,24.10.15_Franca,3,22.6,851,0,308,392,100,23,0,41,64,17,2,59,65,11,0,6,2,1,4,5,56,24/25
719433,Juan Arengo,24.10.15_Franca,3,26.3,1295,4,411,453,247,96,52,45,80,29,10,50,87,33,0,1,5,3,5,4,62,24/25
712072,Lucas Rodriguez,24.10.15_Franca,3,6.5,30,0,18,2,0,0,0,5,11,1,0,5,11,0,0,4,0,0,0,0,4,24/25
719592,Scott Machado,24.10.15_Franca,3,27.4,417,1,112,150,99,14,11,21,42,14,4,25,40,8,1,9,3,2,4,1,40,24/25
714226,Rafael Mineiro,24.10.15_Franca,3,24.0,775,1,270,297,149,22,1,45,72,17,1,42,80,17,0,3,2,3,5,2,46,24/25
703343,Winicius Braga,24.10.15_Franca,3,21.8,568,0,178,256,95,10,0,37,56,16,2,35,65,12,0,8,2,1,2,3,38,24/25
709501,Yuri Neptune,24.10.15_Franca,3,26.3,553,2,207,190,82,23,22,23,52,15,3,22,54,14,0,3,1,1,3,1,27,24/25
692169,Alexandre Paranhos,24.10.15_Franca,4,21.4,1132,0,460,453,134,15,0,76,118,30,5,69,130,28,0,5,2,3,8,4,69,24/25
713851,Danilo Fuzaro,24.10.15_Franca,4,26.3,1376,4,508,419,254,89,22,53,143,27,8,63,119,42,0,2,7,8,10,4,98,24/25
714249,Franco Baralle,24.10.15_Franca,4,26.0,1575,2,650,482,250,76,14,119,111,37,7,123,107,36,1,4,7,4,9,6,98,24/25
719376,Jeremy Hollowell,24.10.15_Franca,4,23.9,181,0,63,53,22,27,0,13,19,7,1,15,25,3,0,9,1,1,1,0,19,24/25
719433,Juan Arengo,24.10.15_Franca,4,25.7,1138,2,401,379,186,113,8,44,92,27,7,58,84,26,0,10,8,4,7,2,74,24/25
712072,Lucas Rodriguez,24.10.15_Franca,4,6.6,98,0,75,1,0,0,0,7,29,1,0,13,29,0,0,2,0,0,0,0,2,24/25
719592,Scott Machado,24.10.15_Franca,4,21.9,695,0,242,255,138,20,0,41,59,16,3,51,40,23,0,15,4,3,4,4,66,24/25
714226,Rafael Mineiro,24.10.15_Franca,4,24.1,1526,1,570,611,252,25,1,87,121,43,3,83,138,33,0,5,5,7,9,3,87,24/25
703343,Winicius Braga,24.10.15_Franca,4,6.4,82,0,63,1,0,0,0,5,31,2,0,6,33,0,0,19,1,0,0,0,20,24/25
709501,Yuri Neptune,24.10.15_Franca,4,26.4,786,2,315,193,172,42,20,34,74,15,5,30,68,19,0,7,3,4,4,0,44,24/25
692169,Alexandre Paranhos,24.10.17_Bauru,1,26.5,1144,1,412,476,141,46,17,55,103,28,6,59,101,32,0,4,2,3,5,8,78,24/25
713851,Danilo Fuzaro,24.10.17_Bauru,1,26.6,1137,3,348,372,298,55,23,64,78,24,9,34,80,38,0,0,6,4,4,7,78,24/25
714249,Franco Baralle,24.10.17_Bauru,1,21.2,648,0,269,267,55,6,0,61,52,12,2,60,44,11,0,10,2,1,4,5,55,24/25
719376,Jeremy Hollowell,24.10.17_Bauru,1,19.4,859,0,242,445,129,8,0,41,69,23,2,43,73,17,0,4,6,3,4,5,66,24/25
719433,Juan Arengo,24.10.17_Bauru,1,26.1,1387,1,436,517,278,87,11,69,92,37,10,58,97,41,0,1,4,2,4,10,84,24/25
712072,Lucas Rodriguez,24.10.17_Bauru,1,6.0,34,0,23,0,0,0,0,7,13,1,0,8,14,0,0,4,0,0,0,0,4,24/25
719679,Luis Montero,24.10.17_Bauru,1,26.1,576,1,207,226,87,17,8,40,51,14,5,33,55,19,0,7,2,2,4,1,37,24/25
719592,Scott Machado,24.10.17_Bauru,1,24.1,825,1,231,323,162,75,1,40,63,19,7,46,44,30,0,3,2,3,3,2,41,24/25
714226,Rafael Mineiro,24.10.17_Bauru,1,21.4,534,0,150,252,80,23,0,34,50,14,1,22,58,9,0,1,3,5,4,2,49,24/25
703343,Winicius Braga,24.10.17_Bauru,1,18.0,321,0,124,129,53,0,0,18,30,9,0,19,33,5,0,4,0,1,2,0,18,24/25
709501,Yuri Neptune,24.10.17_Bauru,1,22.0,406,0,108,120,117,36,0,18,53,14,1,21,39,18,0,6,1,1,2,0,20,24/25
692169,Alexandre Paranhos,24.10.17_Bauru,2,22.3,700,0,243,304,97,22,0,34,66,20,0,38,65,19,1,6,2,1,3,4,42,24/25
713851,Danilo Fuzaro,24.10.17_Bauru,2,22.4,1249,0,457,453,252,37,0,79,80,28,6,52,100,31,0,1,3,4,4,7,72,24/25
714249,Franco Baralle,24.10.17_Bauru,2,19.9,435,0,229,145,25,3,0,28,32,4,1,41,27,4,0,8,1,1,1,4,36,24/25
719376,Jeremy Hollowell,24.10.17_Bauru,2,17.9,553,0,233,242,52,0,0,35,52,11,1,38,56,7,0,11,3,2,2,3,47,24/25
719433,Juan Arengo,24.10.17_Bauru,2,26.1,569,3,193,190,105,33,22,28,49,10,6,25,54,13,0,8,9,1,1,4,54,24/25
712072,Lucas Rodriguez,24.10.17_Bauru,2,7.0,38,0,21,2,0,0,0,11,16,1,0,9,20,0,0,3,0,0,0,0,3,24/25
719679,Luis Montero,24.10.17_Bauru,2,23.5,914,0,275,415,154,37,0,45,65,23,3,47,70,19,0,3,5,3,5,7,76,24/25
719592,Scott Machado,24.10.17_Bauru,2,24.5,629,1,160,197,190,46,4,19,53,22,7,24,41,27,0,2,2,3,3,3,45,24/25
714226,Rafael Mineiro,24.10.17_Bauru,2,21.4,868,0,303,364,126,31,0,58,73,19,1,57,83,18,0,5,2,4,6,1,49,24/25
703343,Winicius Braga,24.10.17_Bauru,2,19.2,803,0,235,360,169,5,0,33,67,23,4,38,73,19,0,1,4,4,4,6,63,24/25
709501,Yuri Neptune,24.10.17_Bauru,2,24.0,1259,0,370,413,325,106,0,56,87,37,7,46,87,36,0,5,3,3,6,4,65,24/25
692169,Alexandre Paranhos,24.10.17_Bauru,3,23.1,618,0,229,263,76,15,0,40,62,17,4,41,57,19,0,1,1,1,5,5,48,24/25
713851,Danilo Fuzaro,24.10.17_Bauru,3,26.2,1243,2,456,452,198,58,12,57,119,32,7,66,108,34,0,0,4,3,5,12,96,24/25
714249,Franco Baralle,24.10.17_Bauru,3,17.2,877,0,430,311,67,0,0,75,79,19,2,82,69,17,0,4,2,2,6,8,80,24/25
719376,Jeremy Hollowell,24.10.17_Bauru,3,19.9,946,0,350,454,92,6,0,67,84,19,2,50,91,14,0,5,2,2,4,9,80,24/25
719433,Juan Arengo,24.10.17_Bauru,3,27.1,620,3,223,227,81,28,36,36,48,13,3,34,48,14,1,10,7,1,3,1,43,24/25
712072,Lucas Rodriguez,24.10.17_Bauru,3,6.2,16,0,7,1,0,0,0,9,5,0,0,10,5,0,0,2,0,0,0,0,2,24/25
719679,Luis Montero,24.10.17_Bauru,3,26.4,706,2,223,307,95,42,13,46,51,18,4,32,64,11,2,8,2,2,4,3,48,24/25
719592,Scott Machado,24.10.17_Bauru,3,26.1,397,1,133,152,43,34,11,27,33,10,0,28,29,11,1,15,1,1,3,0,34,24/25
714226,Rafael Mineiro,24.10.17_Bauru,3,23.2,826,0,326,310,115,37,0,39,78,19,2,43,83,16,0,2,3,4,3,2,41,24/25
703343,Winicius Braga,24.10.17_Bauru,3,20.6,341,0,119,135,57,12,0,18,33,9,1,16,34,8,0,3,4,5,2,1,37,24/25
709501,Yuri Neptune,24.10.17_Bauru,3,25.8,1048,1,317,403,230,45,4,47,102,27,7,36,112,30,0,6,3,4,4,6,70,24/25
692169,Alexandre Paranhos,24.10.17_Bauru,4,21.2,882,0,321,422,71,10,0,67,78,25,2,46,107,19,0,3,2,3,7,3,61,24/25
713851,Danilo Fuzaro,24.10.17_Bauru,4,25.5,687,1,280,213,103,29,4,52,81,20,4,49,84,20,0,1,12,4,7,3,80,24/25
714249,Franco Baralle,24.10.17_Bauru,4,19.3,854,0,365,337,61,20,0,76,78,20,1,84,71,11,0,4,3,4,5,6,70,24/25
719376,Jeremy Hollowell,24.10.17_Bauru,4,23.3,366,0,183,137,12,9,0,19,40,7,1,17,46,5,0,9,2,3,2,0,30,24/25
719433,Juan Arengo,24.10.17_Bauru,4,26.8,1104,2,379,511,118,21,24,71,90,23,2,55,100,21,1,7,6,2,1,1,33,24/25
712072,Lucas Rodriguez,24.10.17_Bauru,4,11.9,43,0,21,4,0,0,0,12,16,1,0,11,17,1,0,2,0,0,0,0,2,24/25
719679,Luis Montero,24.10.17_Bauru,4,25.4,1089,1,400,505,112,28,5,73,78,14,6,61,91,14,0,7,3,5,4,7,80,24/25
719592,Scott Machado,24.10.17_Bauru,4,26.0,1164,2,397,473,185,46,13,62,90,27,7,64,86,31,0,4,6,7,6,3,78,24/25
714226,Rafael Mineiro,24.10.17_Bauru,4,20.9,1177,0,442,518,146,18,0,65,106,24,1,56,117,19,0,8,7,4,7,1,66,24/25
703343,Winicius Braga,24.10.17_Bauru,4,16.7,719,0,272,333,84,0,0,35,74,12,4,29,79,14,0,3,5,2,1,2,31,24/25
709501,Yuri Neptune,24.10.17_Bauru,4,6.4,111,0,88,1,0,0,0,9,37,0,0,12,34,0,0,14,0,0,0,0,14,24/25
692169,Alexandre Paranhos,24.10.21_São José,1,25.9,1004,2,279,541,109,21,11,68,80,24,2,48,94,24,0,1,1,2,7,6,68,24/25
713851,Danilo Fuzaro,24.10.21_São José,1,24.1,928,1,252,354,209,70,1,54,67,32,7,40,71,33,0,1,7,2,4,7,66,24/25
713017,Fernando Fernandes,24.10.21_São José,1,5.1,37,0,23,0,0,0,0,6,23,0,0,6,23,0,0,1,0,0,0,0,1,24/25
714249,Franco Baralle,24.10.21_São José,1,22.2,804,0,271,335,124,26,0,55,53,21,6,59,62,16,0,8,1,1,3,7,58,24/25
719376,Jeremy Hollowell,24.10.21_São José,1,24.6,475,1,175,197,61,16,3,30,40,17,1,26,48,10,0,0,0,1,1,7,42,24/25
719433,Juan Arengo,24.10.21_São José,1,26.5,732,3,182,265,154,76,25,33,52,13,7,25,59,18,0,5,3,2,3,2,39,24/25
719679,Luis Montero,24.10.21_São José,1,22.7,1050,0,314,535,136,31,0,68,84,19,4,60,80,19,0,4,2,2,5,6,66,24/25
719592,Scott Machado,24.10.21_São José,1,25.8,623,2,185,199,138,62,15,27,46,13,6,33,37,19,0,1,2,2,4,2,38,24/25
690902,Murilo Ferraz,24.10.21_São José,1,5.1,33,0,17,0,0,0,0,10,21,0,0,10,21,0,0,14,1,0,0,0,16,24/25
714226,Rafael Mineiro,24.10.21_São José,1,26.0,877,1,234,420,146,43,6,44,78,16,6,43,72,24,0,7,1,3,4,1,42,24/25
703343,Winicius Braga,24.10.21_São José,1,24.6,436,1,150,171,78,14,5,21,35,10,0,13,36,10,0,2,4,3,4,1,41,24/25
709501,Yuri Neptune,24.10.21_São José,1,23.8,565,0,180,130,137,97,0,21,46,12,5,10,49,17,0,2,2,1,3,1,26,24/25
692169,Alexandre Paranhos,24.10.21_São José,2,21.8,643,0,233,287,73,20,0,30,61,21,1,43,59,15,0,2,2,2,6,5,57,24/25
713851,Danilo Fuzaro,24.10.21_São José,2,26.3,804,2,288,262,140,47,20,36,80,24,1,50,69,19,0,3,6,3,5,4,65,24/25
713017,Fernando Fernandes,24.10.21_São José,2,5.9,60,0,41,0,0,0,0,5,31,0,0,8,29,0,0,0,0,0,0,0,0,24/25
714249,Franco Baralle,24.10.21_São José,2,21.8,665,0,212,276,116,24,0,41,47,21,1,51,41,18,0,12,1,1,3,4,51,24/25
719376,Jeremy Hollowell,24.10.21_São José,2,21.3,913,0,335,446,78,13,0,66,79,29,2,56,86,24,0,1,1,2,1,6,45,24/25
719433,Juan Arengo,24.10.21_São José,2,26.6,1773,7,464,682,374,154,46,86,114,47,11,84,103,56,1,0,0,4,6,12,94,24/25
719679,Luis Montero,24.10.21_São José,2,26.6,692,3,275,236,74,50,29,37,53,13,4,32,57,14,0,12,2,1,3,3,45,24/25
719592,Scott Machado,24.10.21_São José,2,26.3,752,1,202,287,166,54,12,37,55,19,9,38,59,21,0,5,4,2,3,8,68,24/25
690902,Murilo Ferraz,24.10.21_São José,2,5.0,57,0,34,0,0,0,0,12,29,0,0,15,26,0,0,8,1,0,0,0,9,24/25
714226,Rafael Mineiro,24.10.21_São José,2,22.5,466,0,160,208,65,9,0,23,46,6,2,27,46,7,0,7,2,1,1,1,22,24/25
703343,Winicius Braga,24.10.21_São José,2,17.9,801,0,285,391,92,0,0,45,77,14,1,43,92,10,0,8,3,3,5,2,55,24/25
709501,Yuri Neptune,24.10.21_São José,2,19.9,305,0,117,95,64,7,0,19,44,5,2,14,46,4,0,13,1,1,1,1,27,24/25
692169,Alexandre Paranhos,24.10.21_São José,3,24.0,1186,0,397,608,92,44,0,78,88,31,3,77,105,24,0,1,2,2,8,5,65,24/25
713851,Danilo Fuzaro,24.10.21_São José,3,28.1,514,1,154,205,99,19,11,32,48,9,5,26,49,16,1,6,5,2,2,1,34,24/25
713017,Fernando Fernandes,24.10.21_São José,3,4.8,35,0,23,0,0,0,0,4,17,0,0,7,14,0,0,1,0,0,0,0,1,24/25
714249,Franco Baralle,24.10.21_São José,3,22.8,812,0,296,346,97,30,0,74,56,19,4,61,63,15,0,5,1,1,4,5,52,24/25
719376,Jeremy Hollowell,24.10.21_São José,3,16.5,462,0,170,224,43,0,0,36,47,9,0,34,52,4,0,3,1,2,2,1,25,24/25
719433,Juan Arengo,24.10.21_São José,3,27.8,1197,4,265,532,228,92,48,54,79,28,5,44,74,30,2,4,2,1,3,8,62,24/25
719679,Luis Montero,24.10.21_São José,3,23.6,1122,0,385,513,133,51,0,73,74,26,2,54,90,20,0,2,2,2,5,6,63,24/25
719592,Scott Machado,24.10.21_São José,3,20.4,472,0,166,187,81,11,0,33,41,14,4,29,38,16,0,6,0,2,3,1,33,24/25
690902,Murilo Ferraz,24.10.21_São José,3,5.3,41,0,24,0,0,0,0,11,20,0,0,11,21,0,0,9,1,0,0,0,10,24/25
714226,Rafael Mineiro,24.10.21_São José,3,21.6,800,0,247,394,95,35,0,31,73,25,5,33,78,23,0,2,3,2,3,1,27,24/25
703343,Winicius Braga,24.10.21_São José,3,7.5,45,0,31,5,0,0,0,3,15,1,0,6,14,0,0,3,0,0,0,0,3,24/25
709501,Yuri Neptune,24.10.21_São José,3,24.4,375,1,146,109,62,29,3,26,47,5,3,22,49,9,0,2,0,1,2,0,14,24/25
692169,Alexandre Paranhos,24.10.21_São José,4,4.9,7,0,4,0,0,0,0,2,6,0,0,2,7,0,0,1,0,0,0,0,1,24/25
713851,Danilo Fuzaro,24.10.21_São José,4,23.4,879,0,266,334,158,76,0,64,74,18,4,42,69,27,0,3,3,4,4,6,66,24/25
713017,Fernando Fernandes,24.10.21_São José,4,27.0,567,2,174,233,77,43,19,30,44,9,7,33,43,13,0,2,1,1,2,2,27,24/25
714249,Franco Baralle,24.10.21_São José,4,4.6,22,0,13,0,0,0,0,5,4,0,0,5,4,0,0,10,0,0,0,0,10,24/25
719376,Jeremy Hollowell,24.10.21_São José,4,23.7,1167,0,491,530,80,12,0,69,91,30,4,67,102,16,0,2,3,3,4,2,42,24/25
719433,Juan Arengo,24.10.21_São José,4,26.4,804,1,223,332,133,76,11,34,59,20,6,29,56,23,0,11,1,2,3,2,40,24/25
719679,Luis Montero,24.10.21_São José,4,7.4,42,0,30,2,0,0,0,5,12,1,0,7,12,0,0,10,1,0,0,0,11,24/25
719592,Scott Machado,24.10.21_São José,4,25.6,966,1,291,395,164,66,4,58,74,23,13,58,77,25,1,4,3,2,2,10,74,24/25
690902,Murilo Ferraz,24.10.21_São José,4,22.5,432,0,135,180,74,23,0,28,39,14,0,28,35,12,0,11,1,0,2,3,34,24/25
714226,Rafael Mineiro,24.10.21_São José,4,5.3,25,0,19,0,0,0,0,2,11,0,0,2,12,0,0,4,1,1,0,0,8,24/25
703343,Winicius Braga,24.10.21_São José,4,24.5,1387,1,433,745,129,27,2,67,129,37,8,60,142,38,0,1,3,3,7,6,76,24/25
709501,Yuri Neptune,24.10.21_São José,4,22.8,1178,0,371,424,247,86,0,61,98,28,7,49,103,34,0,4,4,4,4,4,59,24/25
692169,Alexandre Paranhos,24.10.24_Mogi,1,4.5,22,0,13,0,0,0,0,3,11,0,0,4,10,0,0,0,0,0,0,0,0,24/25
713851,Danilo Fuzaro,24.10.24_Mogi,1,25.9,939,3,320,313,166,75,10,53,94,22,7,54,85,33,1,6,11,3,1,1,45,24/25
713017,Fernando Fernandes,24.10.24_Mogi,1,6.5,53,0,35,3,0,0,0,4,18,1,0,11,15,0,0,2,0,0,0,0,2,24/25
714249,Franco Baralle,24.10.24_Mogi,1,21.0,723,0,262,274,114,28,0,45,60,19,5,44,59,21,0,11,4,2,1,0,30,24/25
719376,Jeremy Hollowell,24.10.24_Mogi,1,20.8,1082,0,403,508,107,11,0,65,94,29,2,56,116,15,0,4,3,5,8,5,83,24/25
719433,Juan Arengo,24.10.24_Mogi,1,23.6,912,0,301,352,191,28,0,46,73,27,7,50,72,33,0,8,2,2,5,3,52,24/25
719679,Luis Montero,24.10.24_Mogi,1,26.3,1433,2,550,592,186,36,15,88,108,23,4,71,119,23,1,2,4,3,8,8,90,24/25
719592,Scott Machado,24.10.24_Mogi,1,26.2,898,2,276,294,223,43,14,46,75,24,12,55,58,37,1,6,5,4,6,3,65,24/25
690902,Murilo Ferraz,24.10.24_Mogi,1,4.9,51,0,30,0,0,0,0,10,25,0,0,13,23,0,0,9,0,0,0,0,9,24/25
714226,Rafael Mineiro,24.10.24_Mogi,1,23.9,589,0,162,232,130,36,0,37,50,19,3,32,60,17,0,4,0,1,5,1,33,24/25
703343,Winicius Braga,24.10.24_Mogi,1,19.5,921,0,310,477,93,3,0,45,101,20,4,35,104,20,0,3,2,3,6,1,50,24/25
709501,Yuri Neptune,24.10.24_Mogi,1,27.0,691,2,200,257,149,37,17,41,66,16,3,24,67,18,0,7,1,3,4,2,40,24/25
692169,Alexandre Paranhos,24.10.24_Mogi,2,25.1,1012,1,300,479,128,57,6,51,86,25,4,51,87,26,0,2,1,2,6,3,49,24/25
713851,Danilo Fuzaro,24.10.24_Mogi,2,26.2,1058,2,344,393,189,65,19,48,85,29,7,48,82,33,1,0,5,4,6,4,65,24/25
713017,Fernando Fernandes,24.10.24_Mogi,2,5.5,57,0,40,0,0,0,0,7,22,0,0,13,18,0,0,0,0,0,0,0,0,24/25
714249,Franco Baralle,24.10.24_Mogi,2,18.5,485,0,206,178,69,5,0,25,36,12,3,42,33,14,0,10,2,1,1,0,23,24/25
719376,Jeremy Hollowell,24.10.24_Mogi,2,22.8,1157,0,437,531,123,28,0,77,84,22,2,62,93,14,0,2,3,2,5,8,71,24/25
719433,Juan Arengo,24.10.24_Mogi,2,27.1,1264,6,394,414,269,113,43,51,71,35,11,47,80,35,3,3,2,3,3,8,69,24/25
719679,Luis Montero,24.10.24_Mogi,2,26.1,963,1,270,453,167,39,8,61,67,20,6,42,74,15,1,6,4,4,3,1,42,24/25
719592,Scott Machado,24.10.24_Mogi,2,25.9,449,1,159,153,102,19,5,22,22,10,4,14,29,11,0,11,3,1,3,1,38,24/25
690902,Murilo Ferraz,24.10.24_Mogi,2,6.4,51,0,36,1,0,0,0,10,19,0,0,10,18,0,0,2,0,0,0,0,2,24/25
714226,Rafael Mineiro,24.10.24_Mogi,2,8.8,58,0,30,15,0,0,0,5,13,1,0,9,11,0,0,4,0,0,0,0,4,24/25
703343,Winicius Braga,24.10.24_Mogi,2,14.5,205,0,69,87,30,0,0,10,38,6,1,16,35,5,0,7,0,0,2,0,15,24/25
709501,Yuri Neptune,24.10.24_Mogi,2,26.0,1013,1,286,398,215,72,9,38,92,18,7,40,86,26,0,4,2,3,4,7,64,24/25
692169,Alexandre Paranhos,24.10.24_Mogi,3,25.0,463,1,159,194,51,31,4,30,38,15,1,23,52,11,0,2,1,3,2,1,26,24/25
713851,Danilo Fuzaro,24.10.24_Mogi,3,24.4,900,1,290,347,139,76,3,49,78,22,6,51,77,22,0,4,6,2,7,3,65,24/25
713017,Fernando Fernandes,24.10.24_Mogi,3,5.1,18,0,13,0,0,0,0,1,7,0,0,2,7,0,0,0,0,0,0,0,0,24/25
714249,Franco Baralle,24.10.24_Mogi,3,25.9,771,1,247,284,147,36,4,46,65,29,6,64,77,23,0,5,4,3,1,1,31,24/25
719376,Jeremy Hollowell,24.10.24_Mogi,3,25.2,848,1,293,379,110,29,6,51,59,25,2,43,72,19,1,6,2,1,3,9,73,24/25
719433,Juan Arengo,24.10.24_Mogi,3,27.9,857,2,301,284,155,43,34,34,81,17,5,41,70,24,0,4,7,3,3,5,64,24/25
719679,Luis Montero,24.10.24_Mogi,3,26.4,1401,3,521,613,137,27,46,88,129,33,8,75,132,29,2,2,7,7,4,1,59,24/25
719592,Scott Machado,24.10.24_Mogi,3,18.2,363,0,92,135,113,2,0,23,21,10,4,29,23,9,0,13,2,1,1,0,25,24/25
690902,Murilo Ferraz,24.10.24_Mogi,3,4.3,13,0,5,0,0,0,0,4,7,0,0,6,6,0,0,2,0,0,0,0,2,24/25
714226,Rafael Mineiro,24.10.24_Mogi,3,26.1,1303,1,435,575,194,35,10,91,108,30,5,72,120,30,0,1,5,4,8,3,70,24/25
703343,Winicius Braga,24.10.24_Mogi,3,4.7,17,0,11,0,0,0,0,4,9,0,0,3,10,0,0,2,0,0,0,0,2,24/25
709501,Yuri Neptune,24.10.24_Mogi,3,18.3,161,0,63,57,25,1,0,8,31,4,1,8,36,3,0,13,1,0,0,0,17,24/25
692169,Alexandre Paranhos,24.10.24_Mogi,4,26.2,290,2,80,124,38,21,11,22,26,5,1,26,23,8,0,5,1,1,1,0,17,24/25
713851,Danilo Fuzaro,24.10.24_Mogi,4,4.0,19,0,11,0,0,0,0,5,9,0,0,6,8,0,0,12,2,0,0,0,17,24/25
713017,Fernando Fernandes,24.10.24_Mogi,4,26.2,1111,9,339,428,163,82,66,49,74,17,9,53,71,19,1,1,0,2,5,4,47,24/25
714249,Franco Baralle,24.10.24_Mogi,4,5.0,30,0,20,0,0,0,0,10,7,0,0,9,8,0,0,10,0,0,0,0,10,24/25
719376,Jeremy Hollowell,24.10.24_Mogi,4,17.5,593,0,257,251,43,0,0,41,63,17,0,53,58,10,0,5,2,3,7,1,50,24/25
719433,Juan Arengo,24.10.24_Mogi,4,27.2,682,2,240,277,86,35,25,33,37,13,8,28,43,15,0,9,2,2,2,4,46,24/25
719679,Luis Montero,24.10.24_Mogi,4,7.1,69,0,52,4,0,0,0,7,20,0,0,7,18,0,0,10,3,1,0,0,19,24/25
719592,Scott Machado,24.10.24_Mogi,4,26.2,1162,2,369,415,241,62,11,60,95,34,10,67,100,31,0,0,1,4,8,6,73,24/25
690902,Murilo Ferraz,24.10.24_Mogi,4,23.1,647,0,191,249,146,33,0,37,58,8,5,38,45,24,0,4,0,0,1,6,38,24/25
714226,Rafael Mineiro,24.10.24_Mogi,4,5.9,28,0,19,0,0,0,0,8,12,0,0,9,13,0,0,9,1,0,0,0,10,24/25
703343,Winicius Braga,24.10.24_Mogi,4,16.9,1006,0,352,503,104,0,0,56,105,20,4,68,102,15,0,1,0,3,6,5,58,24/25
709501,Yuri Neptune,24.10.24_Mogi,4,26.1,1509,2,419,581,360,80,12,65,147,34,5,61,131,37,0,0,1,1,3,13,83,24/25
692169,Alexandre Paranhos,24.10.29_Pinheiros,1,23.5,850,0,253,422,135,14,0,53,63,27,5,33,81,23,0,3,1,2,6,1,42,24/25
713851,Danilo Fuzaro,24.10.29_Pinheiros,1,25.9,838,3,256,325,168,46,14,48,51,18,8,42,53,25,0,0,6,3,1,1,30,24/25
713017,Fernando Fernandes,24.10.29_Pinheiros,1,5.1,19,0,7,0,0,0,0,7,10,0,0,8,9,0,0,0,0,0,0,0,0,24/25
714249,Franco Baralle,24.10.29_Pinheiros,1,20.4,859,0,283,396,127,12,0,64,62,19,4,54,70,17,0,3,1,1,3,8,57,24/25
719376,Jeremy Hollowell,24.10.29_Pinheiros,1,20.0,410,0,173,153,58,10,0,24,28,14,1,23,35,11,0,2,0,1,3,1,22,24/25
719433,Juan Arengo,24.10.29_Pinheiros,1,26.0,852,2,195,301,219,92,11,32,63,24,9,43,61,26,0,7,1,0,3,4,43,24/25
719679,Luis Montero,24.10.29_Pinheiros,1,26.0,1323,3,451,561,193,67,8,76,104,23,6,82,96,27,1,1,1,1,4,9,65,24/25
719592,Scott Machado,24.10.29_Pinheiros,1,26.0,438,1,135,137,124,15,9,22,32,13,1,20,25,16,0,9,1,2,1,2,31,24/25
714226,Rafael Mineiro,24.10.29_Pinheiros,1,22.4,878,0,257,370,158,63,0,48,79,20,4,41,71,28,0,3,1,4,5,1,43,24/25
703343,Winicius Braga,24.10.29_Pinheiros,1,20.9,464,0,150,213,66,16,0,20,41,8,2,24,43,6,0,1,0,1,2,2,21,24/25
709501,Yuri Neptune,24.10.29_Pinheiros,1,4.7,33,0,20,0,0,0,0,5,23,0,0,7,21,0,0,10,0,0,0,0,10,24/25
692169,Alexandre Paranhos,24.10.29_Pinheiros,2,26.1,1096,1,411,443,145,37,9,46,94,36,7,47,117,27,1,5,4,3,5,6,73,24/25
713851,Danilo Fuzaro,24.10.29_Pinheiros,2,25.1,541,1,179,194,85,45,3,36,50,15,3,46,51,12,0,6,12,2,2,2,53,24/25
713017,Fernando Fernandes,24.10.29_Pinheiros,2,6.0,75,0,45,0,0,0,0,12,36,1,0,20,29,0,0,0,0,0,0,0,0,24/25
714249,Franco Baralle,24.10.29_Pinheiros,2,20.4,708,0,336,207,88,13,0,56,68,18,2,69,56,19,1,12,6,3,5,0,53,24/25
719376,Jeremy Hollowell,24.10.29_Pinheiros,2,23.6,1078,0,403,480,133,18,0,55,88,24,0,60,91,12,0,8,3,4,4,5,68,24/25
719433,Juan Arengo,24.10.29_Pinheiros,2,26.1,1042,4,351,339,162,107,30,68,74,25,7,59,87,24,0,11,5,1,4,5,67,24/25
719679,Luis Montero,24.10.29_Pinheiros,2,24.2,814,1,386,258,104,23,2,45,80,17,7,31,86,20,0,6,10,3,4,3,66,24/25
719592,Scott Machado,24.10.29_Pinheiros,2,26.0,1002,3,303,381,190,75,15,57,67,26,8,52,71,31,0,0,10,4,4,9,90,24/25
714226,Rafael Mineiro,24.10.29_Pinheiros,2,22.3,652,0,278,246,74,15,0,36,67,13,2,22,82,11,0,8,4,4,2,0,34,24/25
703343,Winicius Braga,24.10.29_Pinheiros,2,23.6,340,0,114,159,19,24,0,22,48,5,3,21,48,9,0,15,1,1,2,2,32,24/25
709501,Yuri Neptune,24.10.29_Pinheiros,2,25.7,1279,1,480,419,258,67,3,60,94,33,6,62,99,32,0,2,4,5,6,6,77,24/25
692169,Alexandre Paranhos,24.10.29_Pinheiros,3,22.4,723,0,243,324,91,18,0,46,70,25,2,52,87,13,0,4,3,2,4,3,49,24/25
713851,Danilo Fuzaro,24.10.29_Pinheiros,3,26.2,1247,7,406,389,225,107,52,69,117,34,8,56,106,37,2,0,5,5,5,10,93,24/25
713017,Fernando Fernandes,24.10.29_Pinheiros,3,5.3,51,0,32,0,0,0,0,14,18,0,0,18,17,0,0,0,0,0,0,0,0,24/25
714249,Franco Baralle,24.10.29_Pinheiros,3,26.0,985,1,354,397,147,22,9,62,78,26,3,70,71,28,0,5,2,3,5,6,66,24/25
719376,Jeremy Hollowell,24.10.29_Pinheiros,3,23.7,636,0,264,243,64,30,0,39,52,15,3,41,58,11,0,3,3,4,2,1,31,24/25
719433,Juan Arengo,24.10.29_Pinheiros,3,26.2,732,3,205,260,117,73,26,39,72,17,4,44,65,18,0,11,5,2,4,1,53,24/25
719679,Luis Montero,24.10.29_Pinheiros,3,22.9,1086,0,369,521,107,48,0,69,96,19,4,67,93,21,0,2,4,4,5,7,77,24/25
719592,Scott Machado,24.10.29_Pinheiros,3,26.1,816,2,261,258,197,44,20,47,62,15,2,40,45,25,0,11,4,2,5,2,59,24/25
714226,Rafael Mineiro,24.10.29_Pinheiros,3,22.3,838,0,227,401,165,16,0,48,73,21,10,40,78,23,0,7,1,2,7,3,58,24/25
703343,Winicius Braga,24.10.29_Pinheiros,3,22.8,811,0,288,377,85,26,0,41,74,20,3,44,81,15,0,2,3,2,5,2,43,24/25
709501,Yuri Neptune,24.10.29_Pinheiros,3,5.2,71,0,53,0,0,0,0,9,25,0,0,10,24,0,0,12,0,0,0,0,12,24/25
692169,Alexandre Paranhos,24.10.29_Pinheiros,4,22.2,1285,0,461,616,124,26,0,77,112,29,5,77,121,24,0,3,4,5,8,4,76,24/25
713851,Danilo Fuzaro,24.10.29_Pinheiros,4,21.4,709,0,285,284,81,18,0,46,65,18,1,38,68,12,0,3,12,5,3,1,57,24/25
713017,Fernando Fernandes,24.10.29_Pinheiros,4,5.4,65,0,47,0,0,0,0,13,20,0,0,15,19,0,0,0,0,0,0,0,0,24/25
714249,Franco Baralle,24.10.29_Pinheiros,4,23.5,1192,0,484,507,112,21,0,86,96,20,4,84,84,23,0,3,6,4,6,6,77,24/25
719376,Jeremy Hollowell,24.10.29_Pinheiros,4,20.8,475,0,162,234,39,11,0,40,52,8,3,38,51,7,0,9,2,2,4,1,40,24/25
719433,Juan Arengo,24.10.29_Pinheiros,4,26.0,1487,4,559,533,205,104,20,75,123,32,6,70,110,36,0,1,5,3,8,8,90,24/25
719679,Luis Montero,24.10.29_Pinheiros,4,16.5,440,0,192,194,29,0,0,27,36,14,2,25,48,6,0,6,2,1,2,0,22,24/25
719592,Scott Machado,24.10.29_Pinheiros,4,20.1,587,0,202,263,78,9,0,41,63,17,2,47,49,17,0,13,2,3,4,3,55,24/25
714226,Rafael Mineiro,24.10.29_Pinheiros,4,25.7,999,1,318,457,153,23,4,52,94,25,7,54,90,30,0,8,2,2,6,3,62,24/25
703343,Winicius Braga,24.10.29_Pinheiros,4,15.7,147,0,63,58,16,0,0,6,22,4,0,6,22,3,0,5,0,0,1,0,11,24/25
709501,Yuri Neptune,24.10.29_Pinheiros,4,5.7,86,0,62,0,0,0,0,10,24,0,0,14,22,0,0,2,0,0,0,0,2,24/25
692169,Alexandre Paranhos,24.10.31_Corinthians,1,25.7,1031,1,319,455,183,25,6,52,90,25,8,35,91,37,0,2,2,2,4,7,67,24/25
713851,Danilo Fuzaro,24.10.31_Corinthians,1,26.4,1086,3,293,411,225,87,31,41,85,31,5,40,77,36,0,0,5,3,2,8,66,24/25
713017,Fernando Fernandes,24.10.31_Corinthians,1,5.4,22,0,13,0,0,0,0,6,8,0,0,6,9,0,0,3,0,0,0,0,3,24/25
714249,Franco Baralle,24.10.31_Corinthians,1,25.6,961,1,322,365,195,26,4,63,72,19,5,52,70,31,0,4,2,2,3,8,65,24/25
719376,Jeremy Hollowell,24.10.31_Corinthians,1,20.0,534,0,212,236,54,3,0,36,52,10,2,31,59,9,0,2,1,3,4,1,32,24/25
719433,Juan Arengo,24.10.31_Corinthians,1,26.1,480,1,158,182,83,15,5,27,55,11,4,39,49,12,0,9,3,1,2,1,29,24/25
719679,Luis Montero,24.10.31_Corinthians,1,26.0,1073,1,366,436,168,69,7,64,73,18,4,61,65,23,0,1,4,3,3,6,61,24/25
719592,Scott Machado,24.10.31_Corinthians,1,23.4,441,0,129,154,94,38,0,29,31,11,6,17,37,16,0,7,2,1,1,1,23,24/25
714226,Rafael Mineiro,24.10.31_Corinthians,1,18.7,670,0,192,354,95,5,0,48,60,13,3,39,49,25,0,6,1,1,6,1,39,24/25
703343,Winicius Braga,24.10.31_Corinthians,1,20.5,268,0,68,141,40,5,0,10,27,10,1,17,29,7,0,1,0,1,2,0,11,24/25
709501,Yuri Neptune,24.10.31_Corinthians,1,21.5,420,0,117,171,98,11,0,26,47,8,2,21,38,14,0,9,1,0,4,0,27,24/25
692169,Alexandre Paranhos,24.10.31_Corinthians,2,25.0,787,1,275,320,103,46,3,38,76,14,5,42,74,20,0,6,2,1,3,5,52,24/25
713851,Danilo Fuzaro,24.10.31_Corinthians,2,23.7,859,0,273,326,171,50,0,61,66,22,4,37,73,22,0,0,9,4,4,5,71,24/25
713017,Fernando Fernandes,24.10.31_Corinthians,2,6.1,47,0,35,1,0,0,0,4,17,0,0,8,13,0,0,2,0,0,0,0,4,24/25
714249,Franco Baralle,24.10.31_Corinthians,2,25.1,774,1,316,269,112,28,4,48,66,16,2,50,55,16,0,8,3,2,4,4,55,24/25
719376,Jeremy Hollowell,24.10.31_Corinthians,2,16.7,358,0,145,183,13,0,0,24,27,9,0,29,31,7,0,8,3,1,3,1,30,24/25
719433,Juan Arengo,24.10.31_Corinthians,2,24.0,722,0,246,267,129,35,0,42,67,24,5,48,65,22,0,8,5,1,3,4,55,24/25
719679,Luis Montero,24.10.31_Corinthians,2,25.9,1148,1,390,528,163,19,5,69,87,32,5,64,95,25,0,1,5,4,4,9,83,24/25
719592,Scott Machado,24.10.31_Corinthians,2,24.7,612,1,154,217,156,58,1,33,49,16,5,24,38,23,1,3,5,4,3,1,40,24/25
714226,Rafael Mineiro,24.10.31_Corinthians,2,18.1,962,0,317,480,123,1,0,46,96,25,1,52,104,19,0,5,2,3,5,2,48,24/25
703343,Winicius Braga,24.10.31_Corinthians,2,24.4,646,1,208,321,82,8,3,29,63,14,2,35,57,17,0,10,1,2,4,3,49,24/25
709501,Yuri Neptune,24.10.31_Corinthians,2,19.0,354,0,105,127,87,7,0,29,33,7,0,23,43,4,0,13,1,1,2,1,30,24/25
692169,Alexandre Paranhos,24.10.31_Corinthians,3,25.3,650,1,230,268,75,37,6,35,68,16,3,41,69,13,0,2,2,1,4,3,41,24/25
713851,Danilo Fuzaro,24.10.31_Corinthians,3,26.5,1238,1,432,433,217,87,14,71,93,34,5,58,90,42,0,0,2,4,4,10,79,24/25
713017,Fernando Fernandes,24.10.31_Corinthians,3,4.8,37,0,28,0,0,0,0,5,10,0,0,5,10,0,0,1,0,0,0,0,1,24/25
714249,Franco Baralle,24.10.31_Corinthians,3,24.0,840,1,328,335,98,25,1,57,76,24,1,49,64,23,0,4,2,2,3,6,57,24/25
719376,Jeremy Hollowell,24.10.31_Corinthians,3,18.2,382,0,139,200,28,1,0,25,23,6,3,30,24,8,0,1,0,1,3,0,17,24/25
719433,Juan Arengo,24.10.31_Corinthians,3,25.5,1063,2,318,403,242,56,7,47,72,29,3,40,84,22,0,6,3,2,3,4,47,24/25
719679,Luis Montero,24.10.31_Corinthians,3,19.8,504,0,209,183,80,5,0,36,44,11,4,27,52,12,0,8,3,1,2,3,43,24/25
719592,Scott Machado,24.10.31_Corinthians,3,25.9,563,3,164,199,118,43,17,35,43,13,3,34,34,15,0,5,0,0,4,1,28,24/25
714226,Rafael Mineiro,24.10.31_Corinthians,3,21.3,1179,0,371,535,178,46,0,64,99,32,6,56,100,36,0,1,3,3,5,6,69,24/25
703343,Winicius Braga,24.10.31_Corinthians,3,21.3,609,0,216,286,69,15,0,28,47,23,3,27,55,16,0,4,1,1,3,2,33,24/25
709501,Yuri Neptune,24.10.31_Corinthians,3,20.2,273,0,116,76,44,21,0,8,31,4,5,11,27,7,0,3,1,0,1,0,11,24/25
692169,Alexandre Paranhos,24.10.31_Corinthians,4,20.6,279,0,95,133,24,10,0,10,31,7,2,13,31,9,0,3,1,1,1,0,11,24/25
713851,Danilo Fuzaro,24.10.31_Corinthians,4,26.6,631,4,216,181,126,43,31,29,46,13,6,32,52,15,0,4,6,2,3,4,54,24/25
713017,Fernando Fernandes,24.10.31_Corinthians,4,23.8,306,0,94,114,68,17,0,15,27,10,2,23,20,12,0,1,1,0,2,0,13,24/25
714249,Franco Baralle,24.10.31_Corinthians,4,7.4,89,0,56,4,0,0,0,18,24,1,0,28,15,0,0,4,0,0,0,0,4,24/25
719376,Jeremy Hollowell,24.10.31_Corinthians,4,16.7,1055,0,397,502,100,0,0,75,85,27,2,67,111,16,0,0,4,5,6,4,67,24/25
719433,Juan Arengo,24.10.31_Corinthians,4,21.0,1291,0,443,556,196,46,0,75,95,28,5,77,89,28,0,1,2,3,4,9,73,24/25
719679,Luis Montero,24.10.31_Corinthians,4,19.5,489,0,202,200,54,5,0,35,49,5,1,23,47,11,0,7,3,1,2,1,30,24/25
719592,Scott Machado,24.10.31_Corinthians,4,27.1,1360,4,429,494,269,66,46,65,106,31,8,65,96,31,3,0,1,3,4,11,84,24/25
714226,Rafael Mineiro,24.10.31_Corinthians,4,22.7,884,0,303,377,127,35,0,45,90,18,4,55,82,20,0,4,2,1,4,7,62,24/25
703343,Winicius Braga,24.10.31_Corinthians,4,20.6,154,0,45,80,18,4,0,8,15,5,1,9,16,5,0,7,0,0,1,0,12,24/25
709501,Yuri Neptune,24.10.31_Corinthians,4,21.0,460,0,132,208,86,12,0,26,44,9,2,21,44,11,0,12,2,1,1,3,40,24/25
692169,Alexandre Paranhos,24.11.07_Fortaleza,1,26.4,882,1,318,416,88,14,9,55,80,18,2,49,86,19,1,2,1,2,5,5,53,24/25
713851,Danilo Fuzaro,24.11.07_Fortaleza,1,26.6,1305,4,373,502,257,94,30,65,88,39,7,58,85,45,0,0,1,2,3,12,78,24/25
713017,Fernando Fernandes,24.11.07_Fortaleza,1,5.3,45,0,31,0,0,0,0,3,27,0,0,5,24,0,0,1,0,0,0,0,1,24/25
714249,Franco Baralle,24.11.07_Fortaleza,1,24.5,856,1,295,342,149,25,3,47,79,20,3,49,60,26,1,4,1,2,4,3,39,24/25
719376,Jeremy Hollowell,24.11.07_Fortaleza,1,19.5,388,0,146,186,31,5,0,26,29,11,2,21,39,8,0,1,1,2,1,1,15,24/25
719433,Juan Arengo,24.11.07_Fortaleza,1,26.6,966,4,311,331,155,87,43,54,67,23,5,51,68,22,0,5,2,3,4,3,46,24/25
712072,Lucas Rodriguez,24.11.07_Fortaleza,1,5.0,29,0,12,0,0,0,0,6,23,0,0,8,21,0,0,4,0,0,0,0,4,24/25
719679,Luis Montero,24.11.07_Fortaleza,1,26.0,727,2,209,333,130,23,8,44,58,20,3,31,64,17,0,7,2,0,2,5,46,24/25
719592,Scott Machado,24.11.07_Fortaleza,1,26.0,552,1,187,213,94,25,10,24,55,20,3,28,46,23,0,1,3,2,3,2,37,24/25
714226,Rafael Mineiro,24.11.07_Fortaleza,1,25.5,677,1,190,350,89,19,4,41,60,17,3,35,60,18,0,7,1,1,3,2,35,24/25
703342,Vinci Oliveira,24.11.07_Fortaleza,1,0.0,0,0,0,0,0,0,0,0,0,0,0,0,0,0,0,0,0,0,0,0,0,24/25
703343,Winicius Braga,24.11.07_Fortaleza,1,23.2,386,0,114,194,48,14,0,24,34,10,3,22,35,12,0,2,1,1,2,0,16,24/25
709501,Yuri Neptune,24.11.07_Fortaleza,1,22.8,267,0,94,72,62,23,0,16,35,2,1,9,36,7,0,5,1,1,1,0,12,24/25
692169,Alexandre Paranhos,24.11.07_Fortaleza,2,20.5,805,0,297,344,104,23,0,48,70,21,3,44,77,20,0,3,1,2,4,4,46,24/25
713851,Danilo Fuzaro,24.11.07_Fortaleza,2,26.1,954,4,334,311,160,88,15,44,74,24,9,47,71,25,0,3,8,2,3,6,64,24/25
713017,Fernando Fernandes,24.11.07_Fortaleza,2,20.8,154,0,60,32,22,22,0,15,27,3,0,12,32,1,0,1,0,1,0,0,4,24/25
714249,Franco Baralle,24.11.07_Fortaleza,2,19.5,892,0,346,406,79,6,0,71,73,14,0,60,62,19,0,7,3,3,4,3,56,24/25
719376,Jeremy Hollowell,24.11.07_Fortaleza,2,22.4,613,0,221,280,53,27,0,34,63,12,3,36,67,10,0,2,1,1,3,2,31,24/25
719433,Juan Arengo,24.11.07_Fortaleza,2,26.7,958,3,277,388,146,73,37,47,70,23,4,33,78,28,1,6,5,1,2,7,60,24/25
712072,Lucas Rodriguez,24.11.07_Fortaleza,2,23.7,131,0,61,27,18,5,0,14,23,2,1,16,24,0,1,6,0,1,0,0,9,24/25
719679,Luis Montero,24.11.07_Fortaleza,2,26.1,804,2,294,338,92,24,18,54,59,29,0,57,65,18,0,8,2,2,3,4,51,24/25
719592,Scott Machado,24.11.07_Fortaleza,2,21.9,503,0,142,206,105,22,0,24,47,10,6,36,36,18,0,8,6,1,1,4,50,24/25
714226,Rafael Mineiro,24.11.07_Fortaleza,2,20.6,812,0,294,357,109,20,0,49,73,14,2,38,72,16,0,6,3,2,4,2,43,24/25
703342,Vinci Oliveira,24.11.07_Fortaleza,2,0.0,0,0,0,0,0,0,0,0,0,0,0,0,0,0,0,0,0,0,0,0,0,24/25
703343,Winicius Braga,24.11.07_Fortaleza,2,19.8,573,0,188,290,63,7,0,30,53,15,2,40,51,10,0,6,1,1,3,2,35,24/25
709501,Yuri Neptune,24.11.07_Fortaleza,2,23.7,854,0,245,298,199,72,0,45,72,17,7,41,78,19,0,9,3,1,2,6,56,24/25
692169,Alexandre Paranhos,24.11.07_Fortaleza,3,20.7,631,0,200,293,90,19,0,36,59,9,5,38,62,13,0,2,1,1,2,5,38,24/25
713851,Danilo Fuzaro,24.11.07_Fortaleza,3,26.1,712,4,193,290,112,61,32,36,57,23,2,31,49,23,1,7,2,1,2,6,49,24/25
713017,Fernando Fernandes,24.11.07_Fortaleza,3,4.7,20,0,12,0,0,0,0,4,12,0,0,5,11,0,0,1,0,0,0,0,1,24/25
714249,Franco Baralle,24.11.07_Fortaleza,3,21.4,875,0,329,360,122,32,0,62,63,14,3,58,63,17,0,3,3,2,3,4,49,24/25
719376,Jeremy Hollowell,24.11.07_Fortaleza,3,21.9,528,0,212,247,32,7,0,44,46,14,1,44,50,10,0,3,2,2,2,0,20,24/25
719433,Juan Arengo,24.11.07_Fortaleza,3,7.1,65,0,49,2,0,0,0,7,17,1,0,7,18,0,0,14,3,0,0,0,20,24/25
712072,Lucas Rodriguez,24.11.07_Fortaleza,3,22.7,455,0,168,143,85,35,0,30,36,12,9,35,46,14,0,7,1,1,2,2,30,24/25
719679,Luis Montero,24.11.07_Fortaleza,3,21.8,913,0,332,428,106,15,0,63,77,9,1,58,69,13,0,2,2,2,2,6,51,24/25
719592,Scott Machado,24.11.07_Fortaleza,3,25.1,631,1,198,246,131,21,3,45,50,11,3,35,44,17,0,8,2,1,3,3,40,24/25
714226,Rafael Mineiro,24.11.07_Fortaleza,3,22.9,858,0,294,401,107,26,0,42,66,24,2,40,79,17,0,4,2,2,3,4,49,24/25
703342,Vinci Oliveira,24.11.07_Fortaleza,3,0.0,0,0,0,0,0,0,0,0,0,0,0,0,0,0,0,0,0,0,0,0,0,24/25
703343,Winicius Braga,24.11.07_Fortaleza,3,20.2,501,0,150,246,80,6,0,26,47,13,1,25,46,12,1,2,0,1,2,2,22,24/25
709501,Yuri Neptune,24.11.07_Fortaleza,3,21.3,501,0,134,215,122,9,0,31,41,11,1,21,46,13,0,6,0,2,1,2,27,24/25
692169,Alexandre Paranhos,24.11.07_Fortaleza,4,20.3,790,0,312,331,88,18,0,38,73,24,3,30,79,22,0,3,3,3,4,3,49,24/25
713851,Danilo Fuzaro,24.11.07_Fortaleza,4,28.9,796,3,294,239,138,52,26,42,69,17,5,39,69,20,1,9,3,3,7,2,61,24/25
713017,Fernando Fernandes,24.11.07_Fortaleza,4,26.5,688,4,211,264,118,50,20,31,51,18,3,33,58,15,0,1,1,1,4,1,29,24/25
714249,Franco Baralle,24.11.07_Fortaleza,4,20.6,381,0,151,141,49,6,0,29,33,6,1,33,29,6,0,6,2,2,1,0,25,24/25
719376,Jeremy Hollowell,24.11.07_Fortaleza,4,16.6,599,0,267,277,24,0,0,47,51,16,0,43,57,10,0,4,2,2,2,0,23,24/25
719433,Juan Arengo,24.11.07_Fortaleza,4,26.1,1280,3,428,488,248,40,23,70,78,32,4,58,90,25,0,6,3,4,6,4,71,24/25
712072,Lucas Rodriguez,24.11.07_Fortaleza,4,26.2,636,2,191,222,125,53,17,37,45,15,5,26,37,26,0,13,4,1,3,3,49,24/25
719679,Luis Montero,24.11.07_Fortaleza,4,5.7,47,0,36,0,0,0,0,5,14,0,0,5,15,0,0,3,0,0,0,0,3,24/25
719592,Scott Machado,24.11.07_Fortaleza,4,22.5,581,0,194,228,101,28,0,33,52,22,4,34,49,17,0,4,6,4,5,3,67,24/25
714226,Rafael Mineiro,24.11.07_Fortaleza,4,26.2,1129,1,359,492,193,33,9,66,86,35,6,51,106,29,0,2,3,4,7,4,65,24/25
703342,Vinci Oliveira,24.11.07_Fortaleza,4,0.0,0,0,0,0,0,0,0,0,0,0,0,0,0,0,0,0,0,0,0,0,0,24/25
703343,Winicius Braga,24.11.07_Fortaleza,4,23.0,541,0,269,215,20,17,0,21,42,10,0,15,45,10,0,3,2,2,3,0,24,24/25
709501,Yuri Neptune,24.11.07_Fortaleza,4,22.8,998,0,297,396,246,24,0,47,78,26,5,43,80,27,0,10,3,3,4,4,59,24/25
692169,Alexandre Paranhos,24.11.11_Unifacisa,1,25.5,1000,1,312,490,102,42,7,58,86,28,3,64,93,24,0,2,5,4,3,3,52,24/25
713851,Danilo Fuzaro,24.11.11_Unifacisa,1,26.1,905,2,285,352,161,33,23,58,84,23,3,54,85,24,1,0,6,4,3,8,74,24/25
713017,Fernando Fernandes,24.11.11_Unifacisa,1,4.8,19,0,13,0,0,0,0,1,13,0,0,1,13,0,0,0,0,0,0,0,0,24/25
714249,Franco Baralle,24.11.11_Unifacisa,1,24.1,766,1,334,260,90,29,1,53,66,13,4,48,65,17,0,3,2,3,3,3,38,24/25
719376,Jeremy Hollowell,24.11.11_Unifacisa,1,20.1,493,0,134,242,77,15,0,27,36,17,3,25,50,10,0,3,0,1,2,2,24,24/25
719433,Juan Arengo,24.11.11_Unifacisa,1,23.7,675,0,156,212,175,99,0,34,56,17,12,27,55,26,0,6,0,1,3,1,30,24/25
719679,Luis Montero,24.11.11_Unifacisa,1,25.2,1223,3,364,516,217,62,13,78,73,28,7,56,88,22,0,1,4,4,4,9,76,24/25
719592,Scott Machado,24.11.11_Unifacisa,1,24.3,755,1,210,242,209,57,3,27,60,22,6,39,54,25,0,3,6,4,1,0,32,24/25
714226,Rafael Mineiro,24.11.11_Unifacisa,1,21.2,957,0,287,456,142,41,0,57,77,20,0,42,85,18,0,8,3,1,4,3,52,24/25
703343,Winicius Braga,24.11.11_Unifacisa,1,23.8,368,0,135,144,66,7,0,28,32,5,1,26,31,5,0,3,1,1,2,0,15,24/25
709501,Yuri Neptune,24.11.11_Unifacisa,1,21.4,385,0,107,157,80,17,0,18,49,7,1,11,46,10,0,5,1,0,3,0,17,24/25
692169,Alexandre Paranhos,24.11.11_Unifacisa,2,21.5,1250,0,420,597,159,25,0,73,103,22,9,61,98,31,0,1,3,2,4,9,75,24/25
713851,Danilo Fuzaro,24.11.11_Unifacisa,2,26.2,1027,1,325,386,212,49,10,50,80,29,5,49,82,27,0,0,9,1,2,9,76,24/25
713017,Fernando Fernandes,24.11.11_Unifacisa,2,7.5,44,0,30,2,0,0,0,4,18,1,0,8,17,0,0,0,0,0,0,0,0,24/25
719376,Jeremy Hollowell,24.11.11_Unifacisa,2,16.2,123,0,50,46,17,0,0,10,11,6,0,11,8,6,0,18,1,1,1,0,29,24/25
719433,Juan Arengo,24.11.11_Unifacisa,2,26.0,1340,1,405,515,255,108,13,65,88,31,8,64,91,34,0,1,6,4,3,8,77,24/25
712072,Lucas Rodriguez,24.11.11_Unifacisa,2,26.0,564,1,195,263,60,18,7,34,40,16,2,41,44,12,0,0,1,4,5,2,43,24/25
719679,Luis Montero,24.11.11_Unifacisa,2,23.7,730,0,244,290,109,46,0,42,79,17,6,40,78,20,0,8,4,3,2,4,55,24/25
719592,Scott Machado,24.11.11_Unifacisa,2,26.0,585,1,197,207,116,34,6,26,42,13,5,33,29,14,0,1,11,3,3,1,50,24/25
714226,Rafael Mineiro,24.11.11_Unifacisa,2,23.3,1346,0,394,637,199,71,0,83,94,34,3,78,107,27,0,4,3,3,10,1,63,24/25
703343,Winicius Braga,24.11.11_Unifacisa,2,15.3,143,0,54,63,16,0,0,8,20,3,1,13,17,2,0,3,0,1,1,0,11,24/25
709501,Yuri Neptune,24.11.11_Unifacisa,2,20.1,230,0,95,53,53,7,0,10,43,1,2,8,39,6,0,12,1,1,1,0,22,24/25
692169,Alexandre Paranhos,24.11.11_Unifacisa,3,19.6,962,0,339,437,128,6,0,66,84,25,6,71,101,21,0,2,1,3,5,5,61,24/25
713851,Danilo Fuzaro,24.11.11_Unifacisa,3,25.5,1049,3,346,357,235,53,14,59,86,26,8,56,80,34,0,0,4,2,2,11,80,24/25
713017,Fernando Fernandes,24.11.11_Unifacisa,3,5.8,28,0,19,0,0,0,0,4,15,0,0,7,13,1,0,0,0,0,0,0,0,24/25
719376,Jeremy Hollowell,24.11.11_Unifacisa,3,20.0,628,0,264,267,55,6,0,37,61,21,3,43,70,14,0,4,2,1,5,2,39,24/25
719433,Juan Arengo,24.11.11_Unifacisa,3,26.4,1451,5,397,572,272,137,28,69,97,36,9,55,92,48,1,0,4,3,3,10,79,24/25
712072,Lucas Rodriguez,24.11.11_Unifacisa,3,26.1,438,2,119,176,91,14,12,22,40,12,3,29,42,10,0,8,6,3,2,0,36,24/25
719679,Luis Montero,24.11.11_Unifacisa,3,28.8,978,2,340,452,98,14,25,54,92,17,5,54,88,19,1,4,2,2,4,7,64,24/25
714226,Rafael Mineiro,24.11.11_Unifacisa,3,20.9,1013,0,362,445,158,9,0,68,95,17,4,52,85,26,0,1,2,3,5,5,60,24/25
703343,Winicius Braga,24.11.11_Unifacisa,3,5.4,19,0,17,0,0,0,0,0,4,0,0,1,3,0,0,0,0,0,0,0,0,24/25
709501,Yuri Neptune,24.11.11_Unifacisa,3,23.0,901,0,237,324,273,28,0,33,78,24,2,48,69,24,0,3,2,1,3,4,43,24/25
692169,Alexandre Paranhos,24.11.11_Unifacisa,4,7.4,69,0,49,4,0,0,0,7,27,0,0,11,26,0,0,2,0,0,0,0,2,24/25
713851,Danilo Fuzaro,24.11.11_Unifacisa,4,26.0,1431,3,520,539,220,67,16,71,113,31,11,83,115,29,1,0,1,4,5,13,99,24/25
713017,Fernando Fernandes,24.11.11_Unifacisa,4,7.8,96,0,68,8,0,0,0,6,34,0,0,12,30,0,0,1,0,0,0,0,1,24/25
719376,Jeremy Hollowell,24.11.11_Unifacisa,4,23.0,1333,0,526,616,107,27,0,72,99,34,6,71,117,32,0,0,3,4,6,8,87,24/25
719433,Juan Arengo,24.11.11_Unifacisa,4,26.4,1708,2,522,698,342,76,19,96,120,28,13,89,109,47,0,0,0,4,5,13,100,24/25
712072,Lucas Rodriguez,24.11.11_Unifacisa,4,9.5,101,0,63,10,0,0,0,11,37,2,0,16,37,1,0,7,4,1,1,1,26,24/25
719679,Luis Montero,24.11.11_Unifacisa,4,26.4,1356,2,487,569,192,36,12,82,115,29,8,69,138,25,0,1,3,2,6,10,87,24/25
714226,Rafael Mineiro,24.11.11_Unifacisa,4,24.3,1547,1,471,725,248,41,4,93,137,36,4,74,139,37,0,1,2,2,4,9,72,24/25
703343,Winicius Braga,24.11.11_Unifacisa,4,5.1,28,0,16,0,0,0,0,3,18,0,0,7,16,0,0,0,0,0,0,0,0,24/25
709501,Yuri Neptune,24.11.11_Unifacisa,4,18.6,206,0,126,33,12,4,0,14,54,4,0,18,57,1,0,18,5,1,0,0,29,24/25
692169,Alexandre Paranhos,24.11.14_UniaoCor.,1,25.9,932,2,299,384,157,43,8,36,87,21,2,33,82,23,0,3,2,3,6,4,60,24/25
713851,Danilo Fuzaro,24.11.14_UniaoCor.,1,26.3,1246,5,395,378,272,93,43,56,98,22,11,72,76,37,2,0,2,4,4,11,92,24/25
713017,Fernando Fernandes,24.11.14_UniaoCor.,1,4.6,58,0,38,0,0,0,0,4,36,0,0,9,32,0,0,4,0,0,0,0,4,24/25
719376,Jeremy Hollowell,24.11.14_UniaoCor.,1,25.0,637,1,184,325,84,14,3,47,42,21,1,30,51,19,0,2,1,1,4,4,42,24/25
719433,Juan Arengo,24.11.14_UniaoCor.,1,26.3,1399,4,425,503,273,99,41,75,92,43,10,75,97,42,0,2,4,3,6,7,80,24/25
712072,Lucas Rodriguez,24.11.14_UniaoCor.,1,4.6,23,0,9,0,0,0,0,7,20,0,0,8,19,0,0,9,0,0,0,0,10,24/25
719679,Luis Montero,24.11.14_UniaoCor.,1,25.8,1193,3,397,560,127,39,14,70,99,26,8,63,105,27,0,0,3,4,5,8,81,24/25
719592,Scott Machado,24.11.14_UniaoCor.,1,25.4,774,2,219,312,157,48,6,32,61,16,8,39,52,23,0,10,2,0,6,3,52,24/25
714226,Rafael Mineiro,24.11.14_UniaoCor.,1,22.0,1187,0,394,520,190,38,0,58,99,22,4,48,100,25,0,4,5,6,5,3,65,24/25
703343,Winicius Braga,24.11.14_UniaoCor.,1,19.5,206,0,86,86,15,7,0,12,23,10,0,15,24,8,0,7,3,2,1,0,26,24/25
709501,Yuri Neptune,24.11.14_UniaoCor.,1,23.1,492,0,165,182,96,21,0,22,62,10,1,23,62,9,0,8,1,0,3,0,26,24/25
692169,Alexandre Paranhos,24.11.14_UniaoCor.,2,23.5,680,0,255,250,99,36,0,45,77,12,4,45,75,14,0,4,2,2,4,2,40,24/25
713851,Danilo Fuzaro,24.11.14_UniaoCor.,2,26.3,851,3,303,294,123,69,23,41,73,20,8,48,66,24,1,0,8,7,5,4,77,24/25
713017,Fernando Fernandes,24.11.14_UniaoCor.,2,5.0,68,0,46,0,0,0,0,3,37,0,0,12,28,0,0,2,0,0,0,0,2,24/25
719376,Jeremy Hollowell,24.11.14_UniaoCor.,2,23.9,1297,0,475,569,142,59,0,70,90,33,2,57,110,27,0,0,2,5,8,9,95,24/25
719433,Juan Arengo,24.11.14_UniaoCor.,2,27.7,1222,2,299,484,300,66,31,52,88,27,6,59,83,33,0,2,7,3,4,7,78,24/25
712072,Lucas Rodriguez,24.11.14_UniaoCor.,2,9.0,36,0,17,5,0,0,0,10,18,0,0,10,18,1,0,10,1,0,0,0,11,24/25
719679,Luis Montero,24.11.14_UniaoCor.,2,23.5,834,0,284,309,153,49,0,51,82,17,3,41,86,12,1,4,6,4,4,4,65,24/25
719592,Scott Machado,24.11.14_UniaoCor.,2,26.1,1003,1,377,375,138,44,11,59,84,23,5,75,67,23,1,0,7,6,4,6,78,24/25
714226,Rafael Mineiro,24.11.14_UniaoCor.,2,10.4,66,0,45,8,0,0,0,4,24,1,0,3,24,0,0,19,0,0,0,0,19,24/25
703343,Winicius Braga,24.11.14_UniaoCor.,2,23.5,794,0,245,356,121,36,0,36,72,21,4,29,77,22,0,11,3,1,3,4,53,24/25
709501,Yuri Neptune,24.11.14_UniaoCor.,2,22.3,703,0,205,283,155,31,0,35,76,14,5,22,66,28,0,8,6,3,2,5,62,24/25
692169,Alexandre Paranhos,24.11.14_UniaoCor.,3,26.1,1311,3,475,562,147,47,22,75,111,35,8,71,129,29,1,2,2,3,7,7,79,24/25
713851,Danilo Fuzaro,24.11.14_UniaoCor.,3,26.1,1161,2,347,417,258,63,13,64,103,33,10,61,103,37,1,0,2,4,4,11,87,24/25
713017,Fernando Fernandes,24.11.14_UniaoCor.,3,5.0,42,0,27,0,0,0,0,6,24,0,0,5,25,0,0,1,0,0,0,0,1,24/25
719376,Jeremy Hollowell,24.11.14_UniaoCor.,3,25.8,1235,1,386,592,157,45,6,76,100,29,6,62,108,30,0,0,3,3,6,9,84,24/25
719433,Juan Arengo,24.11.14_UniaoCor.,3,26.3,526,1,178,204,65,28,16,43,61,7,6,37,60,13,1,11,5,0,2,3,44,24/25
712072,Lucas Rodriguez,24.11.14_UniaoCor.,3,5.8,29,0,15,0,0,0,0,11,19,0,0,11,20,0,0,8,0,0,0,0,8,24/25
719679,Luis Montero,24.11.14_UniaoCor.,3,23.7,1238,0,433,545,183,23,0,62,129,24,4,70,114,28,0,0,1,4,5,11,88,24/25
719592,Scott Machado,24.11.14_UniaoCor.,3,21.2,1158,0,343,531,224,16,0,65,100,24,4,52,80,35,0,1,3,4,6,7,78,24/25
714226,Rafael Mineiro,24.11.14_UniaoCor.,3,21.0,157,0,73,45,9,13,0,8,31,6,0,13,39,1,0,9,0,1,0,0,12,24/25
703343,Winicius Braga,24.11.14_UniaoCor.,3,7.5,44,0,24,6,0,0,0,3,26,2,0,6,24,2,0,6,0,0,0,0,6,24/25
709501,Yuri Neptune,24.11.14_UniaoCor.,3,22.0,320,0,100,88,70,38,0,23,46,5,1,27,36,8,0,5,0,1,1,0,15,24/25
692169,Alexandre Paranhos,24.11.14_UniaoCor.,4,15.8,243,0,110,102,13,0,0,22,25,8,1,17,34,3,0,1,1,2,1,0,11,24/25
713851,Danilo Fuzaro,24.11.14_UniaoCor.,4,18.7,265,0,92,102,46,3,0,17,29,8,2,15,35,7,0,5,12,3,1,1,47,24/25
713017,Fernando Fernandes,24.11.14_UniaoCor.,4,26.9,690,1,267,214,101,42,24,41,63,12,9,37,60,18,0,1,1,3,4,1,31,24/25
719376,Jeremy Hollowell,24.11.14_UniaoCor.,4,5.3,7,0,3,0,0,0,0,0,8,0,0,1,7,0,0,8,0,0,0,0,8,24/25
719433,Juan Arengo,24.11.14_UniaoCor.,4,25.1,968,2,262,411,201,51,7,41,58,28,10,48,68,25,1,10,2,1,3,7,66,24/25
712072,Lucas Rodriguez,24.11.14_UniaoCor.,4,27.2,1077,2,324,432,195,68,22,50,69,23,11,45,82,30,0,2,1,2,5,6,60,24/25
719679,Luis Montero,24.11.14_UniaoCor.,4,5.9,22,0,15,0,0,0,0,4,10,0,0,4,10,0,0,17,1,0,0,0,18,24/25
719592,Scott Machado,24.11.14_UniaoCor.,4,23.4,604,0,190,208,139,38,0,33,40,24,8,27,59,20,0,10,2,2,5,4,57,24/25
714226,Rafael Mineiro,24.11.14_UniaoCor.,4,25.3,1409,1,524,635,162,24,4,86,137,30,6,67,149,36,0,2,4,6,8,1,65,24/25
703343,Winicius Braga,24.11.14_UniaoCor.,4,24.6,1366,1,411,678,193,31,5,69,106,35,9,60,121,32,0,3,1,4,10,5,82,24/25
709501,Yuri Neptune,24.11.14_UniaoCor.,4,23.7,1534,0,434,565,348,124,0,80,132,43,8,62,134,43,0,0,2,5,12,4,87,24/25
692169,Alexandre Paranhos,24.11.16_Caxias,1,23.5,1153,0,367,512,175,49,0,69,95,29,8,54,106,33,0,0,0,2,6,8,69,24/25
713851,Danilo Fuzaro,24.11.16_Caxias,1,26.0,1153,1,375,471,176,80,6,61,92,26,5,46,88,32,1,0,3,1,3,9,69,24/25
713017,Fernando Fernandes,24.11.16_Caxias,1,5.1,11,0,8,0,0,0,0,0,5,0,0,1,4,0,0,0,0,0,0,0,0,24/25
719376,Jeremy Hollowell,24.11.16_Caxias,1,21.0,409,0,177,155,46,13,0,23,34,10,0,17,38,4,0,1,2,2,2,0,19,24/25
719433,Juan Arengo,24.11.16_Caxias,1,24.1,544,1,173,216,97,26,1,34,48,16,5,33,60,14,0,2,2,2,2,1,26,24/25
712072,Lucas Rodriguez,24.11.16_Caxias,1,23.9,226,0,87,95,22,10,0,11,26,5,1,15,24,4,0,5,1,1,1,0,16,24/25
719679,Luis Montero,24.11.16_Caxias,1,26.2,886,1,275,390,134,47,14,57,52,14,6,45,60,21,0,2,5,1,1,8,58,24/25
719592,Scott Machado,24.11.16_Caxias,1,27.6,873,2,292,386,103,42,16,51,65,17,1,41,63,20,1,5,2,2,5,3,50,24/25
714226,Rafael Mineiro,24.11.16_Caxias,1,23.4,804,0,241,410,109,20,0,49,54,21,4,37,64,18,0,4,1,1,6,2,44,24/25
703343,Winicius Braga,24.11.16_Caxias,1,5.2,9,0,6,0,0,0,0,1,6,0,0,1,6,0,0,2,0,0,0,0,2,24/25
709501,Yuri Neptune,24.11.16_Caxias,1,22.7,534,0,136,191,148,36,0,35,37,13,2,21,34,18,0,2,2,3,4,1,37,24/25
692169,Alexandre Paranhos,24.11.16_Caxias,2,22.4,419,0,195,132,53,19,0,24,38,11,3,20,39,10,0,4,1,1,3,1,26,24/25
713851,Danilo Fuzaro,24.11.16_Caxias,2,25.7,656,1,268,210,100,36,4,27,55,15,5,34,47,19,0,4,11,3,3,4,65,24/25
713017,Fernando Fernandes,24.11.16_Caxias,2,8.4,69,0,39,18,0,0,0,4,18,0,0,7,15,0,0,2,0,0,0,0,2,24/25
719376,Jeremy Hollowell,24.11.16_Caxias,2,18.4,715,0,350,279,43,3,0,44,57,19,1,59,66,8,0,10,3,2,4,3,48,24/25
719433,Juan Arengo,24.11.16_Caxias,2,26.5,1590,6,482,565,267,184,37,62,106,34,11,70,109,39,1,3,7,4,6,3,67,24/25
712072,Lucas Rodriguez,24.11.16_Caxias,2,26.0,972,2,295,330,195,98,11,60,76,19,8,51,85,23,0,6,4,3,2,1,38,24/25
719679,Luis Montero,24.11.16_Caxias,2,7.4,86,0,76,3,0,0,0,6,10,0,0,7,9,0,0,16,5,0,0,0,28,24/25
719592,Scott Machado,24.11.16_Caxias,2,25.6,705,2,302,245,75,20,10,36,76,15,7,50,67,15,1,11,3,3,4,2,52,24/25
714226,Rafael Mineiro,24.11.16_Caxias,2,20.1,1085,0,443,453,141,6,0,61,100,24,0,56,99,23,0,7,3,5,7,1,61,24/25
703343,Winicius Braga,24.11.16_Caxias,2,21.3,866,0,401,329,87,19,0,45,62,23,4,40,76,16,0,4,5,2,6,2,55,24/25
709501,Yuri Neptune,24.11.16_Caxias,2,25.8,1386,2,473,485,262,103,8,69,114,24,11,59,108,35,0,5,3,2,7,6,79,24/25
692169,Alexandre Paranhos,24.11.16_Caxias,3,21.5,521,0,158,263,62,11,0,27,47,13,6,24,56,17,0,2,0,1,3,3,33,24/25
713851,Danilo Fuzaro,24.11.16_Caxias,3,23.4,1137,0,388,446,201,57,0,64,88,30,5,65,94,28,0,0,2,3,5,7,69,24/25
713017,Fernando Fernandes,24.11.16_Caxias,3,4.6,17,0,10,0,0,0,0,2,10,0,0,3,9,0,0,0,0,0,0,0,0,24/25
719376,Jeremy Hollowell,24.11.16_Caxias,3,17.9,666,0,297,311,29,0,0,42,56,12,2,40,60,10,0,2,2,3,3,1,32,24/25
719433,Juan Arengo,24.11.16_Caxias,3,26.1,627,3,215,263,52,56,18,40,44,9,8,35,43,14,1,8,2,1,1,2,28,24/25
712072,Lucas Rodriguez,24.11.16_Caxias,3,4.2,8,0,5,0,0,0,0,2,6,0,0,1,6,0,0,15,2,0,0,0,19,24/25
719679,Luis Montero,24.11.16_Caxias,3,25.7,1022,2,372,417,140,53,7,65,70,17,5,57,61,25,0,1,2,3,5,3,51,24/25
719592,Scott Machado,24.11.16_Caxias,3,23.8,912,0,295,419,144,18,0,57,67,23,2,57,71,17,0,2,3,4,7,2,56,24/25
714226,Rafael Mineiro,24.11.16_Caxias,3,20.2,1062,0,340,481,167,34,0,61,81,31,5,51,95,25,0,2,2,2,7,4,60,24/25
703343,Winicius Braga,24.11.16_Caxias,3,20.9,267,0,109,111,28,5,0,13,29,7,0,18,28,7,0,7,0,0,2,0,17,24/25
709501,Yuri Neptune,24.11.16_Caxias,3,26.0,344,1,139,94,63,15,8,15,45,6,2,15,46,7,0,7,2,0,2,0,18,24/25
692169,Alexandre Paranhos,24.11.16_Caxias,4,24.6,650,1,285,246,59,20,3,36,67,11,2,43,67,9,0,4,2,4,3,1,38,24/25
713851,Danilo Fuzaro,24.11.16_Caxias,4,26.5,453,1,215,136,42,13,12,26,52,10,3,29,51,10,0,12,2,2,3,2,44,24/25
713017,Fernando Fernandes,24.11.16_Caxias,4,20.4,478,0,161,159,111,19,0,29,38,13,3,34,30,17,0,1,1,0,3,1,19,24/25
719376,Jeremy Hollowell,24.11.16_Caxias,4,19.0,759,0,373,286,49,2,0,64,68,19,1,53,80,10,0,5,5,5,4,1,48,24/25
719433,Juan Arengo,24.11.16_Caxias,4,26.0,1384,4,539,465,228,89,18,70,91,31,8,57,89,27,0,4,4,4,4,8,80,24/25
712072,Lucas Rodriguez,24.11.16_Caxias,4,26.4,597,1,218,205,100,28,12,35,45,19,5,29,59,11,0,11,5,2,3,0,38,24/25
719679,Luis Montero,24.11.16_Caxias,4,19.7,662,0,323,249,40,8,0,42,59,14,2,48,64,8,1,1,1,3,4,6,59,24/25
719592,Scott Machado,24.11.16_Caxias,4,25.1,403,1,219,107,41,5,3,24,37,6,1,38,26,5,1,8,2,2,2,0,26,24/25
714226,Rafael Mineiro,24.11.16_Caxias,4,18.9,508,0,218,213,44,3,0,34,58,5,3,30,55,10,0,7,2,2,3,0,29,24/25
703343,Winicius Braga,24.11.16_Caxias,4,18.4,786,0,320,351,82,1,0,40,72,20,2,30,80,15,0,11,3,2,5,3,57,24/25
709501,Yuri Neptune,24.11.16_Caxias,4,20.8,1048,0,353,370,241,25,0,61,105,23,6,56,101,26,0,7,3,1,9,2,61,24/25
692169,Alexandre Paranhos,24.11.30_Flamengo,1,26.0,1098,1,269,537,209,35,11,63,74,30,10,49,87,34,0,0,2,1,2,9,62,24/25
713851,Danilo Fuzaro,24.11.30_Flamengo,1,24.9,1061,2,264,428,257,63,10,50,88,30,7,51,69,40,0,0,2,1,3,7,58,24/25
713017,Fernando Fernandes,24.11.30_Flamengo,1,6.2,37,0,23,1,0,0,0,3,24,0,0,5,23,0,0,0,0,0,0,0,0,24/25
719376,Jeremy Hollowell,24.11.30_Flamengo,1,22.7,567,0,185,235,79,41,0,23,45,11,4,33,52,12,0,1,1,2,3,2,30,24/25
719433,Juan Arengo,24.11.30_Flamengo,1,26.1,902,7,241,318,186,91,36,38,58,24,7,28,58,29,2,3,3,1,2,5,45,24/25
712072,Lucas Rodriguez,24.11.30_Flamengo,1,26.0,621,2,148,248,117,66,19,37,43,19,4,25,44,22,0,4,0,0,2,3,31,24/25
719679,Luis Montero,24.11.30_Flamengo,1,23.2,626,0,188,254,108,52,0,32,46,19,2,43,53,10,1,1,5,2,1,5,47,24/25
719592,Scott Machado,24.11.30_Flamengo,1,25.9,875,2,224,381,182,55,10,41,60,18,5,37,56,23,0,0,4,2,2,7,55,24/25
714226,Rafael Mineiro,24.11.30_Flamengo,1,24.4,971,1,271,413,175,82,3,47,66,26,5,45,71,26,0,4,2,1,4,3,44,24/25
703343,Winicius Braga,24.11.30_Flamengo,1,5.0,9,0,5,0,0,0,0,1,7,0,0,1,7,0,0,2,0,0,0,0,2,24/25
709501,Yuri Neptune,24.11.30_Flamengo,1,25.0,309,1,120,76,70,13,6,15,45,8,0,15,43,9,0,4,1,0,2,0,14,24/25
692169,Alexandre Paranhos,24.11.30_Flamengo,2,20.1,713,0,296,305,71,10,0,43,50,13,2,39,51,16,0,18,3,2,4,2,57,24/25
713851,Danilo Fuzaro,24.11.30_Flamengo,2,25.0,1064,2,483,299,185,39,6,53,82,26,5,60,88,21,1,0,10,8,7,6,98,24/25
713017,Fernando Fernandes,24.11.30_Flamengo,2,6.5,162,0,130,6,0,0,0,9,44,0,0,13,42,0,0,1,0,0,0,0,1,24/25
719376,Jeremy Hollowell,24.11.30_Flamengo,2,23.8,1055,0,380,430,137,68,0,49,78,24,7,57,80,24,1,9,7,3,5,7,86,24/25
719433,Juan Arengo,24.11.30_Flamengo,2,26.5,1161,3,378,435,206,70,26,65,86,23,6,51,90,23,0,2,8,7,4,6,85,24/25
712072,Lucas Rodriguez,24.11.30_Flamengo,2,6.9,181,0,127,22,0,0,0,17,40,1,0,25,36,1,0,24,6,0,0,0,35,24/25
719679,Luis Montero,24.11.30_Flamengo,2,25.9,1521,1,628,630,160,34,6,89,121,32,3,85,115,24,2,0,3,8,7,12,119,24/25
719592,Scott Machado,24.11.30_Flamengo,2,25.5,858,1,314,289,164,46,3,47,50,21,8,53,58,23,1,0,13,6,4,5,87,24/25
714226,Rafael Mineiro,24.11.30_Flamengo,2,22.0,1141,0,405,527,129,31,0,73,99,23,6,67,107,22,0,10,8,5,6,1,71,24/25
703343,Winicius Braga,24.11.30_Flamengo,2,24.3,964,1,410,326,144,45,2,40,81,21,6,36,97,20,1,12,2,3,5,2,54,24/25
709501,Yuri Neptune,24.11.30_Flamengo,2,26.0,925,1,364,263,193,56,8,46,84,15,5,46,75,20,0,16,3,3,2,5,62,24/25
692169,Alexandre Paranhos,24.11.30_Flamengo,3,20.9,1007,0,323,434,185,23,0,39,87,22,7,41,98,22,0,6,2,2,4,8,69,24/25
713851,Danilo Fuzaro,24.11.30_Flamengo,3,26.0,704,1,214,270,131,52,6,43,56,15,5,40,50,20,1,0,12,2,3,5,67,24/25
713017,Fernando Fernandes,24.11.30_Flamengo,3,5.1,52,0,35,0,0,0,0,8,26,0,0,9,26,0,0,0,0,0,0,0,0,24/25
719376,Jeremy Hollowell,24.11.30_Flamengo,3,25.2,777,1,287,345,74,22,8,49,73,18,2,57,70,13,0,6,2,4,4,4,59,24/25
719433,Juan Arengo,24.11.30_Flamengo,3,24.3,996,1,387,371,148,35,3,58,94,25,4,57,90,27,0,0,5,5,4,8,79,24/25
712072,Lucas Rodriguez,24.11.30_Flamengo,3,5.4,32,0,16,0,0,0,0,15,13,0,0,17,12,0,0,8,1,0,0,0,9,24/25
719679,Luis Montero,24.11.30_Flamengo,3,26.0,1038,1,368,431,129,50,8,70,102,18,3,56,98,22,0,3,3,3,6,8,81,24/25
719592,Scott Machado,24.11.30_Flamengo,3,27.0,934,3,273,339,187,61,28,52,72,25,3,47,70,25,0,2,2,3,4,6,62,24/25
714226,Rafael Mineiro,24.11.30_Flamengo,3,25.0,685,1,234,250,106,68,4,39,51,14,3,35,56,13,0,14,1,1,4,2,47,24/25
703343,Winicius Braga,24.11.30_Flamengo,3,23.4,450,0,150,213,48,16,0,22,59,13,0,24,55,11,0,6,1,3,2,1,31,24/25
709501,Yuri Neptune,24.11.30_Flamengo,3,23.5,1109,0,405,370,220,71,0,55,88,26,5,51,84,30,0,3,2,3,4,4,51,24/25
692169,Alexandre Paranhos,24.11.30_Flamengo,4,24.1,825,1,311,327,111,22,1,54,78,21,3,63,78,17,0,13,6,3,4,2,60,24/25
713851,Danilo Fuzaro,24.11.30_Flamengo,4,26.0,1706,3,741,509,240,99,16,91,171,33,10,100,152,38,0,1,2,9,9,10,123,24/25
713017,Fernando Fernandes,24.11.30_Flamengo,4,9.7,171,0,109,24,0,0,0,19,60,3,1,26,60,1,0,4,1,0,0,0,6,24/25
719376,Jeremy Hollowell,24.11.30_Flamengo,4,26.0,1411,4,506,585,140,86,24,81,124,36,6,79,133,31,0,3,6,8,6,11,115,24/25
719433,Juan Arengo,24.11.30_Flamengo,4,26.1,1451,7,590,464,197,85,38,91,123,24,15,82,119,36,0,3,10,4,7,9,108,24/25
712072,Lucas Rodriguez,24.11.30_Flamengo,4,11.5,208,0,107,57,0,0,0,20,59,6,0,30,55,1,0,17,3,0,0,0,22,24/25
719679,Luis Montero,24.11.30_Flamengo,4,23.6,1649,0,737,600,178,48,0,103,152,37,8,92,158,38,0,0,3,4,12,14,138,24/25
719592,Scott Machado,24.11.30_Flamengo,4,27.0,612,1,320,143,70,16,9,35,71,10,3,46,65,10,1,5,8,7,2,0,56,24/25
714226,Rafael Mineiro,24.11.30_Flamengo,4,23.3,470,0,243,121,48,12,0,37,70,12,1,32,84,4,0,20,8,1,2,0,47,24/25
703343,Winicius Braga,24.11.30_Flamengo,4,22.8,1152,0,414,437,188,43,0,52,133,31,7,69,146,26,0,10,9,3,5,4,77,24/25
709501,Yuri Neptune,24.11.30_Flamengo,4,9.8,196,0,124,35,0,0,0,14,59,4,1,21,58,1,0,24,3,0,0,0,30,24/25
692169,Alexandre Paranhos,24.12.02_Botafogo,1,25.9,831,1,234,400,108,50,6,43,61,18,3,44,68,15,1,3,1,1,3,6,48,24/25
713851,Danilo Fuzaro,24.12.02_Botafogo,1,23.3,829,0,225,333,166,67,0,40,76,22,6,33,73,29,0,0,3,2,1,10,63,24/25
713017,Fernando Fernandes,24.12.02_Botafogo,1,4.7,16,0,10,0,0,0,0,3,9,0,0,2,10,0,0,1,0,0,0,0,1,24/25
719376,Jeremy Hollowell,24.12.02_Botafogo,1,19.3,449,0,182,200,42,4,0,21,47,13,0,19,51,8,0,1,2,3,2,0,22,24/25
719433,Juan Arengo,24.12.02_Botafogo,1,26.1,680,2,211,220,125,67,24,36,54,15,3,29,57,15,0,0,0,3,5,5,56,24/25
712072,Lucas Rodriguez,24.12.02_Botafogo,1,26.6,649,2,182,265,95,50,33,27,52,19,4,22,64,17,0,6,1,1,3,4,39,24/25
719679,Luis Montero,24.12.02_Botafogo,1,25.4,765,1,242,360,113,14,5,45,64,15,3,40,58,19,0,0,5,2,1,8,58,24/25
719592,Scott Machado,24.12.02_Botafogo,1,26.8,863,5,229,290,209,75,31,41,54,19,10,35,57,26,1,1,3,1,3,3,36,24/25
714226,Rafael Mineiro,24.12.02_Botafogo,1,23.7,805,0,246,343,159,31,0,38,56,20,3,33,64,18,0,5,1,2,4,2,41,24/25
703343,Winicius Braga,24.12.02_Botafogo,1,21.1,464,0,152,222,65,8,0,34,43,10,0,18,45,10,0,2,1,2,3,1,26,24/25
709501,Yuri Neptune,24.12.02_Botafogo,1,23.7,557,0,181,194,109,47,0,23,54,12,4,18,52,16,0,3,0,2,2,2,26,24/25
692169,Alexandre Paranhos,24.12.02_Botafogo,2,22.0,803,0,268,381,88,26,0,47,65,27,1,43,80,21,0,3,3,2,5,4,56,24/25
713851,Danilo Fuzaro,24.12.02_Botafogo,2,23.6,381,0,127,115,98,17,0,27,35,9,3,26,37,11,0,1,17,4,2,4,75,24/25
713017,Fernando Fernandes,24.12.02_Botafogo,2,22.4,658,0,242,244,97,45,0,29,62,21,3,41,62,14,0,5,2,2,3,2,37,24/25
719376,Jeremy Hollowell,24.12.02_Botafogo,2,20.8,700,0,281,301,71,14,0,45,60,13,3,39,60,15,0,11,4,3,2,4,59,24/25
719433,Juan Arengo,24.12.02_Botafogo,2,21.4,725,0,302,249,122,16,0,49,56,16,1,43,54,17,0,16,3,2,2,3,54,24/25
712072,Lucas Rodriguez,24.12.02_Botafogo,2,27.3,878,4,232,316,186,58,43,49,78,23,6,51,67,26,1,2,14,4,3,4,75,24/25
719679,Luis Montero,24.12.02_Botafogo,2,20.3,1247,0,566,499,111,13,0,79,102,26,4,73,111,24,0,4,2,3,6,13,105,24/25
719592,Scott Machado,24.12.02_Botafogo,2,26.0,902,4,336,305,151,47,24,44,70,22,6,39,73,21,1,9,9,3,2,1,50,24/25
714226,Rafael Mineiro,24.12.02_Botafogo,2,19.9,841,0,350,350,85,8,0,53,96,15,1,49,91,21,0,7,4,4,6,0,55,24/25
703343,Winicius Braga,24.12.02_Botafogo,2,24.8,681,1,221,307,82,39,3,40,60,17,5,38,67,16,0,8,11,3,3,3,65,24/25
709501,Yuri Neptune,24.12.02_Botafogo,2,23.2,534,0,249,128,99,19,0,27,62,10,3,29,51,13,0,15,4,3,2,1,46,24/25
692169,Alexandre Paranhos,24.12.02_Botafogo,3,20.0,769,0,318,340,53,19,0,37,78,12,2,37,74,15,0,2,1,2,5,3,44,24/25
713851,Danilo Fuzaro,24.12.02_Botafogo,3,25.5,1139,1,364,498,175,43,5,86,90,32,6,68,93,32,0,0,1,2,2,14,83,24/25
713017,Fernando Fernandes,24.12.02_Botafogo,3,6.3,29,0,19,1,0,0,0,2,16,0,0,6,14,0,0,5,5,2,1,1,28,24/25
719376,Jeremy Hollowell,24.12.02_Botafogo,3,20.3,482,0,197,214,46,3,0,25,34,19,0,25,54,4,0,1,2,2,4,0,24,24/25
719433,Juan Arengo,24.12.02_Botafogo,3,27.3,1241,3,352,480,194,114,57,67,81,35,5,57,96,28,1,2,5,1,7,1,50,24/25
712072,Lucas Rodriguez,24.12.02_Botafogo,3,6.0,27,0,18,0,0,0,0,4,14,0,0,5,14,0,0,14,4,0,0,0,21,24/25
719679,Luis Montero,24.12.02_Botafogo,3,26.2,564,1,231,254,29,10,9,37,55,12,0,43,57,3,1,8,3,1,2,4,46,24/25
719592,Scott Machado,24.12.02_Botafogo,3,26.9,1136,4,327,505,157,56,38,80,81,26,6,88,70,25,0,0,5,5,4,4,58,24/25
714226,Rafael Mineiro,24.12.02_Botafogo,3,20.4,832,0,300,355,123,13,0,48,78,20,4,43,80,21,0,7,2,1,2,6,53,24/25
703343,Winicius Braga,24.12.02_Botafogo,3,19.1,540,0,149,283,85,4,0,34,46,14,4,29,50,17,0,9,3,1,2,4,43,24/25
709501,Yuri Neptune,24.12.02_Botafogo,3,22.3,277,0,106,89,40,10,0,17,49,4,1,13,51,5,0,11,1,1,1,0,21,24/25
692169,Alexandre Paranhos,24.12.02_Botafogo,4,20.5,365,0,138,159,40,7,0,25,33,12,0,20,39,8,0,1,1,1,1,3,24,24/25
713851,Danilo Fuzaro,24.12.02_Botafogo,4,4.3,36,0,24,0,0,0,0,8,7,0,0,10,5,0,0,14,7,1,0,0,31,24/25
713017,Fernando Fernandes,24.12.02_Botafogo,4,25.9,950,2,392,282,129,97,8,42,52,23,6,41,59,18,0,2,2,3,3,2,41,24/25
719376,Jeremy Hollowell,24.12.02_Botafogo,4,26.3,1253,1,503,537,117,18,10,85,99,40,3,72,119,26,1,1,3,7,8,3,74,24/25
719433,Juan Arengo,24.12.02_Botafogo,4,26.7,901,4,323,345,97,66,34,52,63,19,5,47,70,20,0,4,4,3,3,1,38,24/25
712072,Lucas Rodriguez,24.12.02_Botafogo,4,26.6,1358,7,406,470,223,124,72,81,105,23,17,69,101,45,0,4,2,4,5,6,72,24/25
719679,Luis Montero,24.12.02_Botafogo,4,21.9,431,0,123,203,64,20,0,22,40,6,2,14,46,5,0,10,5,2,2,3,45,24/25
719592,Scott Machado,24.12.02_Botafogo,4,4.7,34,0,23,0,0,0,0,5,6,0,0,7,4,0,0,20,1,0,0,0,23,24/25
714226,Rafael Mineiro,24.12.02_Botafogo,4,18.3,469,0,212,164,67,3,0,23,45,5,3,23,47,10,0,5,2,2,3,0,28,24/25
703343,Winicius Braga,24.12.02_Botafogo,4,20.2,828,0,250,403,138,12,0,40,71,13,7,32,76,16,0,12,1,2,3,3,46,24/25
709501,Yuri Neptune,24.12.02_Botafogo,4,25.6,1673,2,534,623,352,96,9,87,127,37,6,66,130,40,0,0,0,3,6,13,99,24/25
692169,Alexandre Paranhos,24.12.05_Pato,1,25.2,932,1,298,424,147,19,5,59,76,26,2,44,83,20,0,2,1,2,5,5,54,24/25
713851,Danilo Fuzaro,24.12.05_Pato,1,27.4,1467,3,431,553,325,86,22,62,115,37,7,63,111,41,1,1,1,3,3,7,58,24/25
713017,Fernando Fernandes,24.12.05_Pato,1,6.7,54,0,37,1,0,0,0,3,26,1,0,7,25,0,0,1,0,0,0,0,1,24/25
719376,Jeremy Hollowell,24.12.05_Pato,1,25.4,1116,1,384,571,82,27,3,63,84,35,4,70,103,24,0,1,2,3,4,3,45,24/25
719433,Juan Arengo,24.12.05_Pato,1,26.1,587,1,203,245,85,12,12,37,59,11,2,42,53,13,0,4,2,3,3,2,37,24/25
712072,Lucas Rodriguez,24.12.05_Pato,1,6.5,43,0,25,1,0,0,0,7,28,1,0,6,29,1,0,4,0,0,0,0,4,24/25
719679,Luis Montero,24.12.05_Pato,1,26.0,1289,3,448,592,130,49,22,94,109,23,4,82,100,24,1,1,1,1,5,7,63,24/25
719592,Scott Machado,24.12.05_Pato,1,25.9,1014,3,298,432,196,43,13,47,77,29,1,39,75,21,0,0,4,4,4,6,64,24/25
690902,Murilo Ferraz,24.12.05_Pato,1,5.9,49,0,32,0,0,0,0,5,29,0,0,4,31,0,0,9,0,0,0,0,9,24/25
714226,Rafael Mineiro,24.12.05_Pato,1,17.6,82,0,33,22,20,0,0,5,15,1,0,7,13,1,0,1,1,0,1,0,6,24/25
703343,Winicius Braga,24.12.05_Pato,1,22.2,424,0,95,253,51,12,0,26,32,10,0,18,39,10,0,1,1,0,2,0,14,24/25
709501,Yuri Neptune,24.12.05_Pato,1,8.0,80,0,55,5,0,0,0,9,30,1,0,5,36,0,0,3,0,0,0,0,3,24/25
692169,Alexandre Paranhos,24.12.05_Pato,2,22.0,767,0,266,377,72,12,0,48,62,19,5,60,69,16,0,3,2,4,4,2,42,24/25
713851,Danilo Fuzaro,24.12.05_Pato,2,26.0,677,1,245,263,108,19,7,34,62,13,6,43,63,10,1,0,11,4,3,2,56,24/25
713017,Fernando Fernandes,24.12.05_Pato,2,6.4,66,0,47,2,0,0,0,9,22,0,0,9,24,0,0,1,0,0,0,0,1,24/25
719376,Jeremy Hollowell,24.12.05_Pato,2,21.1,464,0,158,214,67,9,0,24,30,10,2,18,43,7,0,14,3,2,2,2,42,24/25
719433,Juan Arengo,24.12.05_Pato,2,29.2,1006,2,282,384,180,100,26,46,66,26,5,44,63,23,1,10,3,2,4,3,54,24/25
712072,Lucas Rodriguez,24.12.05_Pato,2,26.0,1123,2,370,462,187,39,11,60,102,29,4,72,99,20,0,2,4,5,5,3,60,24/25
719679,Luis Montero,24.12.05_Pato,2,25.9,648,1,287,282,35,5,10,51,47,13,3,55,55,11,0,7,6,3,2,5,60,24/25
719592,Scott Machado,24.12.05_Pato,2,26.5,449,2,134,167,86,34,9,28,27,12,3,21,29,14,0,13,3,2,2,3,45,24/25
690902,Murilo Ferraz,24.12.05_Pato,2,6.7,51,0,31,2,0,0,0,8,25,0,0,10,23,0,0,7,0,0,0,0,7,24/25
714226,Rafael Mineiro,24.12.05_Pato,2,22.2,1006,0,376,409,148,26,0,60,88,24,3,46,93,24,0,3,2,5,6,0,47,24/25
703343,Winicius Braga,24.12.05_Pato,2,21.7,713,0,207,324,143,16,0,35,57,17,3,36,61,17,0,13,2,2,3,1,42,24/25
709501,Yuri Neptune,24.12.05_Pato,2,20.1,1018,0,284,414,259,23,0,53,78,21,7,44,82,28,0,8,2,2,4,4,54,24/25
692169,Alexandre Paranhos,24.12.05_Pato,3,24.3,961,1,322,420,128,48,2,62,81,27,5,59,89,26,0,1,2,1,7,4,57,24/25
713851,Danilo Fuzaro,24.12.05_Pato,3,25.9,848,2,252,318,142,84,12,51,66,19,6,36,74,20,1,4,4,0,2,6,50,24/25
713017,Fernando Fernandes,24.12.05_Pato,3,5.8,37,0,25,0,0,0,0,3,22,0,0,5,21,0,0,1,0,0,0,0,1,24/25
719376,Jeremy Hollowell,24.12.05_Pato,3,20.7,524,0,209,233,49,12,0,36,35,12,3,43,35,11,0,9,1,2,4,0,33,24/25
719433,Juan Arengo,24.12.05_Pato,3,24.1,745,1,196,305,159,62,1,41,46,16,2,34,49,16,0,8,2,1,3,1,38,24/25
712072,Lucas Rodriguez,24.12.05_Pato,3,22.4,424,0,145,158,87,14,0,24,31,14,5,25,46,12,0,12,1,1,1,2,32,24/25
719679,Luis Montero,24.12.05_Pato,3,25.2,1367,1,488,641,158,26,5,76,106,32,6,72,112,27,0,0,1,2,6,8,74,24/25
719592,Scott Machado,24.12.05_Pato,3,27.2,1125,2,320,409,225,106,25,61,74,27,10,59,72,30,1,1,2,2,6,7,69,24/25
690902,Murilo Ferraz,24.12.05_Pato,3,5.3,39,0,25,0,0,0,0,7,13,0,0,7,16,0,0,3,0,0,0,0,4,24/25
714226,Rafael Mineiro,24.12.05_Pato,3,20.9,833,0,280,407,94,20,0,61,66,14,2,51,80,15,0,3,2,2,5,2,43,24/25
703343,Winicius Braga,24.12.05_Pato,3,19.6,352,0,128,180,25,4,0,29,31,6,2,19,34,10,0,4,0,1,2,0,16,24/25
709501,Yuri Neptune,24.12.05_Pato,3,12.4,122,0,92,11,2,0,0,5,29,2,0,5,33,1,0,6,0,0,0,0,7,24/25
692169,Alexandre Paranhos,24.12.05_Pato,4,23.0,800,0,262,399,89,13,0,41,78,22,2,45,84,19,0,3,2,3,3,2,41,24/25
713851,Danilo Fuzaro,24.12.05_Pato,4,3.9,6,0,4,0,0,0,0,2,3,0,0,2,4,0,0,13,1,0,0,0,16,24/25
713017,Fernando Fernandes,24.12.05_Pato,4,26.1,824,2,303,301,99,71,15,36,65,20,7,42,52,26,0,1,3,2,6,1,40,24/25
719376,Jeremy Hollowell,24.12.05_Pato,4,14.1,675,0,292,324,25,0,0,53,58,17,1,63,63,10,0,5,2,6,3,1,45,24/25
719433,Juan Arengo,24.12.05_Pato,4,26.6,647,3,226,222,112,23,26,34,56,10,7,46,51,11,1,9,1,1,3,3,37,24/25
712072,Lucas Rodriguez,24.12.05_Pato,4,24.0,1643,1,484,669,302,134,1,90,120,32,14,73,133,46,0,0,4,5,8,6,83,24/25
719679,Luis Montero,24.12.05_Pato,4,9.1,71,0,39,16,0,0,0,13,18,4,0,17,13,4,0,14,1,0,0,0,18,24/25
719592,Scott Machado,24.12.05_Pato,4,6.9,32,0,17,5,0,0,0,9,7,2,0,11,7,1,0,18,0,0,0,0,20,24/25
690902,Murilo Ferraz,24.12.05_Pato,4,21.6,1042,0,421,383,154,33,0,61,94,19,3,56,83,23,0,2,1,4,4,8,72,24/25
714226,Rafael Mineiro,24.12.05_Pato,4,7.4,19,0,11,2,0,0,0,3,7,1,0,5,6,1,0,2,0,0,0,0,2,24/25
703343,Winicius Braga,24.12.05_Pato,4,21.2,783,0,263,392,72,17,0,38,85,24,3,41,87,21,0,10,1,1,2,6,51,24/25
709501,Yuri Neptune,24.12.05_Pato,4,25.2,1486,1,429,594,327,67,4,88,115,39,10,69,118,41,0,0,3,5,7,7,84,24/25
692169,Alexandre Paranhos,24.12.09_Vasco,1,23.7,1107,0,352,481,167,55,0,57,101,27,5,58,107,23,0,8,3,3,7,3,66,24/25
713851,Danilo Fuzaro,24.12.09_Vasco,1,26.5,1287,5,424,442,245,71,38,65,89,35,5,57,93,36,1,0,8,5,4,6,79,24/25
713017,Fernando Fernandes,24.12.09_Vasco,1,5.0,38,0,24,0,0,0,0,7,17,0,0,8,17,0,0,0,0,0,0,0,0,24/25
719376,Jeremy Hollowell,24.12.09_Vasco,1,19.5,693,0,270,262,119,15,0,20,56,23,0,31,58,15,0,3,3,2,2,0,26,24/25
719433,Juan Arengo,24.12.09_Vasco,1,26.8,997,1,367,375,116,73,15,48,86,22,5,56,82,21,1,3,5,6,3,2,53,24/25
712072,Lucas Rodriguez,24.12.09_Vasco,1,5.6,38,0,29,0,0,0,0,4,11,0,0,8,8,0,0,9,5,3,2,1,42,24/25
719679,Luis Montero,24.12.09_Vasco,1,26.0,1305,4,441,557,190,52,23,70,94,23,6,69,96,29,0,0,4,3,7,11,100,24/25
719592,Scott Machado,24.12.09_Vasco,1,27.1,1361,5,390,484,251,141,45,70,93,29,12,75,86,29,4,0,5,5,8,8,95,24/25
714226,Rafael Mineiro,24.12.09_Vasco,1,21.3,863,0,305,345,119,53,0,39,75,27,6,37,85,23,0,8,4,2,3,0,34,24/25
703343,Winicius Braga,24.12.09_Vasco,1,18.9,569,0,233,237,72,4,0,23,53,11,1,23,61,6,0,5,1,2,2,1,25,24/25
709501,Yuri Neptune,24.12.09_Vasco,1,21.4,409,0,156,136,74,16,0,27,43,10,2,18,47,10,0,2,0,1,1,0,11,24/25
692169,Alexandre Paranhos,24.12.09_Vasco,2,26.0,1012,3,397,364,118,65,14,56,102,20,8,65,102,23,0,4,5,2,4,8,75,24/25
713851,Danilo Fuzaro,24.12.09_Vasco,2,23.9,1058,0,387,394,167,60,0,50,86,22,5,58,91,24,0,1,11,7,4,2,68,24/25
713017,Fernando Fernandes,24.12.09_Vasco,2,20.5,147,0,55,38,26,9,0,12,23,1,3,15,23,5,0,0,0,0,0,0,2,24/25
719376,Jeremy Hollowell,24.12.09_Vasco,2,21.8,536,0,297,135,63,13,0,24,50,4,2,19,53,7,0,9,5,3,2,1,43,24/25
719433,Juan Arengo,24.12.09_Vasco,2,26.1,1662,2,564,680,241,103,13,91,115,27,6,82,112,34,0,1,2,7,7,7,87,24/25
712072,Lucas Rodriguez,24.12.09_Vasco,2,6.5,43,0,29,1,0,0,0,10,14,0,0,8,15,0,0,9,2,0,0,0,14,24/25
719679,Luis Montero,24.12.09_Vasco,2,22.2,943,0,361,404,111,27,0,58,83,23,6,74,65,30,0,4,4,3,4,4,60,24/25
719592,Scott Machado,24.12.09_Vasco,2,26.3,1073,3,386,341,210,64,21,47,100,29,13,63,99,29,2,1,8,4,6,8,94,24/25
714226,Rafael Mineiro,24.12.09_Vasco,2,26.0,1337,1,432,580,202,61,10,75,102,32,10,71,109,38,0,6,6,4,7,4,76,24/25
703343,Winicius Braga,24.12.09_Vasco,2,11.3,111,0,61,41,0,0,0,7,18,0,1,9,19,0,0,5,0,0,0,0,7,24/25
709501,Yuri Neptune,24.12.09_Vasco,2,25.4,894,1,326,330,130,58,5,54,88,15,4,45,74,24,0,9,5,6,2,0,48,24/25
692169,Alexandre Paranhos,24.12.09_Vasco,3,21.5,822,0,350,317,72,30,0,65,69,24,5,46,87,18,0,3,3,3,7,1,54,24/25
713851,Danilo Fuzaro,24.12.09_Vasco,3,26.0,1710,1,672,609,295,53,8,93,121,40,7,90,112,46,0,1,3,7,10,7,102,24/25
713017,Fernando Fernandes,24.12.09_Vasco,3,5.6,74,0,51,0,0,0,0,12,31,0,0,12,32,0,0,0,0,0,0,0,0,24/25
719376,Jeremy Hollowell,24.12.09_Vasco,3,25.9,1022,2,432,411,103,27,4,59,79,23,5,52,82,24,1,7,4,5,3,2,52,24/25
719433,Juan Arengo,24.12.09_Vasco,3,26.3,1693,6,573,683,262,69,53,80,104,42,9,83,103,45,1,1,3,6,6,11,107,24/25
712072,Lucas Rodriguez,24.12.09_Vasco,3,26.2,605,2,180,215,116,40,14,27,67,14,6,46,65,9,1,4,2,2,2,1,26,24/25
719679,Luis Montero,24.12.09_Vasco,3,26.0,1002,2,355,434,121,34,12,59,86,16,6,60,89,19,0,7,5,3,6,4,69,24/25
719592,Scott Machado,24.12.09_Vasco,3,22.8,1156,0,355,449,253,50,0,71,86,28,4,76,68,33,0,4,6,4,9,5,90,24/25
714226,Rafael Mineiro,24.12.09_Vasco,3,20.3,555,0,194,270,65,7,0,30,47,14,3,37,43,13,1,1,1,2,3,2,34,24/25
703343,Winicius Braga,24.12.09_Vasco,3,6.1,34,0,24,0,0,0,0,3,12,1,0,4,13,0,0,0,0,0,0,0,0,24/25
709501,Yuri Neptune,24.12.09_Vasco,3,16.2,299,0,148,86,20,0,0,23,71,4,0,21,73,3,0,8,1,0,1,0,13,24/25
692169,Alexandre Paranhos,24.12.09_Vasco,4,18.3,587,0,283,190,74,1,0,38,53,19,2,33,72,10,0,3,2,3,4,0,29,24/25
713851,Danilo Fuzaro,24.12.09_Vasco,4,26.1,851,1,433,268,58,24,6,55,72,14,7,63,73,14,0,6,7,7,3,2,65,24/25
713017,Fernando Fernandes,24.12.09_Vasco,4,26.2,362,1,120,92,67,38,14,27,39,4,5,30,37,12,0,1,1,1,2,0,15,24/25
719376,Jeremy Hollowell,24.12.09_Vasco,4,22.8,835,0,360,319,102,12,0,50,82,19,3,52,81,15,0,10,5,4,2,1,43,24/25
719433,Juan Arengo,24.12.09_Vasco,4,26.1,1183,2,478,437,153,45,12,74,96,32,3,64,90,26,1,3,5,6,7,4,80,24/25
712072,Lucas Rodriguez,24.12.09_Vasco,4,26.4,1135,1,381,365,191,126,12,70,89,30,12,65,101,35,0,8,5,3,3,0,42,24/25
719679,Luis Montero,24.12.09_Vasco,4,26.0,1347,3,642,461,117,27,22,76,135,31,4,82,143,15,0,0,1,3,10,13,116,24/25
719592,Scott Machado,24.12.09_Vasco,4,26.1,1382,3,490,479,267,66,18,75,101,34,7,82,79,35,0,2,5,8,9,4,94,24/25
714226,Rafael Mineiro,24.12.09_Vasco,4,0.0,0,0,0,0,0,0,0,0,0,0,0,0,0,0,0,0,0,0,0,0,0,24/25
703343,Winicius Braga,24.12.09_Vasco,4,16.3,272,0,126,87,39,0,0,14,36,3,3,14,38,5,0,1,1,1,1,0,9,24/25
709501,Yuri Neptune,24.12.09_Vasco,4,19.9,426,0,182,141,58,6,0,32,63,13,2,32,62,13,0,10,1,2,0,0,17,24/25
692169,Alexandre Paranhos,24.12.20_Paulistano,1,26.1,933,1,274,402,154,54,11,50,81,25,7,54,83,21,0,4,0,1,4,8,61,24/25
713851,Danilo Fuzaro,24.12.20_Paulistano,1,23.4,972,0,305,383,195,48,0,39,70,31,5,45,74,27,0,0,5,2,3,9,72,24/25
713017,Fernando Fernandes,24.12.20_Paulistano,1,5.9,28,0,19,0,0,0,0,4,16,0,0,4,17,0,0,8,0,0,0,0,8,24/25
719376,Jeremy Hollowell,24.12.20_Paulistano,1,23.2,945,0,340,433,112,13,0,57,78,28,2,68,88,17,0,3,3,2,6,3,59,24/25
719433,Juan Arengo,24.12.20_Paulistano,1,25.6,1318,3,312,522,314,119,9,78,83,28,13,53,86,40,1,2,2,2,4,9,71,24/25
712072,Lucas Rodriguez,24.12.20_Paulistano,1,26.4,721,4,212,269,132,47,26,39,59,22,10,37,65,23,1,6,1,2,3,3,44,24/25
719592,Scott Machado,24.12.20_Paulistano,1,26.1,1234,5,313,441,291,105,39,70,83,30,10,58,72,39,1,0,3,1,4,10,76,24/25
690902,Murilo Ferraz,24.12.20_Paulistano,1,5.1,18,0,11,0,0,0,0,2,12,0,0,2,12,0,0,15,1,0,0,0,18,24/25
703342,Vinci Oliveira,24.12.20_Paulistano,1,6.3,26,0,18,1,0,0,0,0,15,1,0,0,14,2,0,18,0,0,0,0,19,24/25
703343,Winicius Braga,24.12.20_Paulistano,1,22.7,474,0,176,197,56,26,0,27,46,7,2,20,51,10,0,3,1,2,2,1,25,24/25
709501,Yuri Neptune,24.12.20_Paulistano,1,21.7,813,0,211,316,216,34,0,35,79,23,2,24,81,21,0,6,1,2,6,2,49,24/25
692169,Alexandre Paranhos,24.12.20_Paulistano,2,21.5,785,0,315,323,100,11,0,41,65,23,2,46,76,13,0,5,3,2,4,4,50,24/25
713851,Danilo Fuzaro,24.12.20_Paulistano,2,26.3,1117,2,429,366,182,66,14,58,96,23,12,49,95,32,0,0,7,3,4,9,86,24/25
713017,Fernando Fernandes,24.12.20_Paulistano,2,26.4,646,2,313,144,87,44,23,19,62,14,4,21,62,14,0,8,2,2,3,2,39,24/25
719376,Jeremy Hollowell,24.12.20_Paulistano,2,25.6,1348,1,536,578,139,38,8,80,87,27,3,72,100,23,0,0,4,3,6,9,90,24/25
719433,Juan Arengo,24.12.20_Paulistano,2,26.0,1178,3,486,382,197,48,15,60,102,23,4,55,84,26,1,4,6,3,4,6,73,24/25
712072,Lucas Rodriguez,24.12.20_Paulistano,2,26.4,545,1,194,181,91,38,10,24,49,15,3,37,35,17,0,13,4,1,2,2,46,24/25
719592,Scott Machado,24.12.20_Paulistano,2,25.5,950,1,405,293,184,19,4,49,80,18,8,51,75,21,1,4,6,4,4,6,73,24/25
690902,Murilo Ferraz,24.12.20_Paulistano,2,5.8,116,0,93,0,0,0,0,10,31,0,0,14,28,0,0,10,0,0,0,0,10,24/25
703342,Vinci Oliveira,24.12.20_Paulistano,2,6.7,116,0,98,2,0,0,0,6,25,1,0,11,21,2,0,14,0,0,0,0,14,24/25
703343,Winicius Braga,24.12.20_Paulistano,2,21.6,861,0,411,327,63,18,0,35,87,21,3,49,78,23,0,9,6,2,3,4,58,24/25
709501,Yuri Neptune,24.12.20_Paulistano,2,25.5,664,1,272,230,95,30,4,31,65,10,5,39,57,16,0,15,2,1,2,2,43,24/25
692169,Alexandre Paranhos,24.12.20_Paulistano,3,21.8,770,0,225,372,118,22,0,37,71,23,1,26,68,26,0,5,2,2,3,5,51,24/25
713851,Danilo Fuzaro,24.12.20_Paulistano,3,26.1,1034,1,363,337,226,57,8,50,79,22,6,56,71,29,0,0,7,4,5,9,88,24/25
713017,Fernando Fernandes,24.12.20_Paulistano,3,26.1,538,2,207,136,95,61,12,25,53,13,4,20,56,16,0,5,1,2,3,1,31,24/25
719376,Jeremy Hollowell,24.12.20_Paulistano,3,26.2,1107,3,351,507,136,55,12,48,92,33,8,65,96,29,1,6,3,3,6,6,75,24/25
719433,Juan Arengo,24.12.20_Paulistano,3,25.4,299,1,125,93,37,20,8,19,29,4,3,17,25,9,0,0,2,1,1,2,20,24/25
712072,Lucas Rodriguez,24.12.20_Paulistano,3,26.4,1405,5,399,421,308,167,57,58,90,33,15,57,103,43,0,6,1,3,7,7,81,24/25
719592,Scott Machado,24.12.20_Paulistano,3,25.8,490,3,178,167,82,29,9,23,43,11,3,34,39,11,0,13,5,1,4,1,47,24/25
690902,Murilo Ferraz,24.12.20_Paulistano,3,4.3,19,0,10,0,0,0,0,5,13,0,0,5,13,0,0,7,0,0,0,0,7,24/25
703342,Vinci Oliveira,24.12.20_Paulistano,3,7.4,50,0,31,8,0,0,0,1,23,3,0,3,27,0,0,5,0,0,0,0,5,24/25
703343,Winicius Braga,24.12.20_Paulistano,3,23.3,814,0,253,393,112,22,0,45,81,17,4,42,98,10,0,9,2,3,5,3,56,24/25
709501,Yuri Neptune,24.12.20_Paulistano,3,25.4,902,1,285,336,198,38,3,47,86,19,3,43,93,18,0,10,3,2,4,5,65,24/25
692169,Alexandre Paranhos,24.12.20_Paulistano,4,24.6,215,1,107,51,26,5,1,19,36,4,1,16,39,4,0,3,1,0,1,0,10,24/25
713851,Danilo Fuzaro,24.12.20_Paulistano,4,21.9,681,0,309,204,85,24,0,49,76,15,3,51,76,18,0,0,14,7,3,3,80,24/25
713017,Fernando Fernandes,24.12.20_Paulistano,4,7.6,138,0,96,6,0,0,0,21,49,2,0,29,47,0,0,21,1,0,0,0,23,24/25
719376,Jeremy Hollowell,24.12.20_Paulistano,4,26.1,1249,1,464,567,119,36,9,78,102,33,5,79,108,25,0,6,6,3,7,6,86,24/25
719433,Juan Arengo,24.12.20_Paulistano,4,26.2,1330,1,470,522,214,60,8,64,92,22,9,70,92,25,0,0,5,9,5,9,102,24/25
712072,Lucas Rodriguez,24.12.20_Paulistano,4,26.0,1021,2,317,344,193,113,10,50,76,23,10,55,76,27,0,5,13,2,4,4,74,24/25
719592,Scott Machado,24.12.20_Paulistano,4,24.3,858,1,317,300,137,48,5,49,86,17,8,54,64,27,1,11,6,5,5,1,63,24/25
690902,Murilo Ferraz,24.12.20_Paulistano,4,6.5,69,0,50,1,0,0,0,12,22,2,0,13,23,0,0,4,0,0,0,0,5,24/25
703342,Vinci Oliveira,24.12.20_Paulistano,4,7.2,118,0,85,7,0,0,0,8,47,1,0,13,46,1,0,4,0,0,0,0,4,24/25
703343,Winicius Braga,24.12.20_Paulistano,4,21.4,1407,0,562,586,183,18,0,81,117,32,4,71,119,33,0,3,7,5,7,6,90,24/25
709501,Yuri Neptune,24.12.20_Paulistano,4,26.0,1365,3,442,472,275,104,19,61,112,25,11,64,96,43,0,5,5,3,3,11,94,24/25
692169,Alexandre Paranhos,24.12.23_São Paulo,1,23.3,1135,0,316,559,180,39,0,55,80,32,8,66,82,35,0,3,2,1,6,7,71,24/25
713851,Danilo Fuzaro,24.12.23_São Paulo,1,26.3,1261,4,395,446,262,96,17,58,97,29,3,62,79,36,1,0,3,3,5,9,77,24/25
713017,Fernando Fernandes,24.12.23_São Paulo,1,5.1,48,0,29,0,0,0,0,11,19,0,0,12,20,0,0,0,0,0,0,0,0,24/25
719376,Jeremy Hollowell,24.12.23_São Paulo,1,21.0,813,0,259,369,114,40,0,50,63,22,4,41,70,19,0,6,1,2,5,4,55,24/25
712072,Lucas Rodriguez,24.12.23_São Paulo,1,26.2,526,1,184,210,78,16,9,28,54,13,1,37,56,6,0,9,2,1,3,1,35,24/25
719679,Luis Montero,24.12.23_São Paulo,1,25.9,544,1,175,240,70,33,6,26,42,11,3,32,40,12,0,11,2,1,3,2,37,24/25
719592,Scott Machado,24.12.23_São Paulo,1,26.3,1027,3,236,429,251,42,39,38,84,25,5,41,60,34,1,3,3,1,4,8,67,24/25
690902,Murilo Ferraz,24.12.23_São Paulo,1,6.0,60,0,42,0,0,0,0,8,25,0,0,8,25,0,0,13,1,0,0,0,14,24/25
714226,Rafael Mineiro,24.12.23_São Paulo,1,24.2,529,1,187,218,78,20,2,29,44,17,5,21,58,18,0,4,1,1,3,1,24,24/25
703343,Winicius Braga,24.12.23_São Paulo,1,26.1,315,1,110,130,46,5,10,16,34,4,1,14,34,5,0,3,0,0,2,0,10,24/25
709501,Yuri Neptune,24.12.23_São Paulo,1,6.9,91,0,67,1,0,0,0,5,43,1,0,10,41,0,0,5,0,0,0,0,5,24/25
692169,Alexandre Paranhos,24.12.23_São Paulo,2,23.2,639,0,182,285,119,25,0,31,49,15,5,21,56,21,0,7,2,1,2,4,41,24/25
713851,Danilo Fuzaro,24.12.23_São Paulo,2,22.4,917,0,278,372,169,55,0,51,72,25,6,49,86,22,0,0,6,2,3,7,67,24/25
713017,Fernando Fernandes,24.12.23_São Paulo,2,5.0,19,0,11,0,0,0,0,3,11,0,0,5,10,0,0,0,0,0,0,0,0,24/25
719376,Jeremy Hollowell,24.12.23_São Paulo,2,21.2,830,0,243,383,137,34,0,41,71,16,6,41,69,20,0,6,2,2,3,5,54,24/25
712072,Lucas Rodriguez,24.12.23_São Paulo,2,5.8,19,0,12,0,0,0,0,4,7,0,0,5,7,0,0,15,1,0,0,0,18,24/25
719679,Luis Montero,24.12.23_São Paulo,2,23.5,353,0,139,131,29,31,0,21,37,12,0,27,38,8,0,7,2,1,1,2,30,24/25
719592,Scott Machado,24.12.23_São Paulo,2,26.1,1069,1,318,410,228,64,11,60,76,26,3,59,64,25,1,2,3,5,5,4,64,24/25
690902,Murilo Ferraz,24.12.23_São Paulo,2,5.1,18,0,11,0,0,0,0,2,10,0,0,2,11,0,0,3,0,0,0,0,3,24/25
714226,Rafael Mineiro,24.12.23_São Paulo,2,20.5,852,0,269,418,124,8,0,49,68,26,4,33,85,19,0,5,2,3,3,3,42,24/25
703343,Winicius Braga,24.12.23_São Paulo,2,17.0,491,0,142,242,86,0,0,35,40,11,2,25,56,6,0,9,1,2,2,2,37,24/25
709501,Yuri Neptune,24.12.23_São Paulo,2,23.9,1306,0,349,575,273,68,0,67,78,24,11,54,80,37,0,2,1,3,2,8,60,24/25
692169,Alexandre Paranhos,24.12.23_São Paulo,3,24.4,1210,1,403,549,127,75,3,65,107,34,5,59,109,33,0,1,3,1,6,9,78,24/25
713851,Danilo Fuzaro,24.12.23_São Paulo,3,25.5,928,2,276,392,160,55,6,51,71,21,3,41,68,19,1,1,7,2,2,8,69,24/25
713017,Fernando Fernandes,24.12.23_São Paulo,3,6.3,38,0,23,1,0,0,0,5,16,1,0,8,15,0,0,0,0,0,0,0,0,24/25
719376,Jeremy Hollowell,24.12.23_São Paulo,3,22.1,441,0,152,213,37,14,0,25,40,9,3,25,44,9,0,8,2,1,3,2,37,24/25
712072,Lucas Rodriguez,24.12.23_São Paulo,3,4.6,19,0,11,0,0,0,0,6,9,0,0,8,9,0,0,8,0,0,0,0,8,24/25
719679,Luis Montero,24.12.23_São Paulo,3,26.1,710,3,237,283,87,42,22,44,67,15,2,44,60,15,0,6,1,2,3,5,48,24/25
719592,Scott Machado,24.12.23_São Paulo,3,26.0,1139,2,343,433,233,73,13,66,85,27,6,74,68,32,1,0,3,3,6,8,77,24/25
690902,Murilo Ferraz,24.12.23_São Paulo,3,4.6,35,0,23,0,0,0,0,8,14,0,0,8,15,0,0,4,0,0,0,0,4,24/25
714226,Rafael Mineiro,24.12.23_São Paulo,3,20.7,899,0,282,417,152,21,0,61,62,23,4,41,72,23,0,7,1,2,4,5,55,24/25
703343,Winicius Braga,24.12.23_São Paulo,3,9.3,26,0,18,2,0,0,0,2,10,1,0,3,9,1,0,4,0,0,0,0,4,24/25
709501,Yuri Neptune,24.12.23_São Paulo,3,26.4,719,3,219,215,147,84,20,32,56,14,10,32,57,19,0,9,3,1,1,4,43,24/25
692169,Alexandre Paranhos,24.12.23_São Paulo,4,5.6,30,0,16,0,0,0,0,7,20,0,0,4,23,0,0,4,0,0,0,0,4,24/25
713851,Danilo Fuzaro,24.12.23_São Paulo,4,25.2,780,1,284,328,109,15,2,46,63,29,3,36,88,17,0,1,8,3,3,7,73,24/25
713017,Fernando Fernandes,24.12.23_São Paulo,4,26.8,247,1,108,61,28,15,7,17,48,3,0,20,44,5,0,1,0,1,1,0,10,24/25
719376,Jeremy Hollowell,24.12.23_São Paulo,4,23.6,1113,0,438,547,74,7,0,75,86,25,4,69,97,19,0,2,4,3,4,10,83,24/25
712072,Lucas Rodriguez,24.12.23_São Paulo,4,16.5,170,0,95,35,17,0,0,18,29,2,0,19,26,4,0,5,2,0,0,0,13,24/25
719679,Luis Montero,24.12.23_São Paulo,4,26.3,1345,1,525,608,124,26,10,103,94,25,7,77,114,20,1,0,3,3,4,12,90,24/25
719592,Scott Machado,24.12.23_São Paulo,4,4.2,11,0,5,0,0,0,0,4,10,0,0,5,9,0,0,19,1,0,0,0,20,24/25
690902,Murilo Ferraz,24.12.23_São Paulo,4,21.7,207,0,84,63,27,7,0,20,36,5,1,18,40,4,0,5,1,1,1,1,15,24/25
714226,Rafael Mineiro,24.12.23_São Paulo,4,19.6,1245,0,468,600,116,13,0,64,112,24,6,67,120,25,0,2,4,3,7,6,77,24/25
703343,Winicius Braga,24.12.23_São Paulo,4,14.8,177,0,83,70,7,0,0,20,26,3,0,14,33,3,0,2,0,1,1,0,8,24/25
709501,Yuri Neptune,24.12.23_São Paulo,4,26.1,849,1,264,309,178,47,11,29,97,22,3,31,97,20,0,6,8,1,2,6,60,24/25
692169,Alexandre Paranhos,24.12.27_Bauru,1,20.8,715,0,223,342,110,16,0,46,53,17,6,40,59,18,0,3,1,1,3,4,40,24/25
713851,Danilo Fuzaro,24.12.27_Bauru,1,25.9,1015,2,281,438,219,25,8,51,71,30,2,45,74,30,0,1,4,2,5,6,62,24/25
713017,Fernando Fernandes,24.12.27_Bauru,1,5.4,24,0,16,0,0,0,0,2,17,0,0,3,17,0,0,0,0,0,0,0,0,24/25
719376,Jeremy Hollowell,24.12.27_Bauru,1,21.5,975,0,314,507,107,17,0,59,68,25,2,53,84,16,0,3,1,5,3,5,58,24/25
719433,Juan Arengo,24.12.27_Bauru,1,26.7,736,2,206,272,146,54,21,37,70,19,4,37,58,23,1,3,0,1,5,2,38,24/25
712072,Lucas Rodriguez,24.12.27_Bauru,1,25.9,622,1,196,226,108,56,9,37,50,15,2,29,51,17,0,4,1,1,3,3,33,24/25
719679,Luis Montero,24.12.27_Bauru,1,25.3,1115,1,347,524,141,64,8,74,70,21,9,55,78,26,0,0,3,1,3,11,72,24/25
719592,Scott Machado,24.12.27_Bauru,1,26.0,942,1,255,357,211,81,6,47,65,25,7,45,51,35,1,1,5,1,3,7,61,24/25
690902,Murilo Ferraz,24.12.27_Bauru,1,5.6,14,0,8,0,0,0,0,3,11,0,0,4,10,0,0,9,0,0,0,0,9,24/25
703343,Winicius Braga,24.12.27_Bauru,1,22.7,623,0,179,309,96,10,0,30,57,21,2,39,56,16,0,4,0,2,4,2,37,24/25
709501,Yuri Neptune,24.12.27_Bauru,1,25.9,377,1,112,142,57,36,5,25,48,9,1,19,45,8,0,9,1,1,2,1,23,24/25
692169,Alexandre Paranhos,24.12.27_Bauru,2,26.7,1003,5,303,400,147,74,32,54,92,20,6,48,90,26,0,5,2,3,5,5,64,24/25
713851,Danilo Fuzaro,24.12.27_Bauru,2,26.4,852,5,268,267,147,81,52,31,61,25,6,37,55,27,2,7,9,4,7,2,75,24/25
713017,Fernando Fernandes,24.12.27_Bauru,2,5.9,39,0,24,0,0,0,0,5,19,0,0,8,18,0,0,0,0,0,0,0,0,24/25
719376,Jeremy Hollowell,24.12.27_Bauru,2,22.2,1227,0,422,498,193,61,0,62,94,32,5,48,107,31,0,5,7,9,5,3,80,24/25
719433,Juan Arengo,24.12.27_Bauru,2,29.5,1121,3,328,379,238,106,29,53,75,28,8,46,67,39,2,12,4,4,7,3,72,24/25
712072,Lucas Rodriguez,24.12.27_Bauru,2,26.9,1448,7,443,504,236,138,66,78,99,36,13,69,109,36,2,3,6,6,7,7,96,24/25
719679,Luis Montero,24.12.27_Bauru,2,5.5,52,0,40,0,0,0,0,5,14,0,0,6,15,0,0,22,2,0,0,0,26,24/25
719592,Scott Machado,24.12.27_Bauru,2,23.9,841,0,271,298,175,55,0,49,67,21,3,51,63,23,0,12,6,2,5,4,72,24/25
690902,Murilo Ferraz,24.12.27_Bauru,2,4.8,34,0,16,0,0,0,0,11,12,0,0,12,12,0,0,10,0,0,0,0,10,24/25
703343,Winicius Braga,24.12.27_Bauru,2,24.8,620,1,187,280,122,10,1,27,49,15,7,20,63,20,1,18,3,1,1,6,62,24/25
709501,Yuri Neptune,24.12.27_Bauru,2,28.7,1987,5,531,650,500,193,42,90,150,43,12,79,142,53,0,0,3,6,7,13,117,24/25
692169,Alexandre Paranhos,24.12.27_Bauru,3,26.1,981,6,268,395,158,87,37,52,76,28,5,46,87,27,0,1,2,1,3,8,61,24/25
713851,Danilo Fuzaro,24.12.27_Bauru,3,25.8,654,2,154,257,144,65,8,41,44,17,5,26,47,23,0,1,6,1,1,7,56,24/25
713017,Fernando Fernandes,24.12.27_Bauru,3,23.9,419,0,104,196,94,13,0,21,28,8,4,22,31,11,0,0,0,0,2,1,14,24/25
719376,Jeremy Hollowell,24.12.27_Bauru,3,22.4,601,0,191,254,107,28,0,24,49,10,3,39,46,11,0,3,1,1,4,3,38,24/25
719433,Juan Arengo,24.12.27_Bauru,3,25.5,817,2,196,353,158,73,9,42,55,26,6,49,63,20,0,7,2,1,2,4,42,24/25
712072,Lucas Rodriguez,24.12.27_Bauru,3,19.7,504,0,145,221,108,12,0,37,37,14,3,21,43,17,0,10,2,0,1,3,33,24/25
719679,Luis Montero,24.12.27_Bauru,3,26.3,995,2,327,399,152,77,10,60,57,24,8,51,77,25,0,2,1,2,4,8,64,24/25
719592,Scott Machado,24.12.27_Bauru,3,26.2,850,3,255,300,142,95,26,47,58,22,4,41,58,19,0,3,2,3,6,3,52,24/25
690902,Murilo Ferraz,24.12.27_Bauru,3,5.1,12,0,5,0,0,0,0,6,8,0,0,5,9,0,0,10,0,0,0,0,10,24/25
703343,Winicius Braga,24.12.27_Bauru,3,21.1,363,0,108,180,48,16,0,15,36,8,0,13,39,7,0,12,0,0,1,2,25,24/25
709501,Yuri Neptune,24.12.27_Bauru,3,20.8,707,0,231,270,147,25,0,41,66,18,3,31,75,18,0,7,1,1,2,4,38,24/25
692169,Alexandre Paranhos,24.12.27_Bauru,4,22.2,603,0,264,215,74,25,0,30,45,9,3,26,46,10,0,3,1,1,3,2,32,24/25
713851,Danilo Fuzaro,24.12.27_Bauru,4,26.0,701,3,256,239,98,47,25,30,57,20,6,31,64,16,2,5,5,3,4,4,59,24/25
713017,Fernando Fernandes,24.12.27_Bauru,4,26.0,853,3,312,256,173,59,15,37,63,20,9,34,65,24,0,7,2,1,2,8,59,24/25
719376,Jeremy Hollowell,24.12.27_Bauru,4,3.7,3,0,0,0,0,0,0,2,2,0,0,2,2,0,0,4,0,0,0,0,4,24/25
719433,Juan Arengo,24.12.27_Bauru,4,26.6,1173,9,364,371,172,143,80,62,74,22,11,59,71,30,1,2,3,2,4,6,60,24/25
712072,Lucas Rodriguez,24.12.27_Bauru,4,26.0,780,3,284,258,127,58,22,39,52,15,7,43,55,18,0,5,8,2,3,3,53,24/25
719679,Luis Montero,24.12.27_Bauru,4,23.7,865,0,282,350,144,46,0,47,65,21,5,55,77,18,0,2,2,3,2,8,64,24/25
719592,Scott Machado,24.12.27_Bauru,4,26.0,858,1,283,345,136,41,13,57,58,29,1,45,61,23,2,6,2,3,5,4,57,24/25
690902,Murilo Ferraz,24.12.27_Bauru,4,26.3,446,1,176,155,64,14,10,33,43,6,2,25,38,9,1,5,1,1,1,3,29,24/25
703343,Winicius Braga,24.12.27_Bauru,4,21.4,981,0,373,411,136,23,0,50,83,16,5,48,88,21,0,4,5,3,3,7,67,24/25
709501,Yuri Neptune,24.12.27_Bauru,4,25.3,707,1,214,256,135,60,3,47,70,14,2,37,69,18,0,10,3,2,2,3,47,24/25
692169,Alexandre Paranhos,24.12.29_Franca,1,26.0,442,3,135,208,28,34,22,21,27,16,1,32,30,9,0,3,0,0,1,4,28,24/25
713851,Danilo Fuzaro,24.12.29_Franca,1,26.2,909,3,268,294,225,68,17,49,74,25,8,42,69,30,0,0,4,1,2,8,60,24/25
713017,Fernando Fernandes,24.12.29_Franca,1,5.0,21,0,14,0,0,0,0,2,12,0,0,2,12,0,0,0,0,0,0,0,0,24/25
719376,Jeremy Hollowell,24.12.29_Franca,1,18.1,1049,0,315,542,147,1,0,63,82,32,5,65,100,20,0,0,0,3,5,8,66,24/25
719433,Juan Arengo,24.12.29_Franca,1,20.4,473,0,133,217,87,12,0,30,42,17,1,25,53,10,0,7,1,1,3,1,28,24/25
712072,Lucas Rodriguez,24.12.29_Franca,1,25.5,253,1,89,96,39,9,3,17,30,4,4,13,28,10,0,7,3,1,0,1,21,24/25
719679,Luis Montero,24.12.29_Franca,1,26.1,1110,2,365,474,171,41,18,63,82,19,7,45,88,24,0,0,1,1,2,12,70,24/25
719592,Scott Machado,24.12.29_Franca,1,24.6,1062,2,284,398,224,112,5,56,70,27,6,61,70,25,1,0,1,2,5,7,64,24/25
690902,Murilo Ferraz,24.12.29_Franca,1,4.9,29,0,18,0,0,0,0,1,18,0,0,8,13,0,0,5,0,0,0,0,5,24/25
703343,Winicius Braga,24.12.29_Franca,1,20.6,874,0,297,392,134,20,0,46,67,23,5,41,85,15,0,2,0,2,5,3,44,24/25
709501,Yuri Neptune,24.12.29_Franca,1,26.0,320,1,86,122,63,23,11,13,37,7,3,14,35,8,0,1,0,2,1,0,10,24/25
692169,Alexandre Paranhos,24.12.29_Franca,2,18.1,185,0,75,65,26,1,0,11,33,4,0,14,32,3,0,2,1,0,1,1,10,24/25
713851,Danilo Fuzaro,24.12.29_Franca,2,33.0,1217,6,347,425,205,117,75,68,81,33,7,52,78,32,4,0,6,4,5,8,83,24/25
713017,Fernando Fernandes,24.12.29_Franca,2,5.7,55,0,38,0,0,0,0,8,19,0,0,11,18,0,0,1,0,0,0,0,1,24/25
719376,Jeremy Hollowell,24.12.29_Franca,2,23.5,1034,0,406,428,123,36,0,36,85,27,4,47,95,22,0,3,4,6,5,6,76,24/25
719433,Juan Arengo,24.12.29_Franca,2,26.0,1545,4,419,650,298,86,25,88,105,42,12,85,108,39,2,0,3,5,6,9,91,24/25
712072,Lucas Rodriguez,24.12.29_Franca,2,22.5,892,0,289,303,189,66,0,60,70,22,6,52,80,21,0,6,7,2,3,6,65,24/25
719679,Luis Montero,24.12.29_Franca,2,20.5,382,0,194,117,36,6,0,21,52,9,2,24,53,6,0,8,10,1,1,2,47,24/25
719592,Scott Machado,24.12.29_Franca,2,27.3,647,3,250,245,52,31,38,47,50,12,2,40,47,13,0,4,10,4,4,2,59,24/25
690902,Murilo Ferraz,24.12.29_Franca,2,5.7,60,0,43,0,0,0,0,8,21,0,0,11,20,0,0,6,0,0,0,0,6,24/25
703343,Winicius Braga,24.12.29_Franca,2,21.5,874,0,318,372,111,38,0,43,76,28,2,34,82,22,0,5,6,3,2,7,70,24/25
709501,Yuri Neptune,24.12.29_Franca,2,25.9,932,2,266,326,221,68,8,41,79,25,5,36,78,27,1,8,3,3,3,6,64,24/25
692169,Alexandre Paranhos,24.12.29_Franca,3,20.7,809,0,278,374,101,20,0,39,70,18,7,44,72,24,0,1,0,1,4,7,55,24/25
713851,Danilo Fuzaro,24.12.29_Franca,3,25.8,609,1,182,214,99,71,7,29,59,17,6,33,60,18,0,6,6,1,5,3,57,24/25
713017,Fernando Fernandes,24.12.29_Franca,3,7.0,32,0,20,1,0,0,0,3,15,1,0,7,14,0,0,2,0,0,0,0,2,24/25
719376,Jeremy Hollowell,24.12.29_Franca,3,21.5,896,0,310,428,99,23,0,50,79,21,2,41,88,17,0,4,4,4,7,1,56,24/25
719433,Juan Arengo,24.12.29_Franca,3,26.2,919,3,296,344,165,59,13,51,59,22,6,41,69,25,1,6,3,3,4,5,62,24/25
712072,Lucas Rodriguez,24.12.29_Franca,3,26.3,382,1,102,151,54,30,17,25,42,15,4,17,55,12,0,12,4,1,1,2,38,24/25
719679,Luis Montero,24.12.29_Franca,3,23.0,820,0,309,330,114,36,0,56,66,20,4,61,81,16,0,5,3,2,3,6,57,24/25
719592,Scott Machado,24.12.29_Franca,3,25.1,1113,2,291,465,208,95,5,61,87,34,10,65,90,31,1,2,3,2,6,8,80,24/25
690902,Murilo Ferraz,24.12.29_Franca,3,7.1,44,0,30,2,0,0,0,4,15,1,0,9,13,0,0,6,1,0,0,0,7,24/25
703343,Winicius Braga,24.12.29_Franca,3,18.5,567,0,227,209,94,2,0,30,70,12,1,37,66,15,0,7,8,2,2,2,47,24/25
709501,Yuri Neptune,24.12.29_Franca,3,26.1,1086,2,316,387,238,83,17,56,98,25,11,41,93,34,0,6,2,2,5,6,66,24/25
692169,Alexandre Paranhos,24.12.29_Franca,4,5.0,5,0,3,0,0,0,0,1,3,0,0,1,3,0,0,1,0,0,0,0,1,24/25
713851,Danilo Fuzaro,24.12.29_Franca,4,30.6,680,4,193,236,115,70,33,29,55,16,4,37,47,19,2,5,4,2,5,2,51,24/25
713017,Fernando Fernandes,24.12.29_Franca,4,23.9,758,0,249,300,130,47,0,40,55,19,6,37,62,19,1,1,1,1,4,3,39,24/25
719376,Jeremy Hollowell,24.12.29_Franca,4,4.6,5,0,2,0,0,0,0,2,4,0,0,2,4,0,0,1,0,0,0,0,1,24/25
719433,Juan Arengo,24.12.29_Franca,4,25.9,729,3,246,273,110,48,16,30,55,17,9,39,55,20,0,6,1,3,5,2,49,24/25
712072,Lucas Rodriguez,24.12.29_Franca,4,27.3,1522,7,364,613,312,114,76,73,105,29,19,59,109,46,2,0,0,2,3,14,87,24/25
719679,Luis Montero,24.12.29_Franca,4,22.4,743,0,265,362,76,7,0,56,65,15,1,50,72,12,0,3,2,2,2,8,60,24/25
719592,Scott Machado,24.12.29_Franca,4,4.7,12,0,6,0,0,0,0,2,4,0,0,4,2,0,0,13,0,0,0,0,14,24/25
690902,Murilo Ferraz,24.12.29_Franca,4,21.5,495,0,166,190,94,18,0,38,49,12,1,30,48,13,0,5,2,0,2,3,30,24/25
703343,Winicius Braga,24.12.29_Franca,4,19.3,1354,0,434,679,182,10,0,73,109,34,5,60,138,23,0,0,1,1,6,11,82,24/25
709501,Yuri Neptune,24.12.29_Franca,4,26.0,1031,3,268,406,213,83,22,49,75,25,11,40,85,30,0,3,4,2,1,9,66,24/25
692169,Alexandre Paranhos,25.01.20_São José,1,25.0,956,1,284,454,138,30,4,58,65,33,7,51,93,28,0,7,1,2,5,7,68,24/25
713851,Danilo Fuzaro,25.01.20_São José,1,26.8,1205,2,397,425,218,85,19,63,103,23,14,57,96,36,1,1,4,5,4,8,82,24/25
714249,Franco Baralle,25.01.20_São José,1,21.5,639,0,253,256,73,17,0,40,54,15,3,56,51,12,0,3,1,2,4,6,57,24/25
719376,Jeremy Hollowell,25.01.20_São José,1,23.1,898,0,313,416,102,35,0,58,62,16,3,50,77,18,0,7,2,3,6,5,68,24/25
719433,Juan Arengo,25.01.20_São José,1,26.7,895,2,281,315,151,99,12,50,75,14,8,38,71,22,1,8,3,4,4,3,57,24/25
712072,Lucas Rodriguez,25.01.20_São José,1,5.9,34,0,24,0,0,0,0,8,7,0,0,6,10,0,0,18,1,0,0,0,20,24/25
719679,Luis Montero,25.01.20_São José,1,24.3,803,1,256,334,139,43,2,33,59,27,4,39,68,19,0,10,2,1,3,5,57,24/25
719592,Scott Machado,25.01.20_São José,1,27.0,809,2,254,247,165,76,38,41,52,14,8,33,53,19,0,1,11,2,3,6,70,24/25
714226,Rafael Mineiro,25.01.20_São José,1,19.4,620,0,205,258,97,28,0,38,60,20,3,31,71,20,0,2,2,2,4,1,32,24/25
703343,Winicius Braga,25.01.20_São José,1,21.4,507,0,162,232,75,15,0,25,43,17,3,29,52,14,0,7,2,2,2,2,36,24/25
709501,Yuri Neptune,25.01.20_São José,1,21.3,349,0,137,113,60,15,0,28,43,6,2,19,47,8,0,5,1,1,2,0,19,24/25
692169,Alexandre Paranhos,25.01.20_São José,2,23.3,1381,0,506,594,189,36,0,61,123,44,7,60,135,37,1,1,2,3,5,12,98,24/25
713851,Danilo Fuzaro,25.01.20_São José,2,27.2,418,2,193,107,51,12,19,28,43,7,3,33,37,7,2,0,15,5,2,3,65,24/25
714249,Franco Baralle,25.01.20_São José,2,21.5,901,0,367,349,128,12,0,54,61,23,2,54,55,21,0,8,5,2,2,7,67,24/25
719376,Jeremy Hollowell,25.01.20_São José,2,24.3,1216,1,503,532,92,32,3,90,79,28,6,62,104,25,0,1,5,3,6,10,92,24/25
719433,Juan Arengo,25.01.20_São José,2,26.1,645,2,281,174,109,38,18,34,38,18,5,21,54,12,0,4,14,2,2,2,58,24/25
712072,Lucas Rodriguez,25.01.20_São José,2,16.9,220,0,160,31,14,0,0,11,16,5,1,14,20,3,0,7,1,0,1,0,14,24/25
719679,Luis Montero,25.01.20_São José,2,26.1,868,3,367,285,139,26,15,33,70,15,6,41,65,21,0,8,5,2,5,4,65,24/25
719592,Scott Machado,25.01.20_São José,2,31.2,1228,4,450,428,221,52,31,58,82,30,11,50,89,31,0,0,6,5,5,9,91,24/25
714226,Rafael Mineiro,25.01.20_São José,2,16.7,267,0,158,71,18,0,0,13,34,4,1,18,29,5,0,5,1,1,1,0,13,24/25
703343,Winicius Braga,25.01.20_São José,2,13.6,231,0,169,44,4,0,0,4,22,6,0,11,25,2,0,20,2,1,1,0,30,24/25
709501,Yuri Neptune,25.01.20_São José,2,26.5,1471,3,468,550,337,43,19,64,112,38,6,52,122,37,0,5,2,5,5,8,83,24/25
692169,Alexandre Paranhos,25.01.20_São José,3,20.5,814,0,366,337,58,7,0,50,81,14,1,47,82,11,0,4,3,2,4,5,62,24/25
713851,Danilo Fuzaro,25.01.20_São José,3,23.4,692,0,236,259,124,36,0,40,62,16,5,35,47,24,0,0,11,4,2,7,79,24/25
714249,Franco Baralle,25.01.20_São José,3,24.4,629,1,206,280,73,29,3,44,51,13,6,36,60,18,0,13,3,1,1,7,62,24/25
719376,Jeremy Hollowell,25.01.20_São José,3,19.7,1005,0,385,415,149,16,0,56,68,21,3,47,89,11,0,3,4,3,5,10,86,24/25
719433,Juan Arengo,25.01.20_São José,3,26.1,679,1,232,235,122,50,9,41,53,18,5,37,58,17,0,11,6,2,3,3,55,24/25
712072,Lucas Rodriguez,25.01.20_São José,3,4.1,6,0,4,0,0,0,0,0,4,0,0,0,4,0,0,10,0,0,0,0,11,24/25
719679,Luis Montero,25.01.20_São José,3,25.3,1348,2,426,616,213,36,9,72,103,30,6,63,116,28,0,1,4,4,7,9,93,24/25
719592,Scott Machado,25.01.20_São José,3,26.1,688,2,213,282,134,15,15,45,49,22,6,41,49,19,1,7,4,4,3,7,73,24/25
714226,Rafael Mineiro,25.01.20_São José,3,13.7,89,0,55,19,3,0,0,5,19,3,0,10,21,0,0,1,1,0,0,0,4,24/25
703343,Winicius Braga,25.01.20_São José,3,21.4,647,0,232,271,105,14,0,34,63,14,3,38,60,15,0,3,1,1,4,2,35,24/25
709501,Yuri Neptune,25.01.20_São José,3,26.0,972,2,267,352,226,80,11,41,78,24,3,33,76,25,0,11,1,3,4,5,61,24/25
692169,Alexandre Paranhos,25.01.20_São José,4,17.2,847,0,339,371,90,0,0,62,90,18,5,58,95,20,0,3,2,3,7,5,70,24/25
713851,Danilo Fuzaro,25.01.20_São José,4,26.8,1392,3,500,550,206,43,20,79,123,33,4,80,120,35,1,1,5,5,7,12,116,24/25
714249,Franco Baralle,25.01.20_São José,4,24.0,168,0,86,27,32,10,0,13,11,6,0,18,11,3,0,0,2,1,1,1,15,24/25
719376,Jeremy Hollowell,25.01.20_São José,4,9.5,45,0,29,8,0,0,0,4,12,1,0,6,9,0,0,15,3,2,1,0,30,24/25
719433,Juan Arengo,25.01.20_São José,4,27.6,1533,5,417,627,293,109,29,73,100,42,10,80,93,48,2,1,9,5,8,9,107,24/25
712072,Lucas Rodriguez,25.01.20_São José,4,14.7,300,0,159,91,18,0,0,20,53,7,0,31,51,4,0,14,3,1,1,0,27,24/25
719679,Luis Montero,25.01.20_São José,4,26.1,1596,2,554,690,193,76,13,118,136,28,7,95,151,30,1,0,4,5,8,14,123,24/25
719592,Scott Machado,25.01.20_São José,4,25.9,1078,3,390,342,182,97,12,78,87,21,7,77,72,30,0,8,3,5,8,6,92,24/25
714226,Rafael Mineiro,25.01.20_São José,4,6.7,84,0,66,3,0,0,0,6,26,0,0,6,26,0,0,1,0,0,0,0,1,24/25
703343,Winicius Braga,25.01.20_São José,4,19.5,818,0,323,387,63,5,0,36,77,20,3,38,93,17,0,10,11,3,3,4,72,24/25
709501,Yuri Neptune,25.01.20_São José,4,22.0,1442,0,448,570,312,57,0,67,106,30,5,58,103,36,0,5,8,5,5,8,95,24/25
692169,Alexandre Paranhos,25.01.22_Mogi,1,25.3,871,2,302,361,120,47,11,38,67,21,2,32,74,21,0,5,1,2,3,7,58,24/25
713851,Danilo Fuzaro,25.01.22_Mogi,1,26.9,712,1,214,242,149,57,14,36,60,16,7,27,55,23,2,1,13,1,2,7,68,24/25
714249,Franco Baralle,25.01.22_Mogi,1,19.2,781,0,332,323,80,3,0,49,68,18,1,54,51,23,0,2,2,2,5,4,55,24/25
719376,Jeremy Hollowell,25.01.22_Mogi,1,23.6,598,0,195,262,94,16,0,37,47,18,4,31,53,19,0,11,2,1,5,3,53,24/25
719433,Juan Arengo,25.01.22_Mogi,1,26.1,1091,4,348,400,183,87,25,47,104,21,6,50,100,28,0,5,2,2,5,5,61,24/25
712072,Lucas Rodriguez,25.01.22_Mogi,1,5.1,12,0,5,0,0,0,0,7,3,0,0,6,4,0,0,16,1,0,0,0,17,24/25
719679,Luis Montero,25.01.22_Mogi,1,26.0,946,3,325,342,142,76,14,52,84,21,5,55,84,25,0,2,7,2,2,9,75,24/25
719592,Scott Machado,25.01.22_Mogi,1,24.6,670,1,185,207,201,45,3,30,44,22,8,24,54,23,0,10,3,1,5,2,53,24/25
714226,Rafael Mineiro,25.01.22_Mogi,1,21.0,892,0,285,394,148,31,0,40,80,23,2,42,81,21,0,2,2,3,4,3,44,24/25
703343,Winicius Braga,25.01.22_Mogi,1,22.6,709,0,270,317,86,13,0,32,64,14,2,26,58,21,0,3,2,1,3,1,30,24/25
709501,Yuri Neptune,25.01.22_Mogi,1,22.8,766,0,289,281,119,37,0,47,69,15,7,38,74,22,0,5,2,2,2,3,39,24/25
692169,Alexandre Paranhos,25.01.22_Mogi,2,21.9,820,0,302,313,140,19,0,50,66,20,1,46,82,15,0,6,4,2,4,4,56,24/25
713851,Danilo Fuzaro,25.01.22_Mogi,2,26.0,1691,3,695,509,292,81,20,95,114,41,12,99,104,49,0,1,5,9,6,14,131,24/25
714249,Franco Baralle,25.01.22_Mogi,2,22.1,360,0,142,132,49,11,0,33,30,7,2,34,29,7,0,21,3,2,2,3,53,24/25
719376,Jeremy Hollowell,25.01.22_Mogi,2,25.6,1162,2,501,457,108,29,10,54,86,35,1,64,93,23,0,7,9,7,7,4,91,24/25
719433,Juan Arengo,25.01.22_Mogi,2,23.8,1069,0,431,329,197,42,0,69,97,24,5,72,96,24,0,9,11,7,7,1,83,24/25
712072,Lucas Rodriguez,25.01.22_Mogi,2,27.6,1576,5,474,523,353,129,31,80,114,30,19,75,114,44,1,4,6,8,5,8,98,24/25
719679,Luis Montero,25.01.22_Mogi,2,25.7,886,2,340,321,141,39,9,52,78,9,4,30,74,22,0,15,6,4,3,6,83,24/25
719592,Scott Machado,25.01.22_Mogi,2,3.6,13,0,4,0,0,0,0,6,3,0,0,8,3,0,0,8,0,0,0,0,9,24/25
714226,Rafael Mineiro,25.01.22_Mogi,2,17.6,381,0,179,123,52,0,0,21,40,11,1,21,47,6,0,6,3,1,3,0,28,24/25
703343,Winicius Braga,25.01.22_Mogi,2,20.4,915,0,372,383,112,9,0,45,80,22,2,47,85,18,0,10,9,5,5,0,64,24/25
709501,Yuri Neptune,25.01.22_Mogi,2,18.0,318,0,200,52,30,1,0,17,51,7,1,25,52,4,0,15,3,1,1,0,27,24/25
692169,Alexandre Paranhos,25.01.22_Mogi,3,20.7,774,0,251,329,131,30,0,39,67,21,6,43,74,20,0,8,2,1,3,7,61,24/25
713851,Danilo Fuzaro,25.01.22_Mogi,3,29.1,907,5,332,268,152,60,59,41,72,20,7,36,67,25,3,0,12,3,3,7,79,24/25
714249,Franco Baralle,25.01.22_Mogi,3,22.1,581,0,230,200,85,25,0,36,44,13,5,49,44,13,0,8,2,2,4,4,55,24/25
719376,Jeremy Hollowell,25.01.22_Mogi,3,22.2,794,0,326,324,77,23,0,41,62,26,3,47,88,12,0,6,6,4,5,4,71,24/25
719433,Juan Arengo,25.01.22_Mogi,3,24.3,882,1,295,338,136,66,3,47,76,24,4,54,62,28,0,9,3,4,5,4,66,24/25
712072,Lucas Rodriguez,25.01.22_Mogi,3,5.3,27,0,17,0,0,0,0,8,9,0,0,9,9,0,0,21,4,0,0,0,29,24/25
719679,Luis Montero,25.01.22_Mogi,3,25.6,1071,1,392,452,150,26,6,52,84,29,3,44,88,29,0,7,2,2,4,10,83,24/25
719592,Scott Machado,25.01.22_Mogi,3,28.9,891,1,248,374,183,32,16,49,60,22,10,45,58,31,0,8,6,2,5,4,67,24/25
714226,Rafael Mineiro,25.01.22_Mogi,3,17.4,811,0,331,343,96,0,0,42,72,20,6,39,89,15,0,2,2,5,4,1,45,24/25
703343,Winicius Braga,25.01.22_Mogi,3,26.0,587,1,239,227,73,5,12,31,71,10,3,31,65,16,0,6,2,3,3,1,36,24/25
709501,Yuri Neptune,25.01.22_Mogi,3,25.3,605,1,252,164,125,20,4,33,65,16,0,29,69,15,0,4,1,3,3,1,30,24/25
692169,Alexandre Paranhos,25.01.22_Mogi,4,21.1,1141,0,479,469,112,20,0,68,103,26,5,60,101,33,0,5,5,4,6,9,96,24/25
713851,Danilo Fuzaro,25.01.22_Mogi,4,26.9,1339,3,557,430,182,65,26,80,116,32,5,80,110,31,0,0,7,8,9,6,108,24/25
714249,Franco Baralle,25.01.22_Mogi,4,24.3,1296,1,601,410,161,27,3,98,106,21,10,101,95,31,0,0,5,7,9,9,116,24/25
719376,Jeremy Hollowell,25.01.22_Mogi,4,25.2,554,1,259,201,32,20,3,39,50,8,4,39,52,8,0,15,4,3,2,5,65,24/25
719433,Juan Arengo,25.01.22_Mogi,4,26.4,1312,2,610,412,154,37,20,75,111,27,3,76,112,17,1,2,7,9,10,4,102,24/25
712072,Lucas Rodriguez,25.01.22_Mogi,4,6.9,69,0,52,3,0,0,0,10,14,0,0,9,15,0,0,21,1,0,0,0,23,24/25
719679,Luis Montero,25.01.22_Mogi,4,23.9,1185,0,548,451,72,41,0,88,117,20,6,79,128,20,0,4,3,6,9,9,109,24/25
719592,Scott Machado,25.01.22_Mogi,4,25.6,414,1,165,147,64,17,3,17,28,11,2,25,25,10,0,11,2,2,3,0,37,24/25
714226,Rafael Mineiro,25.01.22_Mogi,4,16.3,367,0,207,104,27,0,0,18,60,4,0,28,50,6,0,7,1,1,3,0,24,24/25
703343,Winicius Braga,25.01.22_Mogi,4,6.8,101,0,81,4,0,0,0,10,18,2,0,12,20,0,0,6,0,0,0,0,6,24/25
709501,Yuri Neptune,25.01.22_Mogi,4,18.1,510,0,237,176,60,2,0,36,60,10,0,40,57,6,0,11,4,0,3,2,44,24/25
692169,Alexandre Paranhos,25.02.13_Corinthians,1,23.1,886,0,299,423,90,32,0,55,77,20,4,52,81,22,0,4,2,3,5,4,55,24/25
699682,Breno Leoterio,25.02.13_Corinthians,1,5.4,61,0,47,0,0,0,0,3,20,0,0,9,14,0,0,3,0,0,0,0,3,24/25
713851,Danilo Fuzaro,25.02.13_Corinthians,1,28.1,1312,7,382,432,256,138,51,71,92,27,7,58,81,35,3,0,3,5,5,9,87,24/25
713017,Fernando Fernandes,25.02.13_Corinthians,1,5.8,39,0,27,0,0,0,0,6,14,0,0,12,10,0,0,0,0,0,0,0,0,24/25
714249,Franco Baralle,25.02.13_Corinthians,1,20.2,797,0,308,321,96,15,0,55,71,16,2,68,66,11,0,7,3,3,5,4,62,24/25
719376,Jeremy Hollowell,25.02.13_Corinthians,1,20.8,1193,0,424,556,158,11,0,56,88,33,4,52,102,23,0,1,4,4,7,7,82,24/25
719433,Juan Arengo,25.02.13_Corinthians,1,27.0,829,2,230,341,159,46,19,46,64,20,6,36,66,21,1,6,2,1,3,3,41,24/25
712072,Lucas Rodriguez,25.02.13_Corinthians,1,26.6,474,3,121,162,91,57,22,27,32,9,5,29,37,10,0,6,0,0,1,2,23,24/25
719679,Luis Montero,25.02.13_Corinthians,1,25.3,1160,3,316,557,189,47,15,61,84,24,5,67,92,22,0,3,2,4,6,8,81,24/25
690902,Murilo Ferraz,25.02.13_Corinthians,1,6.3,34,0,20,0,0,0,0,8,12,0,0,8,13,0,0,5,0,0,0,0,5,24/25
703343,Winicius Braga,25.02.13_Corinthians,1,19.2,660,0,213,316,98,5,0,47,53,12,2,36,61,15,0,2,1,2,4,1,28,24/25
709501,Yuri Neptune,25.02.13_Corinthians,1,22.7,590,0,184,188,163,24,0,28,58,11,3,28,48,19,0,6,0,0,1,3,31,24/25
692169,Alexandre Paranhos,25.02.13_Corinthians,2,24.3,1104,1,394,505,115,29,2,69,93,28,6,65,105,32,0,5,3,3,9,3,74,24/25
699682,Breno Leoterio,25.02.13_Corinthians,2,4.5,30,0,21,0,0,0,0,3,17,0,0,5,15,0,0,0,0,0,0,0,0,24/25
713851,Danilo Fuzaro,25.02.13_Corinthians,2,22.1,1010,0,387,351,178,43,0,60,77,26,4,58,83,23,0,6,7,4,6,4,81,24/25
713017,Fernando Fernandes,25.02.13_Corinthians,2,5.3,38,0,25,0,0,0,0,4,15,0,0,5,15,0,0,0,0,0,0,0,0,24/25
714249,Franco Baralle,25.02.13_Corinthians,2,20.4,896,0,431,305,87,4,0,87,76,11,1,80,73,12,0,9,6,4,7,2,70,24/25
719376,Jeremy Hollowell,25.02.13_Corinthians,2,25.7,1156,1,393,496,161,55,3,61,96,28,6,55,101,27,1,5,4,4,6,9,94,24/25
719433,Juan Arengo,25.02.13_Corinthians,2,27.9,1348,3,435,474,255,85,48,70,95,27,11,58,93,40,1,8,6,4,4,7,80,24/25
712072,Lucas Rodriguez,25.02.13_Corinthians,2,26.0,760,3,215,225,202,75,13,31,57,15,9,40,52,22,0,16,3,2,3,5,63,24/25
719679,Luis Montero,25.02.13_Corinthians,2,26.2,682,2,272,283,66,15,18,52,49,10,6,32,70,9,1,12,6,3,4,3,65,24/25
690902,Murilo Ferraz,25.02.13_Corinthians,2,5.9,31,0,23,0,0,0,0,7,9,0,0,11,6,0,0,3,0,0,0,0,3,24/25
703343,Winicius Braga,25.02.13_Corinthians,2,17.5,402,0,130,204,53,0,0,15,44,8,1,21,42,10,0,11,1,1,2,1,31,24/25
709501,Yuri Neptune,25.02.13_Corinthians,2,22.8,1020,0,302,402,232,41,0,63,83,23,4,61,69,30,0,10,5,3,3,8,79,24/25
692169,Alexandre Paranhos,25.02.13_Corinthians,3,24.0,960,0,359,419,93,50,0,70,80,18,5,53,81,27,0,2,2,1,4,7,61,24/25
699682,Breno Leoterio,25.02.13_Corinthians,3,5.4,29,0,19,0,0,0,0,4,12,0,0,7,11,0,0,0,0,0,0,0,0,24/25
713851,Danilo Fuzaro,25.02.13_Corinthians,3,26.2,1158,4,371,421,241,56,19,70,92,26,5,60,78,37,2,1,4,3,2,11,80,24/25
713017,Fernando Fernandes,25.02.13_Corinthians,3,5.3,27,0,16,0,0,0,0,6,11,0,0,9,10,0,0,0,0,0,0,0,0,24/25
714249,Franco Baralle,25.02.13_Corinthians,3,22.3,1188,0,375,521,213,17,0,74,88,25,4,74,84,29,0,3,3,2,4,10,77,24/25
719376,Jeremy Hollowell,25.02.13_Corinthians,3,26.0,1195,2,391,476,224,48,13,61,98,27,6,56,103,27,0,1,3,2,2,12,83,24/25
719433,Juan Arengo,25.02.13_Corinthians,3,26.1,900,4,278,315,152,91,27,52,60,12,8,48,69,19,0,6,4,3,4,3,55,24/25
712072,Lucas Rodriguez,25.02.13_Corinthians,3,26.8,268,2,103,62,43,20,18,13,33,6,3,16,34,7,0,13,3,1,1,0,27,24/25
719679,Luis Montero,25.02.13_Corinthians,3,27.6,976,4,346,372,155,48,24,48,77,20,7,45,73,24,2,4,4,2,4,7,68,24/25
690902,Murilo Ferraz,25.02.13_Corinthians,3,4.1,20,0,10,0,0,0,0,5,10,0,0,6,10,0,0,2,0,0,0,0,2,24/25
703343,Winicius Braga,25.02.13_Corinthians,3,19.5,408,0,131,204,42,10,0,24,46,8,1,23,48,8,0,3,1,1,3,0,21,24/25
709501,Yuri Neptune,25.02.13_Corinthians,3,26.1,458,1,127,176,89,27,12,39,38,10,1,19,42,12,0,5,0,1,4,0,25,24/25
692169,Alexandre Paranhos,25.02.13_Corinthians,4,23.8,863,0,334,327,106,57,0,35,76,20,2,54,71,15,1,4,3,2,5,3,51,24/25
699682,Breno Leoterio,25.02.13_Corinthians,4,6.3,74,0,56,1,0,0,0,11,20,0,0,12,19,0,0,0,0,0,0,0,0,24/25
713851,Danilo Fuzaro,25.02.13_Corinthians,4,26.1,1338,3,535,416,213,84,20,77,112,39,5,69,101,44,1,2,10,6,8,6,104,24/25
713017,Fernando Fernandes,25.02.13_Corinthians,4,5.9,106,0,72,0,0,0,0,22,29,0,0,25,25,1,0,0,0,0,0,0,0,24/25
714249,Franco Baralle,25.02.13_Corinthians,4,20.4,1257,0,553,402,193,31,0,79,112,28,5,95,101,31,0,8,7,5,7,6,94,24/25
719376,Jeremy Hollowell,25.02.13_Corinthians,4,26.0,1000,2,368,397,141,40,15,53,72,20,4,46,83,21,0,5,4,3,4,5,65,24/25
719433,Juan Arengo,25.02.13_Corinthians,4,28.4,1963,5,716,596,352,156,49,87,150,50,13,81,159,43,1,1,8,8,5,10,114,24/25
712072,Lucas Rodriguez,25.02.13_Corinthians,4,23.9,379,0,148,112,66,21,0,30,48,8,2,30,43,7,0,18,3,2,2,1,44,24/25
719679,Luis Montero,25.02.13_Corinthians,4,26.5,706,1,331,219,67,37,15,32,61,14,5,41,65,13,0,13,9,4,3,2,65,24/25
690902,Murilo Ferraz,25.02.13_Corinthians,4,6.3,58,0,37,1,0,0,0,7,25,0,0,16,19,0,0,1,0,0,0,0,1,24/25
703343,Winicius Braga,25.02.13_Corinthians,4,20.5,760,0,258,357,96,15,0,43,70,16,4,29,77,21,0,14,4,1,4,3,58,24/25
709501,Yuri Neptune,25.02.13_Corinthians,4,21.3,289,0,84,92,76,22,0,16,22,4,3,15,25,6,0,10,3,1,1,2,35,24/25
692169,Alexandre Paranhos,25.02.15_Pinheiros,1,23.0,1007,0,275,507,158,29,0,62,79,21,4,62,83,21,0,3,1,2,7,3,52,24/25
713851,Danilo Fuzaro,25.02.15_Pinheiros,1,26.0,1459,2,525,511,286,62,13,66,118,28,8,63,91,48,0,0,2,3,4,13,92,24/25
713017,Fernando Fernandes,25.02.15_Pinheiros,1,24.4,348,1,139,106,55,21,3,15,43,7,0,20,44,6,0,2,1,1,2,0,16,24/25
714249,Franco Baralle,25.02.15_Pinheiros,1,24.7,894,1,324,347,135,35,3,64,64,21,3,73,57,22,0,4,2,3,6,2,50,24/25
719376,Jeremy Hollowell,25.02.15_Pinheiros,1,24.5,1137,1,403,507,142,36,3,58,100,24,2,52,97,26,0,2,4,3,6,6,75,24/25
719433,Juan Arengo,25.02.15_Pinheiros,1,23.9,854,0,314,329,104,49,0,37,86,26,8,55,82,23,1,3,2,3,5,2,46,24/25
712072,Lucas Rodriguez,25.02.15_Pinheiros,1,26.1,837,3,282,253,159,88,14,36,78,18,11,42,73,28,1,4,0,2,3,4,44,24/25
719679,Luis Montero,25.02.15_Pinheiros,1,26.0,1094,2,334,495,171,45,9,78,77,21,8,54,89,26,0,3,2,2,5,9,80,24/25
690902,Murilo Ferraz,25.02.15_Pinheiros,1,8.9,42,0,27,1,0,0,0,3,19,1,0,4,19,0,0,9,1,0,0,0,10,24/25
703342,Vinci Oliveira,25.02.15_Pinheiros,1,6.6,52,0,41,1,0,0,0,0,23,2,0,1,25,0,0,12,0,0,0,0,12,24/25
703343,Winicius Braga,25.02.15_Pinheiros,1,19.7,652,0,260,266,91,7,0,47,49,14,3,32,56,13,0,3,1,3,3,1,31,24/25
692169,Alexandre Paranhos,25.02.15_Pinheiros,2,25.7,1176,3,372,507,169,64,16,58,94,29,9,56,96,35,1,4,2,3,5,6,63,24/25
713851,Danilo Fuzaro,25.02.15_Pinheiros,2,26.8,1230,4,410,426,223,74,39,61,98,29,7,55,98,31,3,0,7,4,5,7,83,24/25
713017,Fernando Fernandes,25.02.15_Pinheiros,2,5.2,46,0,28,0,0,0,0,6,25,0,0,9,22,0,0,3,0,0,0,0,3,24/25
714249,Franco Baralle,25.02.15_Pinheiros,2,22.0,1329,0,575,506,146,35,0,84,98,22,6,75,95,25,0,3,5,5,6,5,77,24/25
719376,Jeremy Hollowell,25.02.15_Pinheiros,2,21.0,736,0,348,261,71,14,0,43,79,10,1,56,79,10,0,5,5,4,4,3,60,24/25
719433,Juan Arengo,25.02.15_Pinheiros,2,27.2,1227,2,366,485,237,72,18,67,87,31,8,68,85,27,1,6,5,3,5,6,71,24/25
712072,Lucas Rodriguez,25.02.15_Pinheiros,2,22.2,130,0,44,55,8,5,0,12,24,3,0,13,25,1,0,19,3,0,1,0,28,24/25
719679,Luis Montero,25.02.15_Pinheiros,2,26.0,1113,1,411,467,150,26,8,77,94,28,4,65,109,25,0,4,2,5,3,10,85,24/25
690902,Murilo Ferraz,25.02.15_Pinheiros,2,5.4,45,0,30,0,0,0,0,7,16,0,0,10,15,0,0,2,0,0,0,0,2,24/25
703342,Vinci Oliveira,25.02.15_Pinheiros,2,7.0,42,0,30,2,0,0,0,2,18,1,0,3,18,0,0,1,0,0,0,0,1,24/25
703343,Winicius Braga,25.02.15_Pinheiros,2,18.2,308,0,76,167,57,1,0,22,22,5,3,16,23,4,0,11,0,1,1,1,27,24/25
692169,Alexandre Paranhos,25.02.15_Pinheiros,3,19.9,396,0,125,193,58,4,0,22,36,10,1,15,39,8,0,2,1,1,2,2,26,24/25
713851,Danilo Fuzaro,25.02.15_Pinheiros,3,26.7,1290,3,440,504,166,89,31,61,102,32,6,67,98,33,1,0,3,2,3,14,93,24/25
713017,Fernando Fernandes,25.02.15_Pinheiros,3,5.4,32,0,20,0,0,0,0,6,15,0,0,8,14,0,0,0,0,0,0,0,0,24/25
714249,Franco Baralle,25.02.15_Pinheiros,3,20.3,1025,0,450,385,123,14,0,46,98,17,5,68,75,29,0,2,3,2,6,3,54,24/25
719376,Jeremy Hollowell,25.02.15_Pinheiros,3,22.7,1081,0,368,526,113,23,0,66,84,36,2,63,113,15,0,2,4,4,5,5,70,24/25
719433,Juan Arengo,25.02.15_Pinheiros,3,26.0,964,2,312,357,172,52,13,60,75,27,7,64,85,23,0,5,4,5,4,3,60,24/25
712072,Lucas Rodriguez,25.02.15_Pinheiros,3,26.2,880,3,269,320,143,93,14,44,68,20,10,38,76,23,0,7,2,2,3,4,51,24/25
719679,Luis Montero,25.02.15_Pinheiros,3,26.1,807,2,321,315,87,27,14,57,75,21,5,39,86,21,0,8,2,1,4,6,61,24/25
690902,Murilo Ferraz,25.02.15_Pinheiros,3,6.8,34,0,21,1,0,0,0,2,17,1,0,5,16,0,0,3,0,0,0,0,3,24/25
703342,Vinci Oliveira,25.02.15_Pinheiros,3,7.3,52,0,35,7,0,0,0,2,19,2,0,7,20,0,0,1,0,0,0,0,1,24/25
703343,Winicius Braga,25.02.15_Pinheiros,3,23.5,776,0,285,312,118,26,0,46,68,20,8,43,76,21,0,2,1,2,5,2,40,24/25
692169,Alexandre Paranhos,25.02.15_Pinheiros,4,4.5,25,0,13,0,0,0,0,7,14,0,0,8,14,0,0,1,0,0,0,0,1,24/25
713851,Danilo Fuzaro,25.02.15_Pinheiros,4,23.7,1363,0,384,565,267,96,0,66,107,37,4,53,99,42,1,0,1,6,4,13,101,24/25
713017,Fernando Fernandes,25.02.15_Pinheiros,4,6.2,72,0,47,1,0,0,0,5,37,0,0,13,31,0,0,0,0,0,0,0,0,24/25
714249,Franco Baralle,25.02.15_Pinheiros,4,7.3,68,0,47,3,0,0,0,11,15,0,0,16,9,0,0,10,0,0,0,0,10,24/25
719376,Jeremy Hollowell,25.02.15_Pinheiros,4,19.9,1101,0,374,534,136,10,0,63,83,36,2,63,94,24,0,4,4,4,5,7,80,24/25
719433,Juan Arengo,25.02.15_Pinheiros,4,26.2,1371,3,418,591,247,40,22,74,90,43,8,67,96,35,1,0,6,5,4,8,86,24/25
712072,Lucas Rodriguez,25.02.15_Pinheiros,4,27.2,1568,6,402,583,326,144,59,74,106,50,16,73,107,57,0,0,3,7,5,9,92,24/25
719679,Luis Montero,25.02.15_Pinheiros,4,10.6,129,0,81,27,0,0,0,9,30,3,0,15,28,1,0,17,1,0,0,0,19,24/25
690902,Murilo Ferraz,25.02.15_Pinheiros,4,5.2,58,0,38,0,0,0,0,9,24,0,0,9,24,0,0,4,0,0,0,0,4,24/25
703342,Vinci Oliveira,25.02.15_Pinheiros,4,7.5,48,0,34,3,0,0,0,5,21,2,0,4,24,0,0,0,0,0,0,0,0,24/25
703343,Winicius Braga,25.02.15_Pinheiros,4,22.2,1385,0,452,706,160,24,0,72,127,28,6,73,113,39,0,2,6,3,5,8,83,24/25
692169,Alexandre Paranhos,25.02.28_Fortaleza,1,20.3,853,0,285,411,114,9,0,57,74,20,3,48,84,16,0,6,2,2,7,1,52,24/25
699682,Breno Leoterio,25.02.28_Fortaleza,1,23.1,270,0,100,88,34,25,0,10,37,8,1,23,32,8,0,13,2,1,2,0,28,24/25
713851,Danilo Fuzaro,25.02.28_Fortaleza,1,26.1,1300,1,441,481,229,65,9,68,110,43,3,82,104,33,0,0,2,4,8,6,80,24/25
713017,Fernando Fernandes,25.02.28_Fortaleza,1,25.6,292,3,90,100,46,31,10,11,32,5,2,10,33,6,1,2,1,1,2,0,13,24/25
714249,Franco Baralle,25.02.28_Fortaleza,1,24.1,1128,1,368,485,174,40,1,79,81,29,3,87,79,26,0,3,2,3,8,5,72,24/25
719376,Jeremy Hollowell,25.02.28_Fortaleza,1,21.7,985,0,327,481,117,19,0,52,81,30,2,66,76,24,0,3,3,3,8,4,68,24/25
719433,Juan Arengo,25.02.28_Fortaleza,1,26.0,1377,3,411,592,234,71,13,81,100,34,9,71,118,30,0,0,3,3,8,6,79,24/25
712072,Lucas Rodriguez,25.02.28_Fortaleza,1,26.1,794,2,205,302,163,67,23,35,62,23,2,41,64,21,0,8,1,3,5,1,43,24/25
690902,Murilo Ferraz,25.02.28_Fortaleza,1,5.0,28,0,19,0,0,0,0,2,17,0,0,3,16,0,0,10,0,0,0,0,10,24/25
703343,Winicius Braga,25.02.28_Fortaleza,1,22.1,607,0,156,340,85,6,0,30,59,13,1,20,63,15,0,1,1,2,4,1,30,24/25
692169,Alexandre Paranhos,25.02.28_Fortaleza,2,22.5,1207,0,555,461,103,12,0,84,123,22,2,87,124,18,0,2,7,8,8,2,83,24/25
699682,Breno Leoterio,25.02.28_Fortaleza,2,6.0,113,0,85,0,0,0,0,17,34,0,0,21,31,0,0,17,0,0,0,0,17,24/25
713851,Danilo Fuzaro,25.02.28_Fortaleza,2,26.0,1444,3,625,482,175,76,18,76,118,24,6,83,103,29,1,2,10,7,8,6,105,24/25
713017,Fernando Fernandes,25.02.28_Fortaleza,2,26.0,537,2,146,202,116,32,11,33,53,11,1,27,52,16,0,8,1,1,2,2,28,24/25
714249,Franco Baralle,25.02.28_Fortaleza,2,23.4,1005,0,440,355,117,25,0,84,81,18,2,90,63,23,0,9,10,7,6,2,82,24/25
719376,Jeremy Hollowell,25.02.28_Fortaleza,2,24.8,1334,1,545,554,140,19,5,69,123,31,4,79,126,31,0,0,6,5,12,10,126,24/25
719433,Juan Arengo,25.02.28_Fortaleza,2,27.5,1719,3,690,586,254,70,33,87,133,26,9,100,144,25,0,0,8,9,14,3,111,24/25
712072,Lucas Rodriguez,25.02.28_Fortaleza,2,26.1,949,3,300,311,186,89,25,44,80,21,8,45,74,25,0,16,8,2,5,2,67,24/25
690902,Murilo Ferraz,25.02.28_Fortaleza,2,26.0,444,1,179,140,52,4,14,48,63,10,2,44,64,12,0,9,2,3,5,0,39,24/25
703343,Winicius Braga,25.02.28_Fortaleza,2,23.7,772,0,226,365,123,26,0,37,59,22,2,43,69,13,0,13,4,3,5,2,58,24/25
692169,Alexandre Paranhos,25.02.28_Fortaleza,3,22.9,1038,0,395,480,91,20,0,69,92,24,0,55,96,25,0,2,2,3,4,8,73,24/25
699682,Breno Leoterio,25.02.28_Fortaleza,3,5.3,72,0,59,0,0,0,0,3,24,0,0,3,24,0,0,2,0,0,0,0,2,24/25
713851,Danilo Fuzaro,25.02.28_Fortaleza,3,26.0,1441,2,489,555,261,70,12,76,104,42,4,54,109,41,0,0,0,3,5,11,84,24/25
713017,Fernando Fernandes,25.02.28_Fortaleza,3,4.9,59,0,41,0,0,0,0,11,21,0,0,13,18,0,0,2,0,0,0,0,2,24/25
714249,Franco Baralle,25.02.28_Fortaleza,3,21.0,1075,0,448,385,175,23,0,61,82,19,2,68,68,24,0,3,3,3,4,6,66,24/25
719376,Jeremy Hollowell,25.02.28_Fortaleza,3,22.0,825,0,330,374,71,15,0,53,60,22,3,53,63,19,0,2,6,2,4,6,64,24/25
719433,Juan Arengo,25.02.28_Fortaleza,3,26.0,1598,3,463,656,325,94,16,86,117,27,11,63,115,38,2,0,0,2,5,13,88,24/25
712072,Lucas Rodriguez,25.02.28_Fortaleza,3,23.7,414,0,132,174,77,14,0,21,31,12,2,17,39,10,0,13,2,1,2,1,30,24/25
690902,Murilo Ferraz,25.02.28_Fortaleza,3,4.4,26,0,17,0,0,0,0,3,14,0,0,5,12,0,0,2,0,0,0,0,2,24/25
703343,Winicius Braga,25.02.28_Fortaleza,3,19.3,737,0,238,382,89,6,0,52,50,14,2,37,66,13,0,1,1,3,4,2,36,24/25
692169,Alexandre Paranhos,25.02.28_Fortaleza,4,20.1,1073,0,494,431,71,8,0,71,109,23,3,64,126,13,0,9,5,6,8,2,81,24/25
699682,Breno Leoterio,25.02.28_Fortaleza,4,5.4,110,0,88,0,0,0,0,9,32,0,0,12,28,0,0,1,0,0,0,0,1,24/25
713851,Danilo Fuzaro,25.02.28_Fortaleza,4,25.2,1638,2,744,520,210,65,9,92,137,20,7,96,132,23,0,0,4,8,11,9,122,24/25
713017,Fernando Fernandes,25.02.28_Fortaleza,4,5.4,71,0,52,0,0,0,0,8,27,0,0,12,23,0,0,0,0,0,0,0,0,24/25
714249,Franco Baralle,25.02.28_Fortaleza,4,26.6,1528,1,707,527,160,18,11,104,136,24,2,120,116,25,0,3,7,10,10,3,98,24/25
719376,Jeremy Hollowell,25.02.28_Fortaleza,4,21.5,1421,0,592,685,60,8,0,123,107,31,3,122,128,18,0,1,5,7,14,6,116,24/25
719433,Juan Arengo,25.02.28_Fortaleza,4,26.7,1679,1,740,580,187,75,13,82,146,32,8,89,146,26,1,0,4,11,9,8,117,24/25
712072,Lucas Rodriguez,25.02.28_Fortaleza,4,26.5,1054,4,322,329,263,65,27,61,80,31,10,49,89,32,1,10,11,1,4,6,80,24/25
690902,Murilo Ferraz,25.02.28_Fortaleza,4,4.6,58,0,36,0,0,0,0,10,24,0,0,14,20,0,0,2,0,0,0,0,2,24/25
703343,Winicius Braga,25.02.28_Fortaleza,4,15.3,485,0,226,214,18,0,0,36,50,11,1,22,65,7,0,15,1,1,4,1,43,24/25
692169,Alexandre Paranhos,25.03.03_Unifacisa,1,19.8,867,0,287,421,109,18,0,50,58,30,4,47,68,28,0,4,1,2,5,4,52,24/25
699682,Breno Leoterio,25.03.03_Unifacisa,1,6.1,42,0,27,1,0,0,0,1,28,0,0,4,28,0,0,14,0,0,0,0,15,24/25
713851,Danilo Fuzaro,25.03.03_Unifacisa,1,21.9,1061,0,341,425,189,58,0,60,92,20,4,59,84,26,0,0,3,3,5,5,62,24/25
713017,Fernando Fernandes,25.03.03_Unifacisa,1,5.2,34,0,20,0,0,0,0,7,22,0,0,5,24,0,0,1,0,0,0,0,1,24/25
714249,Franco Baralle,25.03.03_Unifacisa,1,22.5,1105,0,361,493,142,43,0,81,86,26,5,81,76,25,0,0,1,3,3,9,70,24/25
719376,Jeremy Hollowell,25.03.03_Unifacisa,1,18.2,910,0,260,511,105,4,0,65,70,24,0,62,85,15,0,3,2,3,4,5,54,24/25
719433,Juan Arengo,25.03.03_Unifacisa,1,23.0,888,0,257,381,151,69,0,47,63,17,4,50,65,16,0,3,4,2,3,5,53,24/25
712072,Lucas Rodriguez,25.03.03_Unifacisa,1,25.7,591,1,162,248,104,49,3,24,45,17,5,34,52,17,0,7,2,1,2,3,38,24/25
690902,Murilo Ferraz,25.03.03_Unifacisa,1,4.8,18,0,11,0,0,0,0,1,16,0,0,1,16,0,0,4,0,0,0,0,4,24/25
714226,Rafael Mineiro,25.03.03_Unifacisa,1,20.0,466,0,160,202,72,12,0,38,37,11,2,29,46,11,0,2,2,2,2,1,22,24/25
703343,Winicius Braga,25.03.03_Unifacisa,1,17.4,339,0,105,176,43,0,0,16,31,13,2,18,38,8,0,3,1,0,1,1,15,24/25
692169,Alexandre Paranhos,25.03.03_Unifacisa,2,26.0,1190,2,451,456,161,36,18,63,116,30,7,67,133,28,0,10,6,4,9,3,87,24/25
699682,Breno Leoterio,25.03.03_Unifacisa,2,5.8,76,0,56,0,0,0,0,15,28,0,0,16,28,0,0,5,0,0,0,0,5,24/25
713851,Danilo Fuzaro,25.03.03_Unifacisa,2,26.4,1515,2,628,477,253,40,20,97,136,33,6,102,119,32,2,1,13,7,10,5,111,24/25
713017,Fernando Fernandes,25.03.03_Unifacisa,2,6.7,39,0,21,1,0,0,0,5,23,0,0,9,20,0,0,0,0,0,0,0,0,24/25
714249,Franco Baralle,25.03.03_Unifacisa,2,22.2,1201,0,545,413,140,19,0,94,102,21,5,99,87,27,0,7,10,6,8,4,99,24/25
719376,Jeremy Hollowell,25.03.03_Unifacisa,2,25.6,1102,1,442,441,127,31,4,70,109,21,6,71,113,17,0,7,9,5,7,7,101,24/25
719433,Juan Arengo,25.03.03_Unifacisa,2,26.7,1077,3,396,358,156,68,42,57,82,31,7,62,81,27,2,13,9,5,4,5,85,24/25
712072,Lucas Rodriguez,25.03.03_Unifacisa,2,19.8,185,0,50,66,55,4,0,7,16,7,2,11,20,5,0,22,11,0,0,2,55,24/25
690902,Murilo Ferraz,25.03.03_Unifacisa,2,5.4,26,0,17,0,0,0,0,8,7,0,0,6,9,0,0,8,0,0,0,0,8,24/25
714226,Rafael Mineiro,25.03.03_Unifacisa,2,20.1,1090,0,395,461,157,27,0,62,91,23,7,49,100,26,0,12,5,4,7,2,74,24/25
703343,Winicius Braga,25.03.03_Unifacisa,2,19.1,936,0,350,409,123,10,0,49,101,13,5,37,114,14,0,14,8,3,5,4,79,24/25
692169,Alexandre Paranhos,25.03.03_Unifacisa,3,22.8,989,0,417,363,109,39,0,62,110,21,5,60,107,31,0,10,2,2,8,6,79,24/25
699682,Breno Leoterio,25.03.03_Unifacisa,3,5.7,56,0,36,0,0,0,0,3,34,0,0,8,31,0,0,5,0,0,0,0,5,24/25
713851,Danilo Fuzaro,25.03.03_Unifacisa,3,26.9,1418,4,528,469,239,67,38,80,112,29,8,79,104,37,0,0,6,5,7,9,103,24/25
713017,Fernando Fernandes,25.03.03_Unifacisa,3,6.1,67,0,43,0,0,0,0,9,38,0,0,11,36,0,0,0,0,0,0,0,0,24/25
714249,Franco Baralle,25.03.03_Unifacisa,3,19.6,1248,0,496,496,170,10,0,72,112,29,7,76,107,33,0,5,5,4,7,6,89,24/25
719376,Jeremy Hollowell,25.03.03_Unifacisa,3,26.0,1117,2,506,415,92,30,18,65,88,29,7,54,108,23,0,7,4,4,10,3,82,24/25
719433,Juan Arengo,25.03.03_Unifacisa,3,28.4,739,2,272,227,109,72,18,37,63,19,1,44,65,15,1,11,8,3,3,3,63,24/25
712072,Lucas Rodriguez,25.03.03_Unifacisa,3,27.6,591,4,170,197,110,43,39,25,55,12,3,27,50,12,3,16,4,2,4,3,57,24/25
690902,Murilo Ferraz,25.03.03_Unifacisa,3,4.3,20,0,9,0,0,0,0,7,11,0,0,8,10,0,0,3,1,0,0,0,4,24/25
714226,Rafael Mineiro,25.03.03_Unifacisa,3,26.0,1548,2,633,624,153,58,12,97,141,35,11,86,155,32,1,2,2,6,12,5,100,24/25
703343,Winicius Braga,25.03.03_Unifacisa,3,21.4,735,0,253,306,113,24,0,38,72,16,3,40,73,16,0,5,3,2,4,3,46,24/25
692169,Alexandre Paranhos,25.03.03_Unifacisa,4,26.0,1521,1,670,569,159,26,11,92,131,33,5,85,149,28,0,8,8,6,9,6,110,24/25
699682,Breno Leoterio,25.03.03_Unifacisa,4,11.5,124,0,85,10,0,0,0,11,40,1,1,11,43,2,0,1,0,0,0,0,2,24/25
713851,Danilo Fuzaro,25.03.03_Unifacisa,4,25.2,1325,3,584,362,180,87,7,104,121,32,9,103,104,35,0,2,13,9,11,5,120,24/25
713017,Fernando Fernandes,25.03.03_Unifacisa,4,11.3,109,0,71,8,0,0,0,14,38,1,1,19,37,1,0,0,0,0,0,0,0,24/25
714249,Franco Baralle,25.03.03_Unifacisa,4,22.6,1591,0,655,533,248,49,0,100,134,33,5,126,110,31,0,5,11,6,9,8,121,24/25
719376,Jeremy Hollowell,25.03.03_Unifacisa,4,22.8,1550,0,606,636,191,38,0,98,123,30,6,87,141,28,0,1,8,11,11,5,121,24/25
719433,Juan Arengo,25.03.03_Unifacisa,4,27.4,1856,4,691,655,300,93,32,99,132,36,14,94,120,47,3,2,7,13,9,8,130,24/25
712072,Lucas Rodriguez,25.03.03_Unifacisa,4,8.8,83,0,54,10,0,0,0,8,25,0,0,15,22,0,0,29,9,0,0,0,48,24/25
690902,Murilo Ferraz,25.03.03_Unifacisa,4,7.2,67,0,40,4,0,0,0,12,28,2,0,12,32,1,0,4,0,0,0,0,4,24/25
714226,Rafael Mineiro,25.03.03_Unifacisa,4,23.5,1057,0,445,400,115,39,0,62,97,17,9,57,116,18,0,14,10,5,5,4,91,24/25
703343,Winicius Braga,25.03.03_Unifacisa,4,16.0,300,0,98,135,48,0,0,21,41,6,1,21,45,5,0,28,4,1,2,1,51,24/25
692169,Alexandre Paranhos,25.03.19_Flamengo,1,23.8,1219,0,410,564,149,50,0,62,81,34,8,69,99,25,0,0,0,1,8,8,72,24/25
699682,Breno Leoterio,25.03.19_Flamengo,1,5.8,39,0,24,0,0,0,0,6,22,0,0,6,21,1,0,7,1,1,0,1,16,24/25
713851,Danilo Fuzaro,25.03.19_Flamengo,1,26.1,1027,2,323,406,188,61,9,63,76,26,9,40,79,38,1,0,4,1,3,9,66,24/25
713017,Fernando Fernandes,25.03.19_Flamengo,1,5.5,45,0,27,0,0,0,0,5,32,0,0,6,31,0,0,0,0,0,0,0,0,24/25
719376,Jeremy Hollowell,25.03.19_Flamengo,1,26.1,1127,2,385,537,127,21,13,59,81,27,6,58,99,25,0,0,1,3,6,6,66,24/25
719433,Juan Arengo,25.03.19_Flamengo,1,28.9,1468,1,434,582,287,93,18,92,84,35,9,72,90,40,1,0,0,1,4,11,76,24/25
712072,Lucas Rodriguez,25.03.19_Flamengo,1,21.2,435,0,131,130,122,25,0,17,47,12,2,19,45,17,0,6,2,0,2,2,29,24/25
719592,Scott Machado,25.03.19_Flamengo,1,25.3,1062,2,355,318,262,85,8,42,67,23,12,56,63,34,1,0,4,1,4,8,65,24/25
690902,Murilo Ferraz,25.03.19_Flamengo,1,5.9,48,0,35,0,0,0,0,5,26,0,0,6,25,0,0,8,0,0,0,0,8,24/25
714226,Rafael Mineiro,25.03.19_Flamengo,1,19.0,520,0,154,230,102,15,0,35,38,13,0,29,48,8,0,1,1,2,3,1,24,24/25
703343,Winicius Braga,25.03.19_Flamengo,1,5.0,3,0,2,0,0,0,0,1,1,0,0,1,0,0,0,4,0,0,0,0,4,24/25
692169,Alexandre Paranhos,25.03.19_Flamengo,2,21.7,657,0,256,287,70,5,0,38,63,18,3,44,74,9,0,12,2,2,5,3,58,24/25
699682,Breno Leoterio,25.03.19_Flamengo,2,5.2,74,0,51,0,0,0,0,8,34,0,0,11,34,0,0,3,0,0,0,0,3,24/25
713851,Danilo Fuzaro,25.03.19_Flamengo,2,26.1,959,2,309,342,170,80,15,45,85,24,2,42,77,28,1,1,13,4,4,5,77,24/25
713017,Fernando Fernandes,25.03.19_Flamengo,2,15.8,168,0,107,15,10,0,0,13,46,1,0,23,37,1,0,1,1,1,0,0,4,24/25
719376,Jeremy Hollowell,25.03.19_Flamengo,2,19.9,751,0,304,319,81,9,0,43,73,13,1,43,69,16,0,7,5,3,5,5,74,24/25
719433,Juan Arengo,25.03.19_Flamengo,2,26.2,1253,2,438,456,209,78,19,73,86,33,7,58,89,34,0,1,7,6,4,8,91,24/25
712072,Lucas Rodriguez,25.03.19_Flamengo,2,26.5,830,3,217,319,177,68,17,43,50,27,11,36,66,21,2,5,10,2,3,5,71,24/25
719592,Scott Machado,25.03.19_Flamengo,2,25.4,1463,3,502,529,274,82,8,80,108,35,14,84,109,38,1,0,1,8,8,9,102,24/25
690902,Murilo Ferraz,25.03.19_Flamengo,2,7.0,97,0,61,2,0,0,0,21,29,2,0,26,27,1,0,5,0,0,0,0,5,24/25
714226,Rafael Mineiro,25.03.19_Flamengo,2,24.5,1114,1,396,462,170,34,2,56,104,33,7,44,119,25,0,9,4,4,5,0,49,24/25
703343,Winicius Braga,25.03.19_Flamengo,2,23.2,883,0,289,377,151,36,0,40,77,21,5,39,82,19,0,9,4,2,5,3,56,24/25
692169,Alexandre Paranhos,25.03.19_Flamengo,3,21.1,831,0,288,410,80,15,0,49,71,25,1,53,77,20,0,4,1,2,7,5,64,24/25
699682,Breno Leoterio,25.03.19_Flamengo,3,6.0,37,0,22,0,0,0,0,7,17,1,0,7,18,0,0,2,0,0,0,0,2,24/25
713851,Danilo Fuzaro,25.03.19_Flamengo,3,26.0,1085,1,356,440,181,50,7,70,87,30,3,61,79,31,0,0,4,5,6,8,83,24/25
713017,Fernando Fernandes,25.03.19_Flamengo,3,5.0,26,0,16,0,0,0,0,4,15,0,0,8,12,0,0,0,0,0,0,0,0,24/25
719376,Jeremy Hollowell,25.03.19_Flamengo,3,19.8,1132,0,396,555,124,14,0,60,92,25,5,57,96,20,0,3,2,4,10,2,70,24/25
719433,Juan Arengo,25.03.19_Flamengo,3,26.5,1585,7,503,563,301,100,49,76,100,43,9,77,105,43,2,0,1,3,5,12,95,24/25
712072,Lucas Rodriguez,25.03.19_Flamengo,3,26.7,739,2,221,245,164,46,27,33,62,16,7,44,61,16,2,10,3,3,3,3,52,24/25
719592,Scott Machado,25.03.19_Flamengo,3,26.0,1073,1,341,442,185,46,11,61,87,27,7,45,84,37,0,3,4,3,10,2,70,24/25
690902,Murilo Ferraz,25.03.19_Flamengo,3,6.1,31,0,18,0,0,0,0,9,15,0,0,9,15,0,0,2,0,0,0,0,2,24/25
714226,Rafael Mineiro,25.03.19_Flamengo,3,20.0,630,0,238,302,52,7,0,42,63,10,3,31,65,14,0,5,1,2,6,0,36,24/25
703343,Winicius Braga,25.03.19_Flamengo,3,22.1,548,0,199,230,72,23,0,31,43,15,5,21,54,17,0,5,0,1,5,1,35,24/25
692169,Alexandre Paranhos,25.03.19_Flamengo,4,20.3,592,0,259,252,44,5,0,34,57,12,2,48,59,9,0,6,2,1,5,0,33,24/25
699682,Breno Leoterio,25.03.19_Flamengo,4,5.5,52,0,37,0,0,0,0,6,18,0,0,9,18,0,0,2,0,0,0,0,2,24/25
713851,Danilo Fuzaro,25.03.19_Flamengo,4,25.9,1272,1,500,405,230,77,5,70,102,27,10,64,106,34,0,0,2,6,6,8,90,24/25
713017,Fernando Fernandes,25.03.19_Flamengo,4,26.3,184,1,70,43,27,18,10,10,23,4,0,16,20,3,0,0,0,0,1,0,5,24/25
719376,Jeremy Hollowell,25.03.19_Flamengo,4,20.2,880,0,435,355,40,10,0,44,69,25,5,53,90,10,0,7,4,7,2,0,43,24/25
719433,Juan Arengo,25.03.19_Flamengo,4,26.2,936,4,306,311,181,64,32,43,66,25,7,51,65,19,2,1,10,4,4,4,69,24/25
712072,Lucas Rodriguez,25.03.19_Flamengo,4,26.3,572,3,206,175,106,38,16,24,51,14,8,27,48,16,1,9,8,2,3,0,48,24/25
719592,Scott Machado,25.03.19_Flamengo,4,24.4,980,2,327,350,208,46,3,43,70,23,7,51,69,20,0,4,6,5,7,1,66,24/25
690902,Murilo Ferraz,25.03.19_Flamengo,4,6.7,51,0,32,2,0,0,0,9,21,1,0,13,20,0,0,5,0,0,0,0,6,24/25
714226,Rafael Mineiro,25.03.19_Flamengo,4,22.2,804,0,321,322,82,28,0,64,80,21,3,50,90,17,0,6,2,3,5,4,57,24/25
703343,Winicius Braga,25.03.19_Flamengo,4,20.9,845,0,309,373,95,28,0,44,91,16,1,44,93,14,0,6,6,2,4,5,64,24/25
692169,Alexandre Paranhos,25.03.26_Caxias,1,26.0,791,2,260,343,100,47,6,35,66,27,2,46,73,16,1,3,2,2,4,3,45,24/25
699682,Breno Leoterio,25.03.26_Caxias,1,5.6,39,0,24,0,0,0,0,6,21,0,0,5,23,0,0,0,0,0,0,0,0,24/25
713851,Danilo Fuzaro,25.03.26_Caxias,1,26.1,1207,3,409,451,203,75,18,62,84,25,6,48,75,32,0,0,6,3,3,9,78,24/25
713017,Fernando Fernandes,25.03.26_Caxias,1,19.9,376,0,99,181,72,8,0,20,34,8,2,22,34,9,0,0,0,1,3,0,15,24/25
719376,Jeremy Hollowell,25.03.26_Caxias,1,18.8,716,0,231,371,86,3,0,38,62,14,4,33,56,19,0,9,1,3,5,2,50,24/25
719433,Juan Arengo,25.03.26_Caxias,1,26.3,1280,3,426,488,234,55,28,63,101,26,6,62,97,27,0,3,4,4,7,3,66,24/25
712072,Lucas Rodriguez,25.03.26_Caxias,1,26.4,772,2,190,284,182,64,17,40,54,26,6,44,50,28,0,7,2,1,4,4,46,24/25
719592,Scott Machado,25.03.26_Caxias,1,26.0,1189,2,308,458,297,64,14,61,90,26,7,65,67,39,1,2,4,2,7,6,73,24/25
690902,Murilo Ferraz,25.03.26_Caxias,1,4.6,33,0,21,0,0,0,0,5,16,0,0,8,15,0,0,4,0,0,0,0,4,24/25
714226,Rafael Mineiro,25.03.26_Caxias,1,20.2,692,0,259,293,98,14,0,31,59,16,4,40,54,16,0,2,2,2,4,0,26,24/25
703343,Winicius Braga,25.03.26_Caxias,1,18.8,610,0,190,288,98,7,0,35,55,18,3,29,56,19,0,1,0,1,4,2,31,24/25
692169,Alexandre Paranhos,25.03.26_Caxias,2,21.1,743,0,304,318,69,16,0,40,70,17,3,38,77,12,0,3,2,4,5,2,49,24/25
699682,Breno Leoterio,25.03.26_Caxias,2,5.7,64,0,45,0,0,0,0,12,23,0,0,13,23,0,0,0,0,0,0,0,0,24/25
713851,Danilo Fuzaro,25.03.26_Caxias,2,24.3,1163,1,376,465,229,44,2,73,89,26,8,58,85,32,0,2,3,3,5,10,86,24/25
713017,Fernando Fernandes,25.03.26_Caxias,2,4.4,25,0,13,0,0,0,0,5,15,0,0,6,14,0,0,0,0,0,0,0,0,24/25
719376,Jeremy Hollowell,25.03.26_Caxias,2,20.1,1030,0,429,460,89,12,0,56,77,22,4,68,88,14,0,2,4,5,8,2,67,24/25
719433,Juan Arengo,25.03.26_Caxias,2,26.3,1070,1,318,429,187,89,10,53,64,28,8,46,73,30,1,5,4,3,7,3,66,24/25
712072,Lucas Rodriguez,25.03.26_Caxias,2,26.9,785,4,199,272,164,91,17,43,52,28,12,40,68,29,2,1,10,3,3,5,69,24/25
719592,Scott Machado,25.03.26_Caxias,2,26.2,831,3,258,302,154,67,15,51,52,27,6,41,56,28,1,8,3,2,6,3,59,24/25
690902,Murilo Ferraz,25.03.26_Caxias,2,4.8,36,0,21,0,0,0,0,8,19,0,0,11,18,0,0,3,0,0,0,0,3,24/25
714226,Rafael Mineiro,25.03.26_Caxias,2,23.2,1083,0,367,486,161,29,0,59,84,29,8,47,96,30,0,4,2,3,8,2,58,24/25
703343,Winicius Braga,25.03.26_Caxias,2,20.7,268,0,100,125,25,6,0,9,23,7,1,17,30,3,0,9,1,1,3,0,25,24/25
692169,Alexandre Paranhos,25.03.26_Caxias,3,16.4,493,0,149,252,70,0,0,25,44,10,1,24,48,12,0,1,0,1,3,3,29,24/25
699682,Breno Leoterio,25.03.26_Caxias,3,24.8,191,1,47,75,25,27,6,7,21,5,1,13,19,5,0,0,0,0,1,0,5,24/25
713851,Danilo Fuzaro,25.03.26_Caxias,3,26.0,1086,3,350,386,200,92,16,57,76,26,8,52,71,33,1,2,1,3,6,7,72,24/25
713017,Fernando Fernandes,25.03.26_Caxias,3,5.3,10,0,4,0,0,0,0,4,5,0,0,5,4,0,0,0,0,0,0,0,0,24/25
719376,Jeremy Hollowell,25.03.26_Caxias,3,22.0,861,0,308,394,107,9,0,55,68,25,3,53,73,23,0,3,3,3,7,3,60,24/25
719433,Juan Arengo,25.03.26_Caxias,3,26.1,1227,5,359,468,252,78,32,61,70,35,9,45,78,37,1,2,2,5,6,4,65,24/25
712072,Lucas Rodriguez,25.03.26_Caxias,3,26.0,932,6,265,334,178,101,25,52,43,20,13,39,60,28,0,6,3,2,4,4,54,24/25
719592,Scott Machado,25.03.26_Caxias,3,23.9,714,0,225,255,151,54,0,46,49,20,4,48,57,14,0,7,1,2,5,1,41,24/25
690902,Murilo Ferraz,25.03.26_Caxias,3,5.4,9,0,4,0,0,0,0,2,5,0,0,3,4,0,0,1,0,0,0,0,1,24/25
714226,Rafael Mineiro,25.03.26_Caxias,3,23.7,872,0,286,378,147,28,0,41,76,23,1,39,67,27,0,4,2,2,4,3,46,24/25
703343,Winicius Braga,25.03.26_Caxias,3,21.8,714,0,229,342,99,9,0,44,64,21,3,38,71,17,0,2,2,2,4,3,44,24/25
692169,Alexandre Paranhos,25.03.26_Caxias,4,23.4,935,0,289,469,97,37,0,54,88,21,5,47,108,18,0,1,0,1,5,6,55,24/25
699682,Breno Leoterio,25.03.26_Caxias,4,26.2,1496,1,342,644,318,142,9,70,76,39,9,52,101,42,0,1,1,4,6,6,68,24/25
713851,Danilo Fuzaro,25.03.26_Caxias,4,4.0,10,0,6,0,0,0,0,1,6,0,0,1,6,0,0,14,0,0,0,0,14,24/25
713017,Fernando Fernandes,25.03.26_Caxias,4,26.2,779,5,156,305,176,70,43,36,49,23,6,32,55,22,1,0,0,2,5,0,28,24/25
719376,Jeremy Hollowell,25.03.26_Caxias,4,3.9,5,0,3,0,0,0,0,3,3,0,0,3,3,0,0,3,1,1,0,1,13,24/25
719433,Juan Arengo,25.03.26_Caxias,4,24.2,330,1,101,141,55,17,1,16,22,14,3,13,26,11,0,7,2,0,1,2,26,24/25
712072,Lucas Rodriguez,25.03.26_Caxias,4,28.3,1587,13,353,567,299,230,86,64,101,51,19,60,115,51,2,0,1,3,7,7,72,24/25
719592,Scott Machado,25.03.26_Caxias,4,23.8,616,0,201,281,84,26,0,42,42,11,2,37,44,11,0,3,4,3,4,0,36,24/25
690902,Murilo Ferraz,25.03.26_Caxias,4,21.8,1072,0,409,414,173,31,0,82,79,21,6,72,83,23,0,1,1,3,3,8,63,24/25
714226,Rafael Mineiro,25.03.26_Caxias,4,23.5,400,0,67,223,74,24,0,22,27,9,2,23,28,9,0,8,1,1,1,3,30,24/25
703343,Winicius Braga,25.03.26_Caxias,4,23.0,206,0,104,61,17,12,0,10,23,4,1,11,26,2,0,9,2,1,1,0,18,24/25
692169,Alexandre Paranhos,25.03.29_União Corinthians,1,22.7,992,0,309,444,162,33,0,54,78,24,6,42,79,33,0,1,1,3,6,3,53,24/25
699682,Breno Leoterio,25.03.29_União Corinthians,1,5.2,18,0,10,0,0,0,0,4,12,0,0,4,13,0,0,1,0,0,0,0,1,24/25
713851,Danilo Fuzaro,25.03.29_União Corinthians,1,26.7,1448,4,468,521,269,102,38,68,105,30,5,66,93,36,1,0,0,1,5,9,72,24/25
713017,Fernando Fernandes,25.03.29_União Corinthians,1,5.5,9,0,5,0,0,0,0,3,6,0,0,3,6,0,0,0,0,0,0,0,0,24/25
714249,Franco Baralle,25.03.29_União Corinthians,1,22.4,268,0,112,94,31,11,0,19,22,5,0,24,18,3,0,1,1,1,1,0,13,24/25
719376,Jeremy Hollowell,25.03.29_União Corinthians,1,24.4,792,1,299,351,85,26,2,24,67,17,3,42,62,14,0,6,1,2,5,2,46,24/25
719433,Juan Arengo,25.03.29_União Corinthians,1,24.5,1209,2,348,479,257,76,7,66,79,32,7,50,76,42,1,3,1,2,6,5,60,24/25
712072,Lucas Rodriguez,25.03.29_União Corinthians,1,27.7,802,3,203,343,146,61,24,45,47,26,3,40,60,18,1,2,1,2,4,3,40,24/25
719592,Scott Machado,25.03.29_União Corinthians,1,25.0,656,1,174,265,140,51,4,36,46,16,7,35,52,16,1,6,2,2,4,1,40,24/25
690902,Murilo Ferraz,25.03.29_União Corinthians,1,4.4,8,0,5,0,0,0,0,1,4,0,0,1,5,0,0,1,0,0,0,0,1,24/25
714226,Rafael Mineiro,25.03.29_União Corinthians,1,17.4,487,0,160,183,124,0,0,19,38,17,1,21,48,11,0,1,1,2,2,0,18,24/25
703343,Winicius Braga,25.03.29_União Corinthians,1,25.9,379,1,133,158,44,17,6,26,26,11,1,25,38,5,0,2,1,1,1,0,14,24/25
692169,Alexandre Paranhos,25.03.29_União Corinthians,2,25.6,1048,1,369,407,184,29,8,56,97,22,5,50,96,27,0,6,3,3,7,2,57,24/25
699682,Breno Leoterio,25.03.29_União Corinthians,2,5.3,51,0,33,0,0,0,0,10,23,0,0,11,22,0,0,0,0,0,0,0,0,24/25
713851,Danilo Fuzaro,25.03.29_União Corinthians,2,27.2,657,4,199,226,107,53,36,39,60,11,9,39,66,16,1,3,15,2,5,2,71,24/25
713017,Fernando Fernandes,25.03.29_União Corinthians,2,6.6,41,0,22,2,0,0,0,9,21,0,0,12,19,0,0,0,0,0,0,0,0,24/25
714249,Franco Baralle,25.03.29_União Corinthians,2,13.9,250,0,134,80,8,0,0,19,27,6,0,24,29,3,0,2,2,1,2,0,16,24/25
719376,Jeremy Hollowell,25.03.29_União Corinthians,2,23.7,977,0,349,381,144,59,0,50,66,25,6,55,81,21,0,8,5,5,6,2,70,24/25
719433,Juan Arengo,25.03.29_União Corinthians,2,26.1,1197,2,420,398,226,92,15,71,83,22,7,62,84,26,1,8,7,3,7,2,70,24/25
712072,Lucas Rodriguez,25.03.29_União Corinthians,2,26.2,1457,6,367,511,336,146,42,76,88,38,13,72,95,45,1,4,5,4,7,8,92,24/25
719592,Scott Machado,25.03.29_União Corinthians,2,25.4,773,1,270,298,127,35,4,34,65,20,5,36,60,20,0,16,3,5,2,0,45,24/25
690902,Murilo Ferraz,25.03.29_União Corinthians,2,5.8,48,0,30,0,0,0,0,5,25,0,0,14,19,0,0,0,0,0,0,0,0,24/25
714226,Rafael Mineiro,25.03.29_União Corinthians,2,20.2,1193,0,399,554,174,18,0,64,104,32,3,67,98,31,0,7,3,5,7,2,68,24/25
703343,Winicius Braga,25.03.29_União Corinthians,2,15.2,548,0,226,269,32,0,0,29,51,10,2,25,57,11,0,9,2,2,3,1,33,24/25
692169,Alexandre Paranhos,25.03.29_União Corinthians,3,26.0,981,4,289,425,116,83,25,48,66,28,5,48,73,23,0,1,2,3,7,1,48,24/25
699682,Breno Leoterio,25.03.29_União Corinthians,3,6.6,25,0,12,2,0,0,0,5,11,1,0,9,10,0,0,0,0,0,0,0,0,24/25
713851,Danilo Fuzaro,25.03.29_União Corinthians,3,27.3,413,3,144,162,34,16,35,23,28,12,1,21,36,6,2,8,7,0,2,1,35,24/25
713017,Fernando Fernandes,25.03.29_União Corinthians,3,5.1,22,0,15,0,0,0,0,4,6,0,0,3,8,0,0,0,0,0,0,0,0,24/25
714249,Franco Baralle,25.03.29_União Corinthians,3,19.5,559,0,194,227,104,5,0,41,37,11,1,37,35,10,0,2,0,0,2,3,26,24/25
719376,Jeremy Hollowell,25.03.29_União Corinthians,3,19.4,1157,0,371,566,163,13,0,65,79,28,6,46,103,25,0,1,2,4,10,2,66,24/25
719433,Juan Arengo,25.03.29_União Corinthians,3,26.4,989,2,292,361,173,98,29,49,61,21,6,51,55,25,0,6,1,2,5,4,56,24/25
712072,Lucas Rodriguez,25.03.29_União Corinthians,3,26.0,460,1,116,146,116,47,7,31,40,8,4,28,44,9,0,7,6,1,1,1,32,24/25
719592,Scott Machado,25.03.29_União Corinthians,3,26.6,805,2,228,303,165,54,18,43,63,24,6,45,64,23,1,3,1,5,6,0,47,24/25
690902,Murilo Ferraz,25.03.29_União Corinthians,3,4.4,34,0,21,0,0,0,0,5,14,0,0,8,12,0,0,0,0,0,0,0,0,24/25
714226,Rafael Mineiro,25.03.29_União Corinthians,3,20.9,1086,0,342,493,176,34,0,49,98,28,5,51,108,25,0,2,1,3,7,5,67,24/25
703343,Winicius Braga,25.03.29_União Corinthians,3,22.1,501,0,148,255,54,16,0,25,58,13,1,25,64,9,0,1,1,1,4,0,21,24/25
692169,Alexandre Paranhos,25.03.29_União Corinthians,4,24.2,624,1,204,303,54,27,2,48,46,17,5,35,65,13,0,2,1,2,4,2,34,24/25
699682,Breno Leoterio,25.03.29_União Corinthians,4,23.6,437,0,171,127,73,35,0,24,42,11,3,26,44,11,0,1,1,2,2,0,18,24/25
713851,Danilo Fuzaro,25.03.29_União Corinthians,4,27.4,1055,3,361,345,163,105,22,53,91,25,4,53,93,20,2,4,4,2,4,8,77,24/25
713017,Fernando Fernandes,25.03.29_União Corinthians,4,22.8,637,0,244,202,113,41,0,31,55,10,11,37,46,23,0,2,1,2,4,1,30,24/25
714249,Franco Baralle,25.03.29_União Corinthians,4,21.0,271,0,114,89,36,8,0,25,19,5,1,23,17,4,0,3,1,1,1,1,17,24/25
719376,Jeremy Hollowell,25.03.29_União Corinthians,4,23.2,428,0,188,152,47,17,0,22,40,11,2,30,35,12,0,4,1,3,2,0,25,24/25
719433,Juan Arengo,25.03.29_União Corinthians,4,22.3,686,0,240,209,149,36,0,38,66,22,1,34,63,22,1,10,4,3,4,0,43,24/25
712072,Lucas Rodriguez,25.03.29_União Corinthians,4,23.0,695,0,277,269,80,35,0,39,56,16,3,54,56,9,0,7,8,1,3,4,56,24/25
719592,Scott Machado,25.03.29_União Corinthians,4,25.7,990,3,380,394,124,35,6,70,77,33,6,67,97,24,0,2,4,7,4,1,53,24/25
690902,Murilo Ferraz,25.03.29_União Corinthians,4,22.8,476,0,193,141,74,31,0,28,48,18,3,46,42,11,1,2,2,2,2,1,24,24/25
714226,Rafael Mineiro,25.03.29_União Corinthians,4,25.5,584,1,192,251,79,18,6,39,55,19,0,43,64,12,0,12,1,1,5,2,45,24/25
703343,Winicius Braga,25.03.29_União Corinthians,4,24.9,855,1,316,368,95,33,5,47,69,22,4,44,72,24,0,7,2,2,6,2,53,24/25
692169,Alexandre Paranhos,25.04.01_Brasilia,1,24.1,870,1,231,426,134,48,1,51,57,25,3,32,71,24,0,3,1,1,6,3,46,24/25
713851,Danilo Fuzaro,25.04.01_Brasilia,1,26.0,1133,3,374,428,209,44,31,54,97,20,7,55,85,27,1,0,3,4,5,8,76,24/25
713017,Fernando Fernandes,25.04.01_Brasilia,1,5.5,27,0,15,0,0,0,0,4,18,0,0,5,18,0,0,0,0,0,0,0,0,24/25
714249,Franco Baralle,25.04.01_Brasilia,1,17.6,423,0,186,174,34,0,0,35,33,5,1,39,26,7,0,3,1,3,2,2,36,24/25
719376,Jeremy Hollowell,25.04.01_Brasilia,1,24.6,1000,1,343,453,115,46,2,64,64,31,4,61,85,18,0,3,2,1,8,5,67,24/25
719433,Juan Arengo,25.04.01_Brasilia,1,28.9,1027,5,294,379,167,88,60,48,67,22,8,44,68,28,1,5,3,2,4,5,59,24/25
712072,Lucas Rodriguez,25.04.01_Brasilia,1,26.3,579,1,199,238,87,21,9,35,40,17,4,42,53,11,0,6,2,3,3,1,35,24/25
719592,Scott Machado,25.04.01_Brasilia,1,26.1,813,3,209,301,203,44,20,49,63,23,7,44,62,27,0,7,2,2,6,3,53,24/25
714226,Rafael Mineiro,25.04.01_Brasilia,1,19.8,518,0,232,214,34,12,0,29,44,9,6,29,53,12,0,4,2,2,2,1,23,24/25
703343,Winicius Braga,25.04.01_Brasilia,1,26.0,524,1,226,217,41,6,11,33,47,10,5,21,57,13,0,3,2,2,3,0,26,24/25
692169,Alexandre Paranhos,25.04.01_Brasilia,2,26.0,1203,2,371,507,197,72,8,69,92,31,2,48,95,36,0,2,3,3,7,6,77,24/25
713851,Danilo Fuzaro,25.04.01_Brasilia,2,26.1,1089,3,361,388,203,54,29,64,91,21,9,53,88,28,0,0,9,2,4,11,92,24/25
713017,Fernando Fernandes,25.04.01_Brasilia,2,5.4,38,0,22,0,0,0,0,10,18,0,0,13,15,0,0,0,0,0,0,0,0,24/25
714249,Franco Baralle,25.04.01_Brasilia,2,24.8,662,1,256,223,103,28,2,49,52,7,9,45,44,18,0,13,2,2,3,4,58,24/25
719376,Jeremy Hollowell,25.04.01_Brasilia,2,21.9,688,0,269,269,92,22,0,42,62,11,3,34,69,10,0,9,2,2,5,3,55,24/25
719433,Juan Arengo,25.04.01_Brasilia,2,26.5,1577,6,582,489,243,143,67,69,110,29,11,62,109,35,0,4,4,5,5,8,83,24/25
712072,Lucas Rodriguez,25.04.01_Brasilia,2,24.8,1071,1,356,423,187,51,7,54,79,27,7,52,100,23,0,9,5,3,5,3,62,24/25
719592,Scott Machado,25.04.01_Brasilia,2,24.8,820,1,291,324,121,37,3,48,58,24,5,54,58,22,0,11,3,3,6,1,53,24/25
714226,Rafael Mineiro,25.04.01_Brasilia,2,24.5,926,1,352,412,117,4,2,53,71,26,4,45,87,18,0,6,3,4,6,1,49,24/25
703343,Winicius Braga,25.04.01_Brasilia,2,19.4,333,0,108,172,32,6,0,27,35,3,2,17,39,6,0,11,2,2,1,1,29,24/25
692169,Alexandre Paranhos,25.04.01_Brasilia,3,17.8,344,0,116,156,59,0,0,27,31,4,2,18,31,10,0,2,0,0,2,1,20,24/25
713851,Danilo Fuzaro,25.04.01_Brasilia,3,26.3,1240,3,499,418,194,46,23,61,103,32,5,68,109,28,0,0,1,2,5,11,81,24/25
713017,Fernando Fernandes,25.04.01_Brasilia,3,5.0,16,0,13,0,0,0,0,0,6,0,0,1,5,0,0,0,0,0,0,0,0,24/25
714249,Franco Baralle,25.04.01_Brasilia,3,17.3,585,0,260,244,36,0,0,54,52,13,1,47,46,17,0,8,3,2,3,3,43,24/25
719376,Jeremy Hollowell,25.04.01_Brasilia,3,20.9,898,0,329,406,96,25,0,46,76,38,4,48,107,19,0,2,3,2,6,5,66,24/25
719433,Juan Arengo,25.04.01_Brasilia,3,24.4,1159,2,397,441,198,76,3,59,98,36,5,57,93,30,0,0,4,3,4,8,72,24/25
712072,Lucas Rodriguez,25.04.01_Brasilia,3,24.5,308,1,90,125,56,24,2,15,22,7,2,15,25,8,0,11,1,0,1,1,24,24/25
719592,Scott Machado,25.04.01_Brasilia,3,26.4,602,3,215,211,88,33,24,30,55,15,4,40,39,18,0,2,2,2,5,0,35,24/25
714226,Rafael Mineiro,25.04.01_Brasilia,3,22.8,962,0,370,426,120,9,0,64,84,19,5,57,93,20,0,2,3,2,5,5,58,24/25
703343,Winicius Braga,25.04.01_Brasilia,3,18.5,282,0,98,132,38,1,0,19,32,7,2,23,28,9,0,6,3,1,1,1,23,24/25
692169,Alexandre Paranhos,25.04.01_Brasilia,4,16.1,487,0,209,210,36,0,0,24,53,13,0,31,58,6,0,3,1,2,4,0,26,24/25
713851,Danilo Fuzaro,25.04.01_Brasilia,4,5.1,58,0,43,0,0,0,0,7,19,0,0,7,20,0,0,13,8,0,0,0,29,24/25
713017,Fernando Fernandes,25.04.01_Brasilia,4,26.1,975,1,375,330,158,53,9,46,85,23,7,59,75,23,0,1,2,1,6,3,48,24/25
714249,Franco Baralle,25.04.01_Brasilia,4,25.6,783,1,377,279,59,13,4,61,64,22,2,65,70,15,0,7,2,2,4,3,48,24/25
719376,Jeremy Hollowell,25.04.01_Brasilia,4,20.7,360,0,159,142,34,5,0,24,35,8,1,24,27,11,0,6,3,1,3,0,30,24/25
719433,Juan Arengo,25.04.01_Brasilia,4,26.1,686,1,215,276,126,32,7,39,45,19,6,30,47,25,0,7,3,2,3,3,47,24/25
712072,Lucas Rodriguez,25.04.01_Brasilia,4,25.8,1440,4,473,537,252,108,11,95,99,43,12,71,110,47,0,1,4,5,7,4,73,24/25
719592,Scott Machado,25.04.01_Brasilia,4,20.9,441,0,182,162,55,13,0,28,41,12,0,23,43,9,0,2,2,3,0,0,17,24/25
714226,Rafael Mineiro,25.04.01_Brasilia,4,18.4,613,0,228,282,71,5,0,48,53,14,2,45,62,10,0,8,2,2,4,1,40,24/25
703343,Winicius Braga,25.04.01_Brasilia,4,23.8,1257,0,451,634,99,17,0,85,113,35,6,64,138,28,0,0,2,3,7,8,83,24/25
692169,Alexandre Paranhos,25.04.03_Pato,1,25.9,898,1,315,378,114,33,7,47,82,16,2,60,81,17,0,4,1,2,7,3,56,24/25
713851,Danilo Fuzaro,25.04.03_Pato,1,25.8,1250,2,402,433,284,69,10,67,94,20,9,58,87,33,1,0,5,3,6,7,77,24/25
713017,Fernando Fernandes,25.04.03_Pato,1,5.9,34,0,25,0,0,0,0,4,15,0,0,4,15,0,0,2,0,0,0,0,2,24/25
714249,Franco Baralle,25.04.03_Pato,1,21.8,436,0,178,142,67,17,0,35,44,10,1,38,29,15,0,3,2,1,3,1,27,24/25
719376,Jeremy Hollowell,25.04.03_Pato,1,22.6,785,0,238,360,130,29,0,42,52,25,2,37,60,19,1,4,3,2,1,1,28,24/25
719433,Juan Arengo,25.04.03_Pato,1,26.2,1563,4,449,528,333,158,45,74,97,42,11,68,97,45,0,1,3,3,8,5,76,24/25
712072,Lucas Rodriguez,25.04.03_Pato,1,26.7,802,2,240,281,154,82,18,39,45,18,8,43,55,15,1,7,3,3,2,3,48,24/25
719592,Scott Machado,25.04.03_Pato,1,22.0,795,0,243,323,128,66,0,45,61,14,4,44,48,21,0,4,2,3,5,0,39,24/25
714226,Rafael Mineiro,25.04.03_Pato,1,20.2,637,0,232,282,80,17,0,45,57,6,2,34,59,9,0,3,2,3,3,0,29,24/25
703343,Winicius Braga,25.04.03_Pato,1,19.4,520,0,157,231,105,6,0,31,50,14,1,28,51,13,0,3,2,1,3,1,25,24/25
692169,Alexandre Paranhos,25.04.03_Pato,2,20.2,897,0,310,436,104,4,0,51,68,32,7,48,89,24,0,3,3,2,4,6,57,24/25
713851,Danilo Fuzaro,25.04.03_Pato,2,28.8,906,3,286,308,185,60,21,44,78,21,5,42,81,20,2,0,8,3,4,5,69,24/25
713017,Fernando Fernandes,25.04.03_Pato,2,4.5,47,0,24,0,0,0,0,15,20,0,0,18,18,0,0,0,0,0,0,0,0,24/25
714249,Franco Baralle,25.04.03_Pato,2,22.8,832,0,295,306,145,41,0,54,60,20,5,58,55,26,0,8,3,2,4,4,59,24/25
719376,Jeremy Hollowell,25.04.03_Pato,2,22.4,552,0,224,213,66,20,0,23,49,18,1,27,53,15,0,3,2,3,3,0,28,24/25
719433,Juan Arengo,25.04.03_Pato,2,26.1,872,2,305,273,173,67,13,41,68,20,9,42,51,31,1,7,6,2,3,4,57,24/25
712072,Lucas Rodriguez,25.04.03_Pato,2,26.0,636,3,138,219,161,69,24,36,37,21,6,36,39,21,0,8,7,1,2,3,48,24/25
719592,Scott Machado,25.04.03_Pato,2,26.0,966,4,314,334,152,102,20,40,81,29,4,48,83,25,1,2,3,5,4,1,46,24/25
714226,Rafael Mineiro,25.04.03_Pato,2,24.8,1224,1,422,550,172,33,3,66,95,22,7,58,116,23,0,6,2,3,5,6,68,24/25
703343,Winicius Braga,25.04.03_Pato,2,19.9,545,0,168,279,73,4,0,29,55,16,0,28,55,12,0,12,3,1,3,3,47,24/25
692169,Alexandre Paranhos,25.04.03_Pato,3,19.2,345,0,102,171,51,5,0,24,24,11,0,24,30,5,0,1,0,1,2,2,20,24/25
713851,Danilo Fuzaro,25.04.03_Pato,3,26.3,1173,5,327,413,242,120,31,58,80,25,9,52,80,36,0,0,1,1,5,9,70,24/25
713017,Fernando Fernandes,25.04.03_Pato,3,4.5,19,0,11,0,0,0,0,3,15,0,0,4,14,0,0,0,0,0,0,0,0,24/25
714249,Franco Baralle,25.04.03_Pato,3,20.1,674,0,225,273,112,23,0,41,63,21,2,38,55,23,0,5,2,1,2,6,48,24/25
719376,Jeremy Hollowell,25.04.03_Pato,3,23.7,838,0,270,433,90,20,0,52,57,22,2,44,79,12,0,4,1,3,5,3,50,24/25
719433,Juan Arengo,25.04.03_Pato,3,26.4,1423,4,379,507,339,113,33,61,93,40,7,57,106,40,0,0,0,1,6,8,70,24/25
712072,Lucas Rodriguez,25.04.03_Pato,3,25.8,245,2,74,102,35,16,9,8,20,3,2,12,19,5,0,12,2,0,1,1,22,24/25
719592,Scott Machado,25.04.03_Pato,3,26.1,563,2,142,235,123,29,15,26,41,15,2,27,34,16,1,7,1,1,4,2,40,24/25
714226,Rafael Mineiro,25.04.03_Pato,3,17.7,391,0,152,173,49,0,0,21,32,10,1,18,34,10,0,7,1,1,2,1,25,24/25
703343,Winicius Braga,25.04.03_Pato,3,21.1,1092,0,264,622,148,31,0,48,66,35,7,30,88,34,0,2,1,1,4,7,54,24/25
692169,Alexandre Paranhos,25.04.03_Pato,4,20.5,1633,0,635,790,129,10,0,86,146,31,7,74,157,37,0,6,5,5,11,5,100,24/25
713851,Danilo Fuzaro,25.04.03_Pato,4,24.4,1689,1,638,615,259,84,3,93,156,40,7,93,143,42,0,0,1,9,8,15,135,24/25
713017,Fernando Fernandes,25.04.03_Pato,4,8.4,207,0,153,12,0,0,0,21,58,2,0,32,51,1,0,2,0,0,0,0,2,24/25
714249,Franco Baralle,25.04.03_Pato,4,24.6,1475,1,598,546,201,37,1,102,125,26,7,111,110,34,0,3,8,5,6,10,112,24/25
719376,Jeremy Hollowell,25.04.03_Pato,4,16.4,136,0,93,19,4,0,0,15,20,0,1,20,16,2,0,11,1,0,0,0,13,24/25
719433,Juan Arengo,25.04.03_Pato,4,23.5,1240,0,487,477,188,25,0,65,117,25,2,68,112,22,0,3,14,6,6,2,85,24/25
712072,Lucas Rodriguez,25.04.03_Pato,4,25.9,876,2,350,254,181,36,9,43,72,29,9,47,84,24,0,17,6,3,3,3,67,24/25
719592,Scott Machado,25.04.03_Pato,4,7.7,62,0,46,3,0,0,0,12,9,0,0,13,8,0,0,9,0,0,0,0,9,24/25
714226,Rafael Mineiro,25.04.03_Pato,4,24.8,1775,1,721,729,204,43,4,116,143,39,9,89,168,32,0,1,8,7,10,8,114,24/25
703343,Winicius Braga,25.04.03_Pato,4,13.4,181,0,131,23,2,0,0,12,35,3,0,17,38,0,0,25,5,1,0,0,38,24/25
692169,Alexandre Paranhos,25.04.07_Vasco,1,20.3,764,0,223,332,137,38,0,39,53,25,5,37,66,24,0,2,1,1,6,2,42,24/25
699682,Breno Leoterio,25.04.07_Vasco,1,6.2,24,0,15,1,0,0,0,6,10,0,0,8,9,0,0,1,0,0,0,0,1,24/25
713851,Danilo Fuzaro,25.04.07_Vasco,1,21.0,915,0,246,377,206,52,0,43,58,21,4,38,51,30,0,0,6,1,3,7,62,24/25
713017,Fernando Fernandes,25.04.07_Vasco,1,5.1,24,0,16,0,0,0,0,6,10,0,0,4,10,0,0,0,0,0,0,0,0,24/25
714249,Franco Baralle,25.04.07_Vasco,1,22.1,507,0,216,167,80,5,0,45,36,12,1,46,32,13,0,4,2,1,4,1,31,24/25
719376,Jeremy Hollowell,25.04.07_Vasco,1,21.7,872,0,275,412,112,42,0,52,68,22,3,44,69,23,0,1,2,3,6,1,43,24/25
719433,Juan Arengo,25.04.07_Vasco,1,26.3,1469,6,423,587,230,129,56,93,84,40,7,68,88,39,1,0,1,3,7,6,69,24/25
712072,Lucas Rodriguez,25.04.07_Vasco,1,23.2,532,0,142,193,120,54,0,22,41,18,4,28,42,15,0,6,1,2,2,1,28,24/25
719592,Scott Machado,25.04.07_Vasco,1,25.8,794,2,236,337,147,32,10,35,66,18,5,40,61,19,0,4,2,1,5,5,55,24/25
714226,Rafael Mineiro,25.04.07_Vasco,1,19.4,519,0,163,236,84,10,0,39,42,13,2,34,48,12,0,3,1,1,3,1,24,24/25
703342,Vinci Oliveira,25.04.07_Vasco,1,5.9,17,0,12,0,0,0,0,2,10,0,0,2,11,0,0,8,2,0,0,0,13,24/25
703343,Winicius Braga,25.04.07_Vasco,1,23.7,493,0,146,216,79,37,0,19,35,6,5,20,37,10,0,4,1,1,4,0,23,24/25
692169,Alexandre Paranhos,25.04.07_Vasco,2,22.0,657,0,223,231,146,24,0,33,56,12,9,29,61,16,0,3,1,2,5,1,34,24/25
699682,Breno Leoterio,25.04.07_Vasco,2,6.8,52,0,36,3,0,0,0,6,20,0,0,9,19,0,0,0,0,0,0,0,0,24/25
713851,Danilo Fuzaro,25.04.07_Vasco,2,26.0,901,2,379,289,116,51,9,58,75,21,4,44,76,17,0,4,10,5,7,1,72,24/25
713017,Fernando Fernandes,25.04.07_Vasco,2,7.5,53,0,31,4,0,0,0,7,25,1,0,8,24,1,0,0,0,0,0,0,0,24/25
714249,Franco Baralle,25.04.07_Vasco,2,21.9,1310,0,591,436,148,51,0,95,94,34,7,92,106,27,1,1,4,8,6,7,94,24/25
719376,Jeremy Hollowell,25.04.07_Vasco,2,22.6,626,0,215,277,90,19,0,42,42,10,5,37,51,11,0,6,2,3,4,1,42,24/25
719433,Juan Arengo,25.04.07_Vasco,2,28.1,1176,4,369,421,184,107,46,53,91,25,8,54,93,25,0,6,7,5,5,4,75,24/25
712072,Lucas Rodriguez,25.04.07_Vasco,2,25.6,641,1,170,279,98,61,4,31,55,17,3,32,50,17,0,15,1,1,3,3,45,24/25
719592,Scott Machado,25.04.07_Vasco,2,23.7,798,0,247,266,162,86,0,45,49,25,6,37,58,25,1,11,4,3,7,2,66,24/25
714226,Rafael Mineiro,25.04.07_Vasco,2,24.5,1608,2,535,637,304,67,3,81,119,45,8,74,135,38,0,1,4,5,8,9,100,24/25
703342,Vinci Oliveira,25.04.07_Vasco,2,9.2,72,0,46,13,0,0,0,3,25,1,0,7,21,2,0,6,3,1,1,0,20,24/25
703343,Winicius Braga,25.04.07_Vasco,2,7.7,22,0,11,5,0,0,0,3,9,2,0,3,11,0,0,6,0,0,0,0,6,24/25
692169,Alexandre Paranhos,25.04.07_Vasco,3,20.6,318,0,134,115,36,15,0,17,29,11,0,26,30,9,0,0,1,2,2,0,17,24/25
699682,Breno Leoterio,25.04.07_Vasco,3,6.5,18,0,9,1,0,0,0,5,9,0,0,7,8,0,0,0,0,0,0,0,0,24/25
713851,Danilo Fuzaro,25.04.07_Vasco,3,26.0,1220,2,419,484,182,53,9,80,113,34,5,66,119,29,0,0,2,5,9,5,83,24/25
713017,Fernando Fernandes,25.04.07_Vasco,3,6.6,28,0,16,1,0,0,0,3,16,0,0,5,15,0,0,0,0,0,0,0,0,24/25
714249,Franco Baralle,25.04.07_Vasco,3,20.7,593,0,248,213,75,20,0,42,45,13,1,47,40,13,0,9,5,3,2,2,45,24/25
719376,Jeremy Hollowell,25.04.07_Vasco,3,24.0,628,0,239,264,60,32,0,40,57,18,1,35,72,11,0,5,4,4,3,0,36,24/25
719433,Juan Arengo,25.04.07_Vasco,3,26.9,1488,3,460,621,210,97,42,73,113,27,8,71,108,32,1,0,4,3,9,5,80,24/25
712072,Lucas Rodriguez,25.04.07_Vasco,3,26.0,827,1,281,294,127,76,13,41,55,19,6,43,64,21,0,6,4,2,4,2,45,24/25
719592,Scott Machado,25.04.07_Vasco,3,25.9,681,3,228,232,133,45,12,28,47,20,5,36,49,18,0,9,3,3,6,1,52,24/25
714226,Rafael Mineiro,25.04.07_Vasco,3,24.5,1138,1,372,530,168,24,1,65,99,21,5,58,93,25,0,4,3,4,4,5,63,24/25
703342,Vinci Oliveira,25.04.07_Vasco,3,7.1,26,0,16,2,0,0,0,4,14,1,0,3,17,0,0,2,0,0,0,0,2,24/25
703343,Winicius Braga,25.04.07_Vasco,3,7.2,28,0,20,3,0,0,0,5,6,0,0,5,7,0,0,1,0,0,0,0,1,24/25
692169,Alexandre Paranhos,25.04.07_Vasco,4,22.4,426,0,148,199,34,18,0,33,42,11,1,27,50,8,0,1,1,1,2,2,28,24/25
699682,Breno Leoterio,25.04.07_Vasco,4,6.3,37,0,28,1,0,0,0,3,14,0,0,4,14,0,0,0,0,0,0,0,0,24/25
713851,Danilo Fuzaro,25.04.07_Vasco,4,18.8,430,0,182,144,63,11,0,33,52,6,2,31,51,4,0,7,7,2,2,3,49,24/25
713017,Fernando Fernandes,25.04.07_Vasco,4,10.3,33,0,14,5,0,0,0,6,16,0,1,8,16,0,0,0,0,0,0,0,0,24/25
714249,Franco Baralle,25.04.07_Vasco,4,21.0,1084,0,484,402,105,20,0,74,95,22,7,91,83,21,0,2,4,4,7,3,63,24/25
719376,Jeremy Hollowell,25.04.07_Vasco,4,22.2,1097,0,433,498,73,43,0,54,106,24,5,63,104,21,1,0,2,5,6,7,80,24/25
719433,Juan Arengo,25.04.07_Vasco,4,26.3,1022,2,367,423,83,81,18,49,85,20,4,60,89,14,1,2,6,3,6,3,63,24/25
712072,Lucas Rodriguez,25.04.07_Vasco,4,26.1,1473,3,502,613,201,90,22,69,107,33,9,63,112,33,2,0,3,6,5,6,76,24/25
719592,Scott Machado,25.04.07_Vasco,4,5.1,8,0,2,0,0,0,0,5,3,0,0,5,3,0,0,12,0,0,0,0,12,24/25
714226,Rafael Mineiro,25.04.07_Vasco,4,21.7,738,0,290,315,75,14,0,51,78,23,3,47,83,19,0,7,3,3,4,1,45,24/25
703342,Vinci Oliveira,25.04.07_Vasco,4,4.9,26,0,18,0,0,0,0,0,17,0,0,1,16,0,0,4,2,1,0,0,13,24/25
703343,Winicius Braga,25.04.07_Vasco,4,12.0,30,0,17,7,0,0,0,5,7,0,1,7,6,0,0,0,0,0,0,0,0,24/25
699682,Breno Leoterio,25.04.09_Botafogo,1,21.0,83,0,28,24,15,8,0,5,21,0,0,4,17,2,0,5,0,0,0,0,5,24/25
713851,Danilo Fuzaro,25.04.09_Botafogo,1,21.9,422,0,134,156,76,34,0,27,31,11,1,26,36,10,0,9,1,1,3,0,28,24/25
713017,Fernando Fernandes,25.04.09_Botafogo,1,26.9,1039,1,324,356,251,64,13,51,62,29,9,44,76,34,1,4,1,0,4,7,56,24/25
714249,Franco Baralle,25.04.09_Botafogo,1,20.1,926,0,333,365,166,13,0,57,77,23,4,56,72,25,0,1,1,3,7,1,49,24/25
719376,Jeremy Hollowell,25.04.09_Botafogo,1,20.1,1032,0,320,521,133,16,0,60,87,20,3,71,93,17,0,0,2,4,8,1,56,24/25
719433,Juan Arengo,25.04.09_Botafogo,1,25.4,312,1,98,137,48,15,4,17,20,6,2,20,26,5,0,2,1,1,1,0,13,24/25
712072,Lucas Rodriguez,25.04.09_Botafogo,1,26.0,1195,5,282,493,270,92,18,52,71,39,12,45,104,31,1,1,3,2,2,6,51,24/25
719592,Scott Machado,25.04.09_Botafogo,1,25.5,258,1,75,116,44,6,3,18,22,6,3,22,22,6,0,8,1,1,2,0,20,24/25
714226,Rafael Mineiro,25.04.09_Botafogo,1,23.3,392,0,107,175,76,17,0,12,38,13,6,20,42,9,0,1,0,1,3,0,18,24/25
703342,Vinci Oliveira,25.04.09_Botafogo,1,6.6,18,0,14,1,0,0,0,1,8,0,0,1,8,0,0,14,0,0,0,0,15,24/25
703343,Winicius Braga,25.04.09_Botafogo,1,20.8,880,0,259,455,120,15,0,42,68,23,8,37,92,20,0,3,1,1,4,7,56,24/25
699682,Breno Leoterio,25.04.09_Botafogo,2,26.0,762,3,209,288,116,74,41,45,59,11,10,33,61,21,0,11,3,2,5,1,47,24/25
713851,Danilo Fuzaro,25.04.09_Botafogo,2,27.3,803,2,289,261,155,50,14,53,45,22,5,47,48,20,1,9,3,2,5,3,55,24/25
713017,Fernando Fernandes,25.04.09_Botafogo,2,26.2,922,6,291,369,124,68,37,54,59,19,7,50,66,20,1,7,1,1,4,5,51,24/25
714249,Franco Baralle,25.04.09_Botafogo,2,5.2,24,0,15,0,0,0,0,1,8,0,0,6,4,0,0,1,0,0,0,0,1,24/25
719376,Jeremy Hollowell,25.04.09_Botafogo,2,18.8,403,0,204,144,26,7,0,25,34,7,0,27,39,3,0,4,3,1,1,0,18,24/25
719433,Juan Arengo,25.04.09_Botafogo,2,26.0,1121,3,362,420,209,71,23,54,83,23,7,43,71,30,0,5,3,2,4,6,66,24/25
712072,Lucas Rodriguez,25.04.09_Botafogo,2,26.4,896,5,278,372,129,48,33,57,60,18,10,43,67,26,1,10,5,1,2,1,36,24/25
719592,Scott Machado,25.04.09_Botafogo,2,26.0,1216,1,373,443,274,67,7,67,93,39,8,54,85,34,1,2,4,3,7,6,78,24/25
714226,Rafael Mineiro,25.04.09_Botafogo,2,21.0,1094,0,413,474,136,30,0,62,84,26,3,56,98,17,1,6,3,5,7,0,54,24/25
703342,Vinci Oliveira,25.04.09_Botafogo,2,6.0,30,0,22,0,0,0,0,3,15,0,0,2,15,1,0,11,0,0,0,0,15,24/25
703343,Winicius Braga,25.04.09_Botafogo,2,23.0,765,0,276,323,107,24,0,42,62,18,3,44,70,20,0,10,1,2,4,4,52,24/25
699682,Breno Leoterio,25.04.09_Botafogo,3,23.1,429,0,139,184,65,22,0,21,48,7,2,20,41,14,0,3,0,0,3,0,17,24/25
713851,Danilo Fuzaro,25.04.09_Botafogo,3,23.3,842,0,279,369,132,25,0,42,66,29,2,48,76,18,0,3,2,3,7,1,48,24/25
713017,Fernando Fernandes,25.04.09_Botafogo,3,24.9,492,1,182,198,64,19,4,30,38,11,8,30,47,16,0,3,0,0,5,1,29,24/25
714249,Franco Baralle,25.04.09_Botafogo,3,0.0,0,0,0,0,0,0,0,0,0,0,0,0,0,0,0,0,0,0,0,0,0,24/25
719376,Jeremy Hollowell,25.04.09_Botafogo,3,17.2,499,0,182,267,27,0,0,31,43,10,0,41,45,6,0,2,3,3,1,0,20,24/25
719433,Juan Arengo,25.04.09_Botafogo,3,25.3,1050,1,405,396,147,61,3,62,67,23,7,56,79,21,0,5,2,2,6,3,56,24/25
712072,Lucas Rodriguez,25.04.09_Botafogo,3,25.6,1365,3,416,532,243,113,10,70,114,32,5,62,112,35,0,2,4,3,3,3,44,24/25
719592,Scott Machado,25.04.09_Botafogo,3,26.0,603,1,180,273,95,25,8,37,46,15,1,32,44,14,0,8,1,2,4,1,35,24/25
714226,Rafael Mineiro,25.04.09_Botafogo,3,19.7,703,0,227,330,106,8,0,46,62,21,2,46,73,11,0,3,1,2,4,0,31,24/25
703342,Vinci Oliveira,25.04.09_Botafogo,3,7.8,85,0,51,25,0,0,0,5,15,2,0,9,16,0,0,5,0,0,0,0,5,24/25
703343,Winicius Braga,25.04.09_Botafogo,3,24.2,1051,1,321,506,160,30,2,51,78,36,4,47,92,27,0,2,3,2,7,5,65,24/25
699682,Breno Leoterio,25.04.09_Botafogo,4,26.1,1699,6,519,589,329,155,50,72,106,42,13,55,120,52,0,0,1,3,9,5,77,24/25
713851,Danilo Fuzaro,25.04.09_Botafogo,4,23.7,389,0,101,144,80,45,0,29,28,7,2,18,31,7,0,5,1,1,4,0,24,24/25
713017,Fernando Fernandes,25.04.09_Botafogo,4,25.9,1120,2,420,333,215,86,10,44,95,32,8,48,105,25,0,2,2,2,9,1,57,24/25
714249,Franco Baralle,25.04.09_Botafogo,4,0.0,0,0,0,0,0,0,0,0,0,0,0,0,0,0,0,0,0,0,0,0,0,24/25
719376,Jeremy Hollowell,25.04.09_Botafogo,4,2.3,1,0,0,0,0,0,0,1,0,0,0,1,0,0,0,0,0,0,0,0,0,24/25
719433,Juan Arengo,25.04.09_Botafogo,4,24.6,414,1,109,154,84,45,2,22,31,9,3,29,26,11,0,9,1,1,2,1,29,24/25
712072,Lucas Rodriguez,25.04.09_Botafogo,4,26.4,1137,4,354,442,166,80,38,55,87,35,4,50,98,26,0,5,4,4,2,1,33,24/25
719592,Scott Machado,25.04.09_Botafogo,4,21.2,432,0,146,166,80,15,0,30,39,10,1,30,32,11,0,9,2,4,3,0,36,24/25
714226,Rafael Mineiro,25.04.09_Botafogo,4,23.3,404,0,119,173,66,29,0,27,36,8,2,19,34,12,0,3,1,1,2,2,27,24/25
703342,Vinci Oliveira,25.04.09_Botafogo,4,26.0,1055,2,345,415,182,53,22,50,82,31,4,34,91,33,0,2,1,2,5,3,45,24/25
703343,Winicius Braga,25.04.09_Botafogo,4,26.0,1063,1,375,408,166,61,9,44,99,25,5,45,98,27,0,4,2,2,8,4,64,24/25
692169,Alexandre Paranhos,25.04.12_São Paulo,1,25.6,869,1,219,435,114,61,6,45,72,23,2,53,70,15,0,2,1,1,4,5,48,24/25
699682,Breno Leoterio,25.04.12_São Paulo,1,4.8,38,0,24,0,0,0,0,2,26,0,0,1,27,0,0,7,0,0,0,0,7,24/25
713851,Danilo Fuzaro,25.04.12_São Paulo,1,26.0,779,1,207,322,165,37,8,50,55,15,4,41,55,20,0,3,3,1,4,5,50,24/25
713017,Fernando Fernandes,25.04.12_São Paulo,1,26.5,590,2,153,234,125,38,18,23,56,15,4,25,39,27,0,0,0,0,3,3,26,24/25
714249,Franco Baralle,25.04.12_São Paulo,1,4.1,11,0,2,0,0,0,0,9,1,0,0,9,1,0,0,1,0,0,0,0,1,24/25
719376,Jeremy Hollowell,25.04.12_São Paulo,1,22.6,844,0,286,422,92,18,0,49,53,20,2,31,66,19,0,3,2,3,4,1,38,24/25
719433,Juan Arengo,25.04.12_São Paulo,1,26.6,1390,3,341,575,341,82,16,65,96,35,2,57,83,37,0,0,0,2,5,8,65,24/25
721629,Lucas Naka,25.04.12_São Paulo,1,19.2,275,0,101,95,60,5,0,22,22,6,1,24,16,7,0,9,0,0,2,0,17,24/25
719592,Scott Machado,25.04.12_São Paulo,1,24.4,1001,1,236,435,221,77,2,61,82,22,5,49,59,34,2,0,2,1,4,9,64,24/25
714226,Rafael Mineiro,25.04.12_São Paulo,1,19.5,397,0,128,176,76,4,0,21,27,10,2,13,30,13,0,0,0,1,3,0,16,24/25
703343,Winicius Braga,25.04.12_São Paulo,1,24.9,490,1,139,244,76,15,3,28,35,6,5,27,27,19,0,3,3,1,3,1,31,24/25
692169,Alexandre Paranhos,25.04.12_São Paulo,2,23.0,841,0,318,363,109,12,0,50,79,20,2,35,95,18,0,4,2,2,5,3,49,24/25
699682,Breno Leoterio,25.04.12_São Paulo,2,5.8,94,0,78,0,0,0,0,8,23,0,0,5,27,0,0,2,0,0,0,0,2,24/25
713851,Danilo Fuzaro,25.04.12_São Paulo,2,24.2,560,2,217,176,102,27,3,32,60,10,5,38,47,13,1,9,8,3,5,1,57,24/25
713017,Fernando Fernandes,25.04.12_São Paulo,2,27.5,1442,2,458,449,330,134,22,39,99,39,13,49,102,45,1,2,4,4,8,7,90,24/25
714249,Franco Baralle,25.04.12_São Paulo,2,4.3,44,0,28,0,0,0,0,12,9,0,0,21,2,0,0,0,0,0,0,0,0,24/25
719376,Jeremy Hollowell,25.04.12_São Paulo,2,21.0,803,0,291,322,133,27,0,42,45,23,1,33,58,14,0,5,2,3,3,1,40,24/25
719433,Juan Arengo,25.04.12_São Paulo,2,26.1,454,3,216,88,75,31,15,21,46,9,2,20,45,9,1,16,5,2,2,0,42,24/25
721629,Lucas Naka,25.04.12_São Paulo,2,24.8,1413,3,403,529,304,120,5,61,109,29,11,66,100,41,0,0,4,5,8,8,96,24/25
719592,Scott Machado,25.04.12_São Paulo,2,26.0,599,3,200,171,112,65,15,28,49,17,9,34,46,17,2,13,4,2,3,4,57,24/25
714226,Rafael Mineiro,25.04.12_São Paulo,2,20.9,1150,0,397,468,208,31,0,74,92,29,4,50,101,31,0,5,3,3,8,3,67,24/25
703343,Winicius Braga,25.04.12_São Paulo,2,18.4,945,0,352,432,124,3,0,50,70,18,5,47,82,17,0,7,5,5,4,4,69,24/25
692169,Alexandre Paranhos,25.04.12_São Paulo,3,16.7,471,0,176,226,49,0,0,25,40,7,0,31,41,7,0,2,1,2,3,0,19,24/25
699682,Breno Leoterio,25.04.12_São Paulo,3,4.5,41,0,27,0,0,0,0,7,19,0,0,9,18,0,0,0,0,0,0,0,0,24/25
713851,Danilo Fuzaro,25.04.12_São Paulo,3,21.0,448,0,128,221,59,23,0,26,41,10,0,23,35,12,0,11,2,1,4,1,36,24/25
713017,Fernando Fernandes,25.04.12_São Paulo,3,25.8,1324,3,401,524,273,74,9,72,88,38,10,59,101,35,0,1,2,1,7,7,70,24/25
714249,Franco Baralle,25.04.12_São Paulo,3,4.0,20,0,10,0,0,0,0,11,2,0,0,11,2,0,0,0,0,0,0,0,0,24/25
719376,Jeremy Hollowell,25.04.12_São Paulo,3,26.0,559,1,188,258,67,11,8,37,47,13,1,29,59,9,0,6,1,2,4,1,37,24/25
719433,Juan Arengo,25.04.12_São Paulo,3,26.9,1220,2,344,446,274,85,27,60,81,28,6,61,78,31,1,1,3,3,6,5,64,24/25
721629,Lucas Naka,25.04.12_São Paulo,3,26.4,566,1,160,202,125,28,23,34,44,10,5,40,38,15,0,5,6,2,5,0,43,24/25
719592,Scott Machado,25.04.12_São Paulo,3,23.1,832,0,225,364,172,44,0,60,56,21,4,44,58,21,0,5,2,1,5,5,58,24/25
714226,Rafael Mineiro,25.04.12_São Paulo,3,19.7,611,0,247,275,51,9,0,44,65,11,1,31,74,10,0,3,2,4,4,0,33,24/25
703343,Winicius Braga,25.04.12_São Paulo,3,21.9,930,0,258,535,91,17,0,63,77,23,3,41,85,22,0,3,4,2,3,5,57,24/25
692169,Alexandre Paranhos,25.04.12_São Paulo,4,19.1,417,0,162,160,62,3,0,29,54,9,0,31,54,6,0,1,1,1,1,2,19,24/25
699682,Breno Leoterio,25.04.12_São Paulo,4,10.2,132,0,99,2,0,0,0,8,47,0,1,12,46,0,0,0,0,0,0,0,0,24/25
713851,Danilo Fuzaro,25.04.12_São Paulo,4,27.1,1243,3,508,397,211,42,11,73,101,25,11,75,103,29,0,12,7,6,8,5,99,24/25
713017,Fernando Fernandes,25.04.12_São Paulo,4,26.5,1102,5,487,280,156,85,28,58,102,19,5,71,99,14,3,18,6,7,5,1,74,24/25
714249,Franco Baralle,25.04.12_São Paulo,4,4.8,91,0,64,0,0,0,0,18,15,0,0,28,6,0,0,0,0,0,0,0,0,24/25
719376,Jeremy Hollowell,25.04.12_São Paulo,4,23.5,1306,0,594,464,132,39,0,65,112,33,5,80,124,19,0,12,6,6,6,0,67,24/25
719433,Juan Arengo,25.04.12_São Paulo,4,26.1,1480,2,642,491,207,49,10,92,133,24,8,90,113,37,0,9,13,6,6,4,96,24/25
721629,Lucas Naka,25.04.12_São Paulo,4,25.0,558,1,157,191,129,27,4,49,65,15,2,58,55,13,0,22,11,1,2,3,67,24/25
719592,Scott Machado,25.04.12_São Paulo,4,24.3,1225,2,480,414,186,69,3,68,108,26,8,80,87,35,0,12,8,7,7,5,100,24/25
714226,Rafael Mineiro,25.04.12_São Paulo,4,22.9,985,0,345,379,150,56,0,49,107,20,3,49,101,24,0,14,2,4,5,3,64,24/25
703343,Winicius Braga,25.04.12_São Paulo,4,22.3,1527,0,764,536,132,19,0,74,151,40,4,63,171,29,0,6,10,8,9,4,108,24/25
692169,Alexandre Paranhos,25.04.14_Paulistano,1,26.0,858,1,254,373,132,57,8,30,71,24,3,35,71,21,0,2,1,2,3,4,43,24/25
699682,Breno Leoterio,25.04.14_Paulistano,1,5.3,16,0,11,0,0,0,0,5,6,0,0,4,7,0,0,7,0,0,0,0,8,24/25
713017,Fernando Fernandes,25.04.14_Paulistano,1,26.3,1245,2,346,423,269,152,21,46,84,32,11,46,74,37,0,0,2,3,3,8,67,24/25
714249,Franco Baralle,25.04.14_Paulistano,1,20.3,499,0,207,206,43,6,0,44,45,10,0,48,36,11,0,0,2,2,3,2,32,24/25
719376,Jeremy Hollowell,25.04.14_Paulistano,1,25.2,947,3,308,414,127,53,7,60,63,29,2,52,89,16,1,2,3,3,4,3,53,24/25
719433,Juan Arengo,25.04.14_Paulistano,1,25.6,1304,3,336,464,331,125,11,66,84,25,15,61,73,45,0,1,3,1,4,7,61,24/25
721629,Lucas Naka,25.04.14_Paulistano,1,26.2,368,2,97,111,58,59,21,24,33,8,2,26,33,7,0,7,1,1,2,0,21,24/25
719592,Scott Machado,25.04.14_Paulistano,1,26.1,743,1,228,327,111,35,19,46,50,16,10,31,56,20,0,1,1,3,6,4,60,24/25
714226,Rafael Mineiro,25.04.14_Paulistano,1,22.3,631,0,204,237,116,47,0,36,46,18,3,34,59,13,0,1,1,2,4,1,28,24/25
703343,Winicius Braga,25.04.14_Paulistano,1,23.4,579,0,168,252,101,38,0,21,44,12,8,16,47,19,0,1,1,2,2,1,22,24/25
692169,Alexandre Paranhos,25.04.14_Paulistano,2,19.7,1018,0,434,404,117,14,0,61,92,19,1,52,100,11,0,7,3,3,6,1,54,24/25
699682,Breno Leoterio,25.04.14_Paulistano,2,5.3,63,0,45,0,0,0,0,10,23,0,0,13,21,0,0,2,0,0,0,0,2,24/25
713017,Fernando Fernandes,25.04.14_Paulistano,2,25.6,1082,1,427,320,214,71,4,35,79,27,12,43,89,28,1,12,3,3,5,5,74,24/25
714249,Franco Baralle,25.04.14_Paulistano,2,20.8,698,0,275,241,108,26,0,51,59,16,0,59,44,15,0,6,1,2,4,4,48,24/25
719376,Jeremy Hollowell,25.04.14_Paulistano,2,22.7,929,0,429,339,83,31,0,57,68,25,2,47,77,21,0,9,8,5,6,1,69,24/25
719433,Juan Arengo,25.04.14_Paulistano,2,26.8,1349,2,488,471,238,56,25,77,108,31,5,82,103,34,0,5,7,5,9,3,85,24/25
721629,Lucas Naka,25.04.14_Paulistano,2,26.1,1132,6,356,341,242,102,36,48,96,27,8,62,84,31,0,4,11,2,7,6,87,24/25
719592,Scott Machado,25.04.14_Paulistano,2,24.5,962,1,320,340,213,38,2,59,85,19,6,58,77,22,0,9,5,3,6,3,69,24/25
714226,Rafael Mineiro,25.04.14_Paulistano,2,21.5,807,0,319,313,104,26,0,41,77,18,8,35,81,20,0,8,2,4,5,0,46,24/25
703343,Winicius Braga,25.04.14_Paulistano,2,24.6,1037,1,420,340,177,49,3,41,83,34,7,56,88,29,0,6,6,4,5,4,66,24/25
692169,Alexandre Paranhos,25.04.14_Paulistano,3,19.4,276,0,118,95,47,3,0,19,25,8,1,18,27,5,0,1,0,1,2,0,15,24/25
699682,Breno Leoterio,25.04.14_Paulistano,3,4.6,18,0,9,0,0,0,0,3,13,0,0,3,14,0,0,0,0,0,0,0,0,24/25
713017,Fernando Fernandes,25.04.14_Paulistano,3,26.1,844,2,236,284,230,49,16,29,55,24,7,42,49,27,0,5,2,1,2,6,51,24/25
714249,Franco Baralle,25.04.14_Paulistano,3,16.8,582,0,245,245,61,0,0,43,53,15,0,40,58,10,0,2,1,2,4,2,36,24/25
719376,Jeremy Hollowell,25.04.14_Paulistano,3,22.5,1006,0,354,486,106,21,0,57,79,31,4,50,95,21,0,3,1,0,4,8,64,24/25
719433,Juan Arengo,25.04.14_Paulistano,3,27.4,1018,3,309,398,196,43,36,52,77,20,9,46,75,26,1,2,3,1,3,7,59,24/25
721629,Lucas Naka,25.04.14_Paulistano,3,23.4,781,0,244,254,175,81,0,35,40,23,7,31,46,24,0,6,2,0,4,3,44,24/25
719592,Scott Machado,25.04.14_Paulistano,3,26.3,1013,2,286,362,227,70,30,56,62,31,6,46,61,33,0,2,1,2,6,5,59,24/25
714226,Rafael Mineiro,25.04.14_Paulistano,3,19.7,651,0,184,320,114,8,0,35,58,23,2,30,69,15,0,1,0,1,4,3,36,24/25
703343,Winicius Braga,25.04.14_Paulistano,3,18.5,874,0,270,482,94,2,0,48,66,24,3,43,82,18,0,4,2,1,4,6,54,24/25
692169,Alexandre Paranhos,25.04.14_Paulistano,4,5.5,54,0,41,0,0,0,0,8,19,0,0,8,19,0,0,0,0,0,0,0,0,24/25
699682,Breno Leoterio,25.04.14_Paulistano,4,6.5,87,0,72,1,0,0,0,8,19,0,0,11,17,0,0,0,0,0,0,0,0,24/25
713017,Fernando Fernandes,25.04.14_Paulistano,4,21.1,187,0,108,35,10,8,0,18,34,2,0,21,32,2,0,16,1,1,0,0,20,24/25
714249,Franco Baralle,25.04.14_Paulistano,4,21.4,1234,0,543,426,180,10,0,79,109,17,5,95,94,28,0,4,3,3,6,7,76,24/25
719376,Jeremy Hollowell,25.04.14_Paulistano,4,18.5,428,0,195,152,49,2,0,27,53,8,1,31,47,10,0,11,2,3,1,0,28,24/25
719433,Juan Arengo,25.04.14_Paulistano,4,26.2,1081,2,357,426,185,50,18,65,78,20,10,58,85,20,1,6,4,3,6,4,67,24/25
721629,Lucas Naka,25.04.14_Paulistano,4,23.9,665,0,179,254,142,55,0,29,58,17,0,38,52,11,0,7,8,2,4,2,55,24/25
719592,Scott Machado,25.04.14_Paulistano,4,26.0,1468,5,447,483,336,117,25,62,105,34,11,73,96,39,1,0,1,5,6,11,96,24/25
714226,Rafael Mineiro,25.04.14_Paulistano,4,22.0,1054,0,366,449,167,32,0,64,93,20,4,57,97,16,0,6,3,3,5,5,66,24/25
703343,Winicius Braga,25.04.14_Paulistano,4,18.7,1431,0,483,712,177,7,0,73,115,38,8,75,139,25,0,0,4,3,5,10,89,24/25
692169,Alexandre Paranhos,25.04.26_Mogi,1,24.7,745,1,216,391,87,19,3,51,58,21,0,37,75,14,0,2,1,2,6,1,38,24/25
699682,Breno Leoterio,25.04.26_Mogi,1,5.0,24,0,14,0,0,0,0,1,19,0,0,2,19,0,0,3,0,0,0,0,3,24/25
713851,Danilo Fuzaro,25.04.26_Mogi,1,28.1,1174,2,442,457,154,53,15,66,90,33,7,57,89,32,1,0,3,4,7,6,75,24/25
713017,Fernando Fernandes,25.04.26_Mogi,1,4.3,20,0,9,0,0,0,0,4,16,0,0,5,15,0,0,0,0,0,0,0,0,24/25
714249,Franco Baralle,25.04.26_Mogi,1,20.7,474,0,193,183,55,5,0,49,43,8,1,52,45,8,0,1,2,1,4,2,35,24/25
719376,Jeremy Hollowell,25.04.26_Mogi,1,20.0,806,0,331,374,57,9,0,56,63,17,1,50,72,10,0,3,4,2,6,0,39,24/25
719433,Juan Arengo,25.04.26_Mogi,1,24.9,1305,1,407,461,266,120,3,67,87,34,9,61,75,45,0,2,2,4,8,4,68,24/25
719592,Scott Machado,25.04.26_Mogi,1,25.5,1266,2,351,514,269,72,10,72,81,38,10,59,95,39,0,0,2,4,8,6,77,24/25
714226,Rafael Mineiro,25.04.26_Mogi,1,26.0,479,1,166,169,98,13,6,25,47,16,4,18,55,15,0,2,2,2,2,0,19,24/25
703343,Winicius Braga,25.04.26_Mogi,1,20.4,567,0,208,263,43,22,0,38,58,10,6,31,67,14,0,2,2,3,5,0,33,24/25
692169,Alexandre Paranhos,25.04.26_Mogi,2,5.4,22,0,11,0,0,0,0,5,14,0,0,6,14,0,0,0,0,0,0,0,0,24/25
699682,Breno Leoterio,25.04.26_Mogi,2,15.3,141,0,83,24,5,0,0,18,40,0,0,17,35,1,0,0,1,0,0,0,2,24/25
713851,Danilo Fuzaro,25.04.26_Mogi,2,30.7,1645,4,577,542,305,98,47,90,129,42,10,81,132,39,3,0,4,6,9,9,106,24/25
713017,Fernando Fernandes,25.04.26_Mogi,2,24.9,173,1,88,22,18,10,2,22,38,0,2,22,36,3,1,0,0,1,0,0,3,24/25
714249,Franco Baralle,25.04.26_Mogi,2,21.6,779,0,314,279,117,13,0,47,67,19,8,48,68,22,0,14,3,1,3,6,69,24/25
719376,Jeremy Hollowell,25.04.26_Mogi,2,22.1,1214,0,559,422,152,20,0,74,80,25,4,77,97,20,0,4,6,5,8,1,66,24/25
719433,Juan Arengo,25.04.26_Mogi,2,27.1,1299,3,444,439,195,118,43,63,99,25,8,54,100,30,1,6,9,5,6,2,73,24/25
719592,Scott Machado,25.04.26_Mogi,2,26.0,1409,5,509,429,262,115,32,63,97,37,13,71,94,42,0,0,6,6,7,9,104,24/25
714226,Rafael Mineiro,25.04.26_Mogi,2,25.4,1611,1,606,631,281,21,3,76,117,40,14,60,140,46,0,3,7,6,8,4,89,24/25
703343,Winicius Braga,25.04.26_Mogi,2,25.1,320,1,133,121,29,13,3,21,30,9,2,23,37,5,0,15,1,1,2,1,31,24/25
692169,Alexandre Paranhos,25.04.26_Mogi,3,26.0,1546,3,651,546,180,56,17,98,136,42,3,91,154,29,0,7,5,3,7,0,52,24/25
699682,Breno Leoterio,25.04.26_Mogi,3,17.3,733,0,477,186,10,0,0,50,88,11,0,62,96,4,0,4,8,0,0,0,21,24/25
713851,Danilo Fuzaro,25.04.26_Mogi,3,26.0,2146,3,1022,649,255,81,10,114,197,46,13,142,177,50,2,1,14,12,11,8,146,24/25
713017,Fernando Fernandes,25.04.26_Mogi,3,17.5,789,0,476,244,5,0,0,59,92,13,1,73,94,6,0,6,5,0,0,0,17,24/25
714249,Franco Baralle,25.04.26_Mogi,3,23.7,1287,0,716,283,177,20,0,93,96,13,6,77,95,17,0,22,4,3,5,3,71,24/25
719376,Jeremy Hollowell,25.04.26_Mogi,3,23.7,1714,0,846,585,144,28,0,102,134,45,3,104,162,25,0,22,6,7,6,0,77,24/25
719433,Juan Arengo,25.04.26_Mogi,3,25.9,2095,3,983,578,294,128,9,100,147,52,15,98,158,51,0,12,14,4,10,5,117,24/25
719592,Scott Machado,25.04.26_Mogi,3,26.1,1932,3,711,688,322,98,12,100,141,40,10,109,135,46,0,6,19,7,10,2,117,24/25
714226,Rafael Mineiro,25.04.26_Mogi,3,19.6,1216,0,666,360,106,3,0,61,135,21,3,73,145,17,0,17,4,1,1,1,39,24/25
703343,Winicius Braga,25.04.26_Mogi,3,20.2,1672,0,812,585,164,23,0,90,166,31,9,87,183,26,0,15,13,5,6,1,87,24/25
692169,Alexandre Paranhos,25.04.26_Mogi,4,20.8,374,0,159,126,52,5,0,22,45,6,3,24,47,5,0,2,0,0,1,1,13,24/25
699682,Breno Leoterio,25.04.26_Mogi,4,19.6,354,0,218,38,41,20,0,17,58,4,1,22,58,5,0,2,2,1,0,0,8,24/25
713851,Danilo Fuzaro,25.04.26_Mogi,4,30.3,1644,4,688,555,229,58,28,86,130,32,6,78,134,29,1,2,14,9,11,4,119,24/25
713017,Fernando Fernandes,25.04.26_Mogi,4,26.0,426,2,196,68,47,42,14,18,74,9,3,35,66,8,0,1,1,2,1,0,10,24/25
714249,Franco Baralle,25.04.26_Mogi,4,20.7,1488,0,756,465,129,15,0,94,146,23,11,133,108,35,0,7,13,7,6,5,103,24/25
719376,Jeremy Hollowell,25.04.26_Mogi,4,22.8,1202,0,602,422,81,29,0,78,103,24,5,78,121,17,0,12,9,7,6,0,75,24/25
719433,Juan Arengo,25.04.26_Mogi,4,24.0,655,0,385,119,86,16,0,30,61,12,0,48,48,10,0,17,8,4,3,0,58,24/25
719592,Scott Machado,25.04.26_Mogi,4,25.8,1643,3,673,558,259,53,11,92,130,28,6,105,123,30,0,3,14,8,10,5,121,24/25
714226,Rafael Mineiro,25.04.26_Mogi,4,26.2,937,1,400,345,112,12,6,53,108,12,4,51,107,20,0,21,2,3,2,1,49,24/25
703343,Winicius Braga,25.04.26_Mogi,4,24.2,1007,1,485,376,65,23,1,54,113,23,4,42,111,29,0,11,8,5,4,1,63,24/25
692169,Alexandre Paranhos,25.04.29_Mogi,1,24.7,540,2,159,255,69,28,9,39,41,14,4,28,48,13,0,1,0,1,4,2,29,24/25
699682,Breno Leoterio,25.04.29_Mogi,1,5.0,17,0,10,0,0,0,0,2,11,0,0,4,11,0,0,3,3,1,1,1,21,24/25
713017,Fernando Fernandes,25.04.29_Mogi,1,26.2,582,4,160,177,122,66,34,25,38,15,4,22,35,18,2,0,0,2,3,1,21,24/25
714249,Franco Baralle,25.04.29_Mogi,1,20.0,882,0,296,388,143,16,0,72,78,14,1,45,66,25,0,4,1,2,4,6,61,24/25
719376,Jeremy Hollowell,25.04.29_Mogi,1,25.5,622,2,199,287,75,30,10,36,36,14,4,41,33,15,0,3,3,2,4,0,33,24/25
719433,Juan Arengo,25.04.29_Mogi,1,26.7,1596,4,554,547,287,109,39,84,111,37,8,71,107,44,1,0,0,3,7,8,77,24/25
721629,Lucas Naka,25.04.29_Mogi,1,4.4,15,0,6,0,0,0,0,5,10,0,0,5,10,0,0,6,0,0,0,0,6,24/25
712072,Lucas Rodriguez,25.04.29_Mogi,1,23.9,532,0,132,211,134,35,0,27,43,12,3,23,40,16,0,7,4,1,2,4,45,24/25
714226,Rafael Mineiro,25.04.29_Mogi,1,23.1,726,0,223,357,96,24,0,44,60,9,3,38,59,15,0,2,1,3,4,1,34,24/25
703343,Winicius Braga,25.04.29_Mogi,1,23.3,896,0,319,410,120,12,0,52,61,23,3,50,69,21,0,1,1,3,6,3,46,24/25
709501,Yuri Neptune,25.04.29_Mogi,1,5.7,38,0,26,0,0,0,0,5,21,0,0,4,22,0,0,9,0,0,0,0,9,24/25
692169,Alexandre Paranhos,25.04.29_Mogi,2,5.0,30,0,18,0,0,0,0,4,12,0,0,8,11,0,0,0,0,0,0,0,0,24/25
699682,Breno Leoterio,25.04.29_Mogi,2,6.9,63,0,45,1,0,0,0,12,19,0,0,13,19,0,0,5,3,3,1,1,33,24/25
713017,Fernando Fernandes,25.04.29_Mogi,2,26.0,497,1,173,164,94,32,6,27,56,5,7,32,34,18,2,15,1,1,3,2,42,24/25
714249,Franco Baralle,25.04.29_Mogi,2,21.4,543,0,199,212,76,15,0,44,52,15,0,44,45,15,0,5,4,4,4,2,54,24/25
719376,Jeremy Hollowell,25.04.29_Mogi,2,19.4,786,0,312,352,79,4,0,55,66,15,1,54,70,14,0,4,4,3,4,0,39,24/25
719433,Juan Arengo,25.04.29_Mogi,2,26.0,1239,3,391,453,244,76,21,62,94,26,11,56,97,34,0,4,4,3,6,6,80,24/25
721629,Lucas Naka,25.04.29_Mogi,2,3.9,41,0,16,0,0,0,0,12,22,0,0,19,15,0,0,3,0,0,0,0,3,24/25
712072,Lucas Rodriguez,25.04.29_Mogi,2,4.8,17,0,9,0,0,0,0,7,9,0,0,10,6,0,0,10,14,0,0,0,38,24/25
714226,Rafael Mineiro,25.04.29_Mogi,2,22.2,1479,0,521,660,187,50,0,86,127,38,7,68,125,44,0,1,5,5,7,6,85,24/25
703343,Winicius Braga,25.04.29_Mogi,2,22.4,763,0,281,332,83,26,0,31,86,19,5,42,85,19,0,10,4,2,4,4,58,24/25
709501,Yuri Neptune,25.04.29_Mogi,2,21.4,1187,0,381,361,344,58,0,51,81,28,3,51,82,33,0,1,3,2,6,4,56,24/25
692169,Alexandre Paranhos,25.04.29_Mogi,3,20.4,932,0,293,461,106,33,0,47,82,26,6,49,91,24,0,2,1,2,7,4,56,24/25
699682,Breno Leoterio,25.04.29_Mogi,3,11.0,48,0,32,9,0,0,0,2,13,1,0,3,13,1,0,3,2,2,1,2,23,24/25
719592,Scott Machado,25.04.29_Mogi,3,26.6,886,2,270,333,174,61,13,40,63,26,6,47,60,26,0,6,2,3,6,2,50,24/25
713017,Fernando Fernandes,25.04.29_Mogi,3,26.1,849,3,270,275,159,95,19,37,59,25,9,37,65,25,2,1,2,1,4,3,39,24/25
714249,Franco Baralle,25.04.29_Mogi,3,18.9,823,0,338,331,95,6,0,61,68,16,4,70,61,18,0,3,3,3,3,3,41,24/25
719376,Jeremy Hollowell,25.04.29_Mogi,3,21.3,528,0,233,214,40,12,0,31,57,9,1,38,48,12,0,4,3,1,2,1,24,24/25
719433,Juan Arengo,25.04.29_Mogi,3,26.4,1465,4,491,561,241,76,47,76,95,34,6,65,92,34,1,0,1,5,6,7,75,24/25
721629,Lucas Naka,25.04.29_Mogi,3,6.8,46,0,28,1,0,0,0,10,15,1,0,12,14,0,0,2,0,0,0,0,2,24/25
712072,Lucas Rodriguez,25.04.29_Mogi,3,26.8,535,1,141,195,143,27,15,27,21,16,5,27,33,12,0,11,3,0,0,4,36,24/25
714226,Rafael Mineiro,25.04.29_Mogi,3,22.2,679,0,281,284,77,10,0,43,52,16,1,25,67,15,0,8,2,2,2,3,42,24/25
703343,Winicius Braga,25.04.29_Mogi,3,18.6,447,0,185,199,46,2,0,19,37,13,1,27,41,8,0,7,0,0,3,1,23,24/25
709501,Yuri Neptune,25.04.29_Mogi,3,17.1,84,0,53,2,8,0,0,7,33,0,1,13,29,1,0,5,1,0,0,0,6,24/25
692169,Alexandre Paranhos,25.04.29_Mogi,4,21.1,974,0,353,444,114,15,0,69,68,25,6,57,88,22,0,3,2,4,6,2,51,24/25
699682,Breno Leoterio,25.04.29_Mogi,4,23.8,921,0,289,363,160,64,0,49,73,23,6,49,78,24,0,5,3,4,5,2,55,24/25
719592,Scott Machado,25.04.29_Mogi,4,23.3,831,0,223,348,163,56,0,43,68,32,6,55,55,34,0,7,3,5,6,0,53,24/25
713017,Fernando Fernandes,25.04.29_Mogi,4,26.0,913,2,278,333,197,51,9,43,79,19,9,46,78,21,0,8,3,3,5,3,59,24/25
714249,Franco Baralle,25.04.29_Mogi,4,16.5,1109,0,514,434,73,0,0,84,89,20,1,105,80,17,0,7,7,4,3,1,49,24/25
719376,Jeremy Hollowell,25.04.29_Mogi,4,4.5,11,0,8,0,0,0,0,0,3,0,0,2,1,0,0,0,0,0,0,0,0,24/25
719433,Juan Arengo,25.04.29_Mogi,4,4.6,19,0,12,0,0,0,0,4,7,0,0,5,6,0,0,21,0,0,0,0,21,24/25
721629,Lucas Naka,25.04.29_Mogi,4,24.1,830,1,302,299,119,57,1,50,63,22,6,54,61,21,0,2,2,5,4,0,40,24/25
712072,Lucas Rodriguez,25.04.29_Mogi,4,5.3,28,0,22,0,0,0,0,3,7,0,0,5,5,0,0,18,8,0,0,0,34,24/25
714226,Rafael Mineiro,25.04.29_Mogi,4,20.7,482,0,186,204,51,17,0,32,49,9,1,33,47,9,0,11,3,2,3,1,38,24/25
703343,Winicius Braga,25.04.29_Mogi,4,20.7,1309,0,454,629,160,11,0,69,108,34,7,80,123,29,0,2,6,5,8,4,83,24/25
709501,Yuri Neptune,25.04.29_Mogi,4,6.9,48,0,32,1,0,0,0,12,16,1,0,17,15,1,0,3,0,0,0,0,3,24/25
692169,Alexandre Paranhos,25.05.01_Mogi,1,25.9,844,2,248,370,113,71,10,51,56,18,5,40,73,17,0,3,3,2,5,3,46,24/25
699682,Breno Leoterio,25.05.01_Mogi,1,5.8,68,0,48,0,0,0,0,8,28,0,0,9,28,0,0,4,0,0,0,0,4,24/25
713017,Fernando Fernandes,25.05.01_Mogi,1,5.4,47,0,33,0,0,0,0,5,19,0,0,10,14,0,0,1,0,0,0,0,1,24/25
714249,Franco Baralle,25.05.01_Mogi,1,23.5,939,0,412,319,129,31,0,59,68,20,6,61,69,19,0,4,3,3,6,2,52,24/25
719376,Jeremy Hollowell,25.05.01_Mogi,1,25.9,980,1,325,426,133,47,14,47,74,24,4,42,75,20,0,6,2,3,7,3,58,24/25
719433,Juan Arengo,25.05.01_Mogi,1,26.7,1393,3,396,559,245,108,35,67,106,21,11,60,103,34,0,1,4,3,6,7,75,24/25
712072,Lucas Rodriguez,25.05.01_Mogi,1,22.8,477,0,184,167,65,23,0,25,55,16,3,30,55,11,0,11,2,1,2,2,38,24/25
719592,Scott Machado,25.05.01_Mogi,1,28.2,1117,2,360,428,214,42,34,49,76,31,9,50,75,27,2,5,5,5,5,1,52,24/25
714226,Rafael Mineiro,25.05.01_Mogi,1,19.7,462,0,187,166,75,9,0,32,50,9,0,32,47,10,0,1,1,2,1,0,15,24/25
703342,Vinci Oliveira,25.05.01_Mogi,1,7.3,57,0,45,2,0,0,0,0,23,1,0,2,21,1,0,16,0,0,0,0,16,24/25
703343,Winicius Braga,25.05.01_Mogi,1,21.2,599,0,205,253,96,12,0,31,58,17,3,28,74,12,0,3,1,3,3,1,29,24/25
709501,Yuri Neptune,25.05.01_Mogi,1,24.9,698,1,225,235,158,43,5,33,66,13,6,37,64,21,0,4,1,1,3,3,35,24/25
692169,Alexandre Paranhos,25.05.01_Mogi,2,25.6,1176,2,391,501,137,83,8,68,89,38,7,58,110,33,0,1,2,3,8,5,73,24/25
699682,Breno Leoterio,25.05.01_Mogi,2,5.8,27,0,19,0,0,0,0,4,12,0,0,5,12,0,0,0,0,0,0,0,0,24/25
713017,Fernando Fernandes,25.05.01_Mogi,2,7.3,31,0,20,2,0,0,0,2,16,0,0,2,18,0,0,0,0,0,0,0,0,24/25
714249,Franco Baralle,25.05.01_Mogi,2,22.6,804,0,338,300,102,9,0,49,69,21,5,59,53,24,0,7,3,4,5,3,61,24/25
719376,Jeremy Hollowell,25.05.01_Mogi,2,22.8,721,0,240,308,103,34,0,42,62,21,2,34,72,18,0,5,1,2,6,2,48,24/25
719433,Juan Arengo,25.05.01_Mogi,2,26.1,1157,2,426,380,200,87,15,71,83,27,10,57,78,36,1,5,3,3,6,6,77,24/25
712072,Lucas Rodriguez,25.05.01_Mogi,2,26.8,624,2,179,233,118,47,19,35,40,18,4,29,51,14,0,13,4,2,2,3,48,24/25
719592,Scott Machado,25.05.01_Mogi,2,26.1,551,3,159,196,92,54,23,25,46,15,3,32,40,12,1,7,1,3,4,1,39,24/25
714226,Rafael Mineiro,25.05.01_Mogi,2,24.2,1461,1,507,562,269,61,2,88,121,40,6,58,142,38,0,3,4,4,7,2,63,24/25
703342,Vinci Oliveira,25.05.01_Mogi,2,7.1,46,0,32,4,0,0,0,1,24,1,0,6,19,3,0,9,1,0,0,0,11,24/25
703343,Winicius Braga,25.05.01_Mogi,2,16.8,353,0,140,149,46,0,0,23,35,6,2,16,40,7,0,9,1,1,3,1,27,24/25
709501,Yuri Neptune,25.05.01_Mogi,2,24.6,868,1,274,301,211,37,3,51,77,26,2,46,83,25,0,9,1,3,5,4,57,24/25
692169,Alexandre Paranhos,25.05.01_Mogi,3,25.3,681,1,213,295,113,26,4,38,51,14,5,29,61,20,0,4,1,1,3,5,47,24/25
699682,Breno Leoterio,25.05.01_Mogi,3,6.3,51,0,39,1,0,0,0,5,17,0,0,4,19,0,0,1,0,0,0,0,1,24/25
713017,Fernando Fernandes,25.05.01_Mogi,3,26.2,460,2,141,170,73,35,16,18,42,15,5,24,50,11,1,1,1,1,2,0,15,24/25
714249,Franco Baralle,25.05.01_Mogi,3,23.9,819,0,304,307,124,30,0,54,77,21,3,59,68,21,1,3,3,3,5,3,54,24/25
719376,Jeremy Hollowell,25.05.01_Mogi,3,26.3,653,1,170,315,106,18,18,32,51,12,5,21,62,16,0,6,1,2,3,3,42,24/25
719433,Juan Arengo,25.05.01_Mogi,3,24.9,1539,4,453,573,365,81,9,74,118,26,15,76,109,42,1,0,0,4,5,11,87,24/25
712072,Lucas Rodriguez,25.05.01_Mogi,3,24.7,848,1,212,327,197,78,4,44,43,26,11,32,56,29,0,8,1,1,4,5,53,24/25
719592,Scott Machado,25.05.01_Mogi,3,24.8,654,1,195,287,104,29,4,32,52,24,0,43,55,17,0,4,2,3,4,0,36,24/25
714226,Rafael Mineiro,25.05.01_Mogi,3,22.2,720,0,261,298,114,15,0,37,68,18,3,31,68,19,0,3,2,3,5,1,37,24/25
703342,Vinci Oliveira,25.05.01_Mogi,3,7.6,51,0,38,3,0,0,0,2,20,1,0,3,21,0,0,12,0,0,0,0,12,24/25
703343,Winicius Braga,25.05.01_Mogi,3,22.8,740,0,282,324,86,13,0,29,72,19,3,40,72,20,0,2,2,2,4,3,40,24/25
709501,Yuri Neptune,25.05.01_Mogi,3,5.2,63,0,48,0,0,0,0,5,23,0,0,8,20,0,0,11,0,0,0,0,11,24/25
692169,Alexandre Paranhos,25.05.01_Mogi,4,17.6,387,0,140,191,36,0,0,27,30,11,1,28,38,6,0,1,1,2,2,0,18,24/25
699682,Breno Leoterio,25.05.01_Mogi,4,23.0,209,0,78,72,28,16,0,13,27,3,0,17,29,3,0,1,0,0,1,0,6,24/25
713017,Fernando Fernandes,25.05.01_Mogi,4,29.6,835,1,235,304,172,57,28,30,69,22,6,29,83,20,0,7,3,2,6,2,53,24/25
714249,Franco Baralle,25.05.01_Mogi,4,20.5,698,0,321,248,75,14,0,49,52,16,4,53,45,19,0,1,2,2,5,2,42,24/25
719376,Jeremy Hollowell,25.05.01_Mogi,4,18.3,568,0,203,282,53,2,0,31,61,12,3,37,49,14,0,3,2,2,4,0,31,24/25
719433,Juan Arengo,25.05.01_Mogi,4,4.6,24,0,13,0,0,0,0,3,13,0,0,5,12,0,0,17,3,0,0,0,23,24/25
712072,Lucas Rodriguez,25.05.01_Mogi,4,4.2,28,0,17,0,0,0,0,6,12,0,0,4,15,0,0,13,7,0,0,0,27,24/25
719592,Scott Machado,25.05.01_Mogi,4,25.2,1113,2,385,467,141,52,11,74,79,32,12,57,89,38,0,1,4,6,7,2,65,24/25
714226,Rafael Mineiro,25.05.01_Mogi,4,20.5,1057,0,397,480,103,28,0,73,100,27,1,61,112,24,0,3,3,3,8,3,64,24/25
703342,Vinci Oliveira,25.05.01_Mogi,4,19.8,189,0,67,75,24,12,0,9,26,3,0,13,24,3,0,10,0,0,1,0,14,24/25
703343,Winicius Braga,25.05.01_Mogi,4,19.5,835,0,335,373,80,7,0,42,79,22,4,46,89,16,0,5,4,2,5,5,63,24/25
709501,Yuri Neptune,25.05.01_Mogi,4,21.3,375,0,142,142,62,6,0,21,43,6,0,19,38,8,0,4,1,1,2,0,18,24/25
692169,Alexandre Paranhos,25.05.09_Vasco,1,25.2,941,2,332,402,105,39,11,53,79,21,7,57,81,23,0,5,3,2,3,7,64,24/25
699682,Breno Leoterio,25.05.09_Vasco,1,5.4,46,0,30,0,0,0,0,8,22,0,0,5,25,0,0,4,1,0,0,0,6,24/25
714249,Franco Baralle,25.05.09_Vasco,1,23.3,599,0,242,223,73,18,0,41,52,13,2,60,43,12,0,8,2,3,3,4,51,24/25
719376,Jeremy Hollowell,25.05.09_Vasco,1,22.2,963,0,312,472,114,21,0,60,63,35,4,53,88,21,0,1,5,3,6,6,72,24/25
719433,Juan Arengo,25.05.09_Vasco,1,26.8,1389,2,448,568,206,87,34,85,107,28,10,70,121,27,0,3,4,3,4,2,48,24/25
721629,Lucas Naka,25.05.09_Vasco,1,4.2,17,0,5,0,0,0,0,10,8,0,0,11,8,0,0,10,0,0,0,0,10,24/25
712072,Lucas Rodriguez,25.05.09_Vasco,1,16.7,30,0,8,2,9,0,0,8,11,0,1,7,13,1,0,12,1,0,0,0,15,24/25
719592,Scott Machado,25.05.09_Vasco,1,26.3,994,1,307,391,193,53,15,46,70,26,3,57,69,26,0,4,5,3,6,3,62,24/25
714226,Rafael Mineiro,25.05.09_Vasco,1,20.6,1236,0,400,578,194,23,0,66,103,35,4,65,108,30,0,0,5,2,5,8,79,24/25
703343,Winicius Braga,25.05.09_Vasco,1,20.9,619,0,209,281,97,7,0,34,52,20,3,23,63,14,0,2,1,2,4,2,37,24/25
709501,Yuri Neptune,25.05.09_Vasco,1,26.0,517,1,216,159,81,25,7,25,55,10,2,21,55,9,1,5,4,3,3,2,40,24/25
692169,Alexandre Paranhos,25.05.09_Vasco,2,21.1,722,0,257,330,90,13,0,34,56,19,4,32,75,13,0,11,5,4,3,5,69,24/25
699682,Breno Leoterio,25.05.09_Vasco,2,5.5,92,0,74,0,0,0,0,6,25,0,0,9,23,0,0,0,0,0,0,0,0,24/25
714249,Franco Baralle,25.05.09_Vasco,2,21.4,1018,0,451,346,126,20,0,65,90,18,3,79,78,18,0,3,9,6,5,6,87,24/25
719376,Jeremy Hollowell,25.05.09_Vasco,2,24.0,840,1,353,324,107,22,1,35,67,16,2,38,62,14,0,12,2,4,4,4,68,24/25
719433,Juan Arengo,25.05.09_Vasco,2,25.9,1537,3,590,547,260,56,10,87,114,33,6,79,122,24,0,3,6,7,4,4,72,24/25
721629,Lucas Naka,25.05.09_Vasco,2,5.5,83,0,58,0,0,0,0,13,26,0,0,23,17,0,0,6,0,0,0,0,6,24/25
712072,Lucas Rodriguez,25.05.09_Vasco,2,18.2,204,0,122,44,9,1,0,20,27,5,0,27,24,4,0,13,3,1,0,0,21,24/25
719592,Scott Machado,25.05.09_Vasco,2,26.4,1194,6,400,441,168,76,55,66,87,24,9,67,91,25,0,3,9,5,7,4,85,24/25
714226,Rafael Mineiro,25.05.09_Vasco,2,23.9,1281,0,523,516,138,46,0,76,116,30,7,47,139,31,0,2,8,5,6,8,97,24/25
703343,Winicius Braga,25.05.09_Vasco,2,22.0,844,0,376,339,59,29,0,52,70,11,7,44,84,10,0,8,11,2,2,4,60,24/25
709501,Yuri Neptune,25.05.09_Vasco,2,20.0,471,0,202,139,91,11,0,26,53,10,2,18,61,5,0,18,5,2,2,2,50,24/25
692169,Alexandre Paranhos,25.05.09_Vasco,3,20.5,506,0,148,215,104,9,0,31,42,11,4,33,51,14,0,10,1,0,3,4,48,24/25
699682,Breno Leoterio,25.05.09_Vasco,3,6.6,68,0,50,2,0,0,0,7,20,1,0,6,26,0,0,0,0,0,0,0,0,24/25
714249,Franco Baralle,25.05.09_Vasco,3,23.9,1223,0,496,444,150,42,0,91,105,22,2,95,102,23,0,0,2,5,8,9,94,24/25
719376,Jeremy Hollowell,25.05.09_Vasco,3,16.6,583,0,257,225,65,0,0,32,59,12,1,33,68,7,0,6,4,3,3,1,39,24/25
719433,Juan Arengo,25.05.09_Vasco,3,26.1,1104,1,455,328,152,97,14,51,91,31,5,65,95,23,0,0,3,6,8,5,80,24/25
721629,Lucas Naka,25.05.09_Vasco,3,3.8,23,0,8,0,0,0,0,14,13,0,0,15,12,0,0,2,0,0,0,0,2,24/25
712072,Lucas Rodriguez,25.05.09_Vasco,3,19.8,141,0,65,20,25,9,0,12,23,4,1,14,28,2,0,12,1,1,0,0,16,24/25
719592,Scott Machado,25.05.09_Vasco,3,26.5,939,5,318,284,173,88,25,51,82,26,10,58,77,25,3,6,4,5,8,1,65,24/25
714226,Rafael Mineiro,25.05.09_Vasco,3,20.3,970,0,313,474,125,10,0,64,95,21,5,65,92,24,0,4,5,4,7,4,74,24/25
703343,Winicius Braga,25.05.09_Vasco,3,21.3,869,0,349,394,69,18,0,38,88,16,6,43,93,18,0,4,6,4,4,2,53,24/25
709501,Yuri Neptune,25.05.09_Vasco,3,23.1,654,0,272,242,84,17,0,45,60,12,5,31,80,9,0,6,3,4,4,1,48,24/25
692169,Alexandre Paranhos,25.05.09_Vasco,4,22.5,1162,0,572,401,66,35,0,84,124,26,6,91,130,26,0,9,5,4,8,9,108,24/25
699682,Breno Leoterio,25.05.09_Vasco,4,7.9,166,0,113,11,0,0,0,22,47,3,0,27,48,0,0,2,0,0,0,0,3,24/25
714249,Franco Baralle,25.05.09_Vasco,4,22.2,1654,0,798,529,142,27,0,117,160,31,7,167,131,28,0,1,11,13,10,9,149,24/25
719376,Jeremy Hollowell,25.05.09_Vasco,4,22.0,898,0,472,263,76,11,0,56,97,25,1,72,102,17,0,20,7,5,4,0,67,24/25
719433,Juan Arengo,25.05.09_Vasco,4,26.6,2325,3,1110,660,317,102,21,102,187,46,13,112,178,46,0,1,3,12,17,10,161,24/25
721629,Lucas Naka,25.05.09_Vasco,4,11.2,113,0,65,11,0,0,0,22,32,0,0,33,20,1,0,9,1,0,0,0,11,24/25
712072,Lucas Rodriguez,25.05.09_Vasco,4,12.4,220,0,154,22,1,0,0,20,61,3,0,27,59,1,0,19,1,0,0,0,20,24/25
719592,Scott Machado,25.05.09_Vasco,4,24.9,1490,1,661,424,241,57,6,81,136,33,13,121,118,30,0,3,16,16,6,2,119,24/25
714226,Rafael Mineiro,25.05.09_Vasco,4,21.4,1491,0,646,616,136,14,0,82,156,34,3,86,167,26,0,9,12,9,10,4,122,24/25
703343,Winicius Braga,25.05.09_Vasco,4,17.7,502,0,265,171,18,0,0,27,84,10,2,41,84,8,0,26,5,1,3,1,58,24/25
709501,Yuri Neptune,25.05.09_Vasco,4,19.5,403,0,266,51,21,4,0,32,87,7,0,47,82,2,0,21,3,2,0,0,33,24/25
692169,Alexandre Paranhos,25.05.12_Vasco,1,20.6,745,0,219,387,101,9,0,41,58,22,2,40,70,17,0,2,0,1,3,5,42,24/25
699682,Breno Leoterio,25.05.12_Vasco,1,9.2,52,0,40,5,0,0,0,3,10,1,1,5,11,0,0,2,0,0,0,0,2,24/25
713017,Fernando Fernandes,25.05.12_Vasco,1,9.8,96,0,50,31,0,0,0,6,21,0,0,13,17,0,0,1,0,0,0,0,3,24/25
714249,Franco Baralle,25.05.12_Vasco,1,20.0,470,0,196,162,66,7,0,46,45,7,1,42,38,8,0,5,2,1,4,1,36,24/25
719376,Jeremy Hollowell,25.05.12_Vasco,1,22.8,822,0,263,440,82,6,0,48,57,15,5,49,69,16,0,2,3,1,4,2,42,24/25
719433,Juan Arengo,25.05.12_Vasco,1,26.5,1116,3,289,463,249,59,28,42,83,25,3,51,80,24,0,3,3,1,3,7,59,24/25
721629,Lucas Naka,25.05.12_Vasco,1,4.3,27,0,12,0,0,0,0,11,12,0,0,9,14,0,0,2,0,0,0,0,2,24/25
712072,Lucas Rodriguez,25.05.12_Vasco,1,26.0,510,2,150,181,96,49,10,27,42,10,3,25,43,12,0,8,1,1,3,2,37,24/25
719592,Scott Machado,25.05.12_Vasco,1,26.0,912,5,200,396,185,62,34,51,59,25,8,50,64,26,0,3,3,2,5,4,55,24/25
714226,Rafael Mineiro,25.05.12_Vasco,1,26.0,1277,2,337,632,223,41,11,56,96,23,4,65,88,23,0,2,1,2,6,6,63,24/25
703343,Winicius Braga,25.05.12_Vasco,1,22.1,567,0,232,222,75,15,0,31,51,14,2,25,60,11,0,3,1,1,4,1,29,24/25
709501,Yuri Neptune,25.05.12_Vasco,1,27.0,480,1,164,154,97,20,13,33,53,7,6,35,53,13,1,4,2,2,4,0,30,24/25
692169,Alexandre Paranhos,25.05.12_Vasco,2,25.3,665,2,292,230,77,24,8,29,64,18,1,36,61,14,0,4,2,2,3,0,28,24/25
699682,Breno Leoterio,25.05.12_Vasco,2,6.9,79,0,63,2,0,0,0,5,22,0,0,10,19,0,0,1,0,0,0,0,1,24/25
713017,Fernando Fernandes,25.05.12_Vasco,2,7.4,62,0,42,5,0,0,0,5,24,1,0,7,23,0,0,0,0,0,0,0,0,24/25
714249,Franco Baralle,25.05.12_Vasco,2,19.6,969,0,379,402,129,16,0,55,74,26,6,63,76,23,0,4,5,1,5,7,73,24/25
719376,Jeremy Hollowell,25.05.12_Vasco,2,19.4,631,0,268,274,52,9,0,34,44,13,3,39,49,10,0,4,2,3,4,0,31,24/25
719433,Juan Arengo,25.05.12_Vasco,2,26.1,1527,1,498,583,240,137,9,74,119,31,8,76,104,40,0,0,3,6,6,6,80,24/25
721629,Lucas Naka,25.05.12_Vasco,2,5.1,39,0,25,0,0,0,0,9,16,0,0,13,13,0,0,3,0,0,0,0,3,24/25
712072,Lucas Rodriguez,25.05.12_Vasco,2,26.1,402,1,90,136,102,31,14,23,42,14,4,26,43,12,0,8,8,1,1,4,50,24/25
719592,Scott Machado,25.05.12_Vasco,2,25.4,887,1,305,334,141,57,8,45,66,19,7,57,67,19,0,5,6,4,6,1,57,24/25
714226,Rafael Mineiro,25.05.12_Vasco,2,25.3,932,1,283,416,166,30,3,43,69,19,6,38,80,23,0,7,3,3,5,4,61,24/25
703343,Winicius Braga,25.05.12_Vasco,2,26.4,774,2,260,330,105,35,16,42,55,17,6,47,61,17,1,8,3,2,2,6,60,24/25
709501,Yuri Neptune,25.05.12_Vasco,2,22.1,459,0,176,142,102,12,0,21,49,12,2,33,48,6,0,9,3,2,1,2,31,24/25
692169,Alexandre Paranhos,25.05.12_Vasco,3,19.6,881,0,359,342,127,11,0,49,61,22,6,34,79,16,0,4,2,2,5,3,46,24/25
699682,Breno Leoterio,25.05.12_Vasco,3,12.7,245,0,158,57,3,0,0,20,38,4,0,26,41,0,0,3,2,0,0,0,7,24/25
713017,Fernando Fernandes,25.05.12_Vasco,3,13.3,217,0,118,78,3,0,0,22,26,2,0,20,30,1,0,1,2,0,0,0,6,24/25
714249,Franco Baralle,25.05.12_Vasco,3,23.6,1052,0,494,330,134,19,0,61,85,17,7,88,81,14,0,2,9,4,5,5,80,24/25
719376,Jeremy Hollowell,25.05.12_Vasco,3,20.3,604,0,259,237,57,6,0,40,64,14,4,47,70,8,0,6,3,2,1,0,24,24/25
719433,Juan Arengo,25.05.12_Vasco,3,26.0,1318,4,544,435,203,58,18,74,95,23,10,78,105,23,0,0,8,5,9,3,83,24/25
721629,Lucas Naka,25.05.12_Vasco,3,8.7,191,0,113,51,0,0,0,22,25,1,0,34,19,1,0,3,0,0,0,0,4,24/25
712072,Lucas Rodriguez,25.05.12_Vasco,3,12.8,322,0,162,136,2,0,0,28,32,8,0,27,40,2,0,10,11,3,1,0,46,24/25
719592,Scott Machado,25.05.12_Vasco,3,26.0,1018,3,407,352,162,40,16,52,71,22,6,56,66,24,0,9,5,5,4,1,55,24/25
714226,Rafael Mineiro,25.05.12_Vasco,3,20.1,1339,0,515,566,176,28,0,69,110,32,6,50,125,31,0,2,5,6,6,3,71,24/25
703343,Winicius Braga,25.05.12_Vasco,3,21.3,712,0,311,309,44,7,0,28,95,16,1,36,89,14,0,12,4,3,3,2,47,24/25
709501,Yuri Neptune,25.05.12_Vasco,3,16.3,250,0,171,47,8,0,0,19,30,3,0,22,34,1,0,9,2,1,0,0,14,24/25
692169,Alexandre Paranhos,25.05.12_Vasco,4,23.0,995,0,361,417,117,36,0,61,96,20,8,58,96,24,0,5,4,5,5,0,50,24/25
699682,Breno Leoterio,25.05.12_Vasco,4,5.9,86,0,70,0,0,0,0,6,21,0,0,8,21,0,0,0,0,0,0,0,0,24/25
713017,Fernando Fernandes,25.05.12_Vasco,4,6.0,117,0,93,0,0,0,0,11,35,0,0,18,30,0,0,0,0,0,0,0,0,24/25
714249,Franco Baralle,25.05.12_Vasco,4,26.0,1516,1,611,554,187,42,9,106,132,33,6,136,118,32,0,2,8,6,12,8,125,24/25
719376,Jeremy Hollowell,25.05.12_Vasco,4,23.5,1417,0,537,571,179,48,0,84,130,25,7,74,140,28,0,10,11,9,4,0,74,24/25
719433,Juan Arengo,25.05.12_Vasco,4,26.2,1541,2,644,482,226,78,27,90,136,29,16,89,124,34,1,6,9,7,10,5,107,24/25
721629,Lucas Naka,25.05.12_Vasco,4,6.0,55,0,32,0,0,0,0,18,19,0,0,21,16,0,0,1,0,0,0,0,1,24/25
712072,Lucas Rodriguez,25.05.12_Vasco,4,12.8,151,0,104,14,3,0,0,17,43,0,0,22,40,0,0,23,5,0,0,0,34,24/25
719592,Scott Machado,25.05.12_Vasco,4,28.6,714,2,224,287,105,33,25,34,59,20,4,38,66,12,3,11,4,6,2,0,48,24/25
714226,Rafael Mineiro,25.05.12_Vasco,4,22.1,1376,0,579,557,139,20,0,78,143,25,7,81,148,27,0,6,5,5,1,0,36,24/25
703343,Winicius Braga,25.05.12_Vasco,4,19.8,831,0,339,379,63,5,0,49,102,18,2,38,117,13,0,19,6,3,5,2,69,24/25
709501,Yuri Neptune,25.05.12_Vasco,4,16.0,163,0,114,17,8,0,0,5,44,3,0,12,43,1,0,2,1,0,0,0,4,24/25
692169,Alexandre Paranhos,25.05.14_Vasco,1,22.3,946,0,297,416,143,51,0,45,69,32,6,40,81,28,0,3,2,1,6,5,60,24/25
699682,Breno Leoterio,25.05.14_Vasco,1,5.3,39,0,27,0,0,0,0,3,22,0,0,4,21,0,0,3,0,0,0,0,3,24/25
713851,Danilo Fuzaro,25.05.14_Vasco,1,22.7,367,0,134,126,63,20,0,18,42,8,3,17,43,11,0,5,8,1,1,1,35,24/25
713017,Fernando Fernandes,25.05.14_Vasco,1,6.8,47,0,33,1,0,0,0,4,17,1,0,8,15,0,0,0,0,0,0,0,0,24/25
714249,Franco Baralle,25.05.14_Vasco,1,24.4,820,1,274,374,87,31,3,47,64,27,2,71,70,14,0,4,3,1,4,6,59,24/25
719376,Jeremy Hollowell,25.05.14_Vasco,1,26.1,1168,1,412,531,144,26,9,62,96,27,8,54,102,30,0,0,2,5,5,6,68,24/25
719433,Juan Arengo,25.05.14_Vasco,1,23.3,400,0,142,166,56,10,0,20,40,13,1,28,38,12,0,8,2,1,3,0,25,24/25
712072,Lucas Rodriguez,25.05.14_Vasco,1,25.9,207,1,73,83,14,14,6,16,26,5,2,13,32,5,0,4,1,0,0,0,9,24/25
719592,Scott Machado,25.05.14_Vasco,1,23.3,1178,0,308,500,234,80,0,83,84,29,7,77,80,35,0,0,2,3,7,6,71,24/25
714226,Rafael Mineiro,25.05.14_Vasco,1,23.7,1051,0,365,468,145,39,0,61,80,27,4,42,96,21,0,3,2,3,5,5,60,24/25
703343,Winicius Braga,25.05.14_Vasco,1,18.9,367,0,148,166,31,2,0,24,36,4,4,19,40,9,0,4,1,1,1,0,16,24/25
709501,Yuri Neptune,25.05.14_Vasco,1,6.6,66,0,48,1,0,0,0,5,28,0,0,7,27,0,0,2,0,0,0,0,2,24/25
692169,Alexandre Paranhos,25.05.14_Vasco,2,19.8,530,0,206,208,74,5,0,38,58,12,2,28,65,13,0,6,1,2,4,1,33,24/25
699682,Breno Leoterio,25.05.14_Vasco,2,5.5,74,0,55,0,0,0,0,7,24,0,0,11,22,0,0,0,0,0,0,0,0,24/25
713851,Danilo Fuzaro,25.05.14_Vasco,2,26.0,810,3,322,256,128,36,21,44,83,13,3,28,84,19,0,1,17,4,4,5,87,24/25
713017,Fernando Fernandes,25.05.14_Vasco,2,5.2,51,0,34,0,0,0,0,10,20,0,0,11,20,0,0,0,0,0,0,0,0,24/25
714249,Franco Baralle,25.05.14_Vasco,2,23.4,1011,0,382,387,120,37,0,86,86,22,2,103,81,17,0,10,6,6,4,2,68,24/25
719376,Jeremy Hollowell,25.05.14_Vasco,2,20.6,687,0,280,269,101,8,0,36,49,21,3,35,65,12,0,10,2,2,7,1,54,24/25
719433,Juan Arengo,25.05.14_Vasco,2,26.3,1211,2,466,423,182,38,36,77,91,25,3,87,90,23,0,11,4,6,8,2,76,24/25
712072,Lucas Rodriguez,25.05.14_Vasco,2,26.3,797,1,221,287,156,77,19,39,62,24,6,37,66,25,0,14,7,2,3,6,71,24/25
719592,Scott Machado,25.05.14_Vasco,2,26.1,1009,2,312,389,170,61,17,60,85,25,7,75,71,28,0,10,3,7,9,2,79,24/25
714226,Rafael Mineiro,25.05.14_Vasco,2,21.3,1421,0,508,560,242,47,0,67,131,37,7,52,141,38,0,3,7,5,11,4,97,24/25
703343,Winicius Braga,25.05.14_Vasco,2,21.2,1003,0,403,353,162,37,0,47,85,24,6,54,91,24,0,3,6,3,4,2,55,24/25
709501,Yuri Neptune,25.05.14_Vasco,2,11.0,115,0,80,6,0,0,0,14,38,1,0,17,36,0,0,0,0,0,0,0,0,24/25
692169,Alexandre Paranhos,25.05.14_Vasco,3,26.0,864,1,285,392,103,30,8,49,83,18,5,38,87,22,0,3,3,4,3,2,40,24/25
699682,Breno Leoterio,25.05.14_Vasco,3,5.3,35,0,23,0,0,0,0,8,14,0,0,10,12,0,0,2,1,0,0,0,4,24/25
713851,Danilo Fuzaro,25.05.14_Vasco,3,30.5,739,4,262,245,108,34,46,37,63,20,4,24,73,12,1,4,9,1,5,5,69,24/25
713017,Fernando Fernandes,25.05.14_Vasco,3,6.0,66,0,45,0,0,0,0,7,28,0,0,7,30,0,0,0,0,0,0,0,0,24/25
714249,Franco Baralle,25.05.14_Vasco,3,25.5,1248,1,489,479,186,28,4,72,88,30,4,63,92,27,0,2,5,3,5,9,85,24/25
719376,Jeremy Hollowell,25.05.14_Vasco,3,19.4,1045,0,382,513,97,3,0,61,70,34,2,57,90,20,0,6,3,4,7,1,56,24/25
719433,Juan Arengo,25.05.14_Vasco,3,26.1,977,2,348,327,165,79,14,55,78,16,9,49,76,20,0,8,3,4,7,3,64,24/25
712072,Lucas Rodriguez,25.05.14_Vasco,3,8.8,69,0,47,2,0,0,0,13,29,0,0,20,25,0,0,16,1,0,0,0,19,24/25
719592,Scott Machado,25.05.14_Vasco,3,25.8,811,2,252,335,139,41,10,47,64,18,4,35,55,20,2,8,2,4,4,2,51,24/25
714226,Rafael Mineiro,25.05.14_Vasco,3,21.2,1028,0,361,460,148,18,0,51,88,29,7,37,88,34,0,5,6,3,7,4,70,24/25
703343,Winicius Braga,25.05.14_Vasco,3,19.1,668,0,227,305,101,6,0,49,54,16,0,34,62,15,0,3,2,3,3,3,44,24/25
709501,Yuri Neptune,25.05.14_Vasco,3,6.2,89,0,63,1,0,0,0,7,37,1,0,16,32,0,0,0,0,0,0,0,0,24/25
692169,Alexandre Paranhos,25.05.14_Vasco,4,5.2,26,0,15,0,0,0,0,4,18,0,0,3,20,0,0,0,0,0,0,0,3,24/25
699682,Breno Leoterio,25.05.14_Vasco,4,20.0,295,0,110,92,59,9,0,15,38,7,5,16,38,10,0,5,1,2,1,0,17,24/25
713851,Danilo Fuzaro,25.05.14_Vasco,4,21.1,619,0,219,248,81,25,0,41,73,14,1,48,61,15,0,2,12,4,3,4,71,24/25
713017,Fernando Fernandes,25.05.14_Vasco,4,20.8,293,0,151,67,39,6,0,20,39,8,2,24,41,4,0,2,1,2,0,0,12,24/25
714249,Franco Baralle,25.05.14_Vasco,4,16.1,516,0,282,169,23,0,0,41,45,9,0,43,47,4,0,12,5,3,3,1,49,24/25
719376,Jeremy Hollowell,25.05.14_Vasco,4,25.6,1089,1,418,478,102,42,4,66,74,23,7,70,82,22,0,3,6,4,8,1,66,24/25
719433,Juan Arengo,25.05.14_Vasco,4,21.5,802,0,296,324,136,13,0,43,62,17,4,46,50,22,0,9,2,2,4,5,61,24/25
712072,Lucas Rodriguez,25.05.14_Vasco,4,23.7,279,0,144,62,26,18,0,22,36,4,2,20,36,5,0,14,3,1,2,0,33,24/25
719592,Scott Machado,25.05.14_Vasco,4,26.7,1059,1,437,385,123,36,19,64,91,30,7,71,89,22,1,2,5,8,6,2,72,24/25
714226,Rafael Mineiro,25.05.14_Vasco,4,21.9,845,0,377,315,92,14,0,53,80,16,7,54,95,17,0,11,4,3,6,1,58,24/25
703343,Winicius Braga,25.05.14_Vasco,4,22.1,1358,0,490,626,156,29,0,69,128,26,7,57,138,33,0,2,6,7,4,6,78,24/25
709501,Yuri Neptune,25.05.14_Vasco,4,23.3,294,0,136,70,48,10,0,21,40,9,0,24,45,4,0,2,1,1,1,0,12,24/25
692169,Alexandre Paranhos,25.05.23_Bauru,1,21.1,721,0,192,329,120,51,0,47,46,24,3,28,63,19,0,5,1,1,3,4,41,24/25
699682,Breno Leoterio,25.05.23_Bauru,1,5.5,31,0,22,0,0,0,0,4,18,0,0,2,20,0,0,7,0,0,0,0,7,24/25
713851,Danilo Fuzaro,25.05.23_Bauru,1,26.1,1041,1,270,423,239,58,9,56,69,32,5,41,74,31,1,0,5,4,2,10,81,24/25
713017,Fernando Fernandes,25.05.23_Bauru,1,5.3,42,0,29,0,0,0,0,4,22,0,0,4,22,0,0,0,0,0,0,0,0,24/25
714249,Franco Baralle,25.05.23_Bauru,1,23.1,693,0,310,246,73,11,0,55,49,11,6,69,51,14,0,7,2,2,4,6,61,24/25
719376,Jeremy Hollowell,25.05.23_Bauru,1,20.0,902,0,278,444,132,22,0,48,58,22,1,34,66,20,0,6,4,3,2,2,41,24/25
719433,Juan Arengo,25.05.23_Bauru,1,26.5,1056,1,262,396,257,87,15,46,78,19,11,36,75,32,0,0,9,2,2,8,72,24/25
712072,Lucas Rodriguez,25.05.23_Bauru,1,23.3,541,0,218,186,75,20,0,37,58,13,6,37,57,14,0,9,4,2,2,2,42,24/25
719592,Scott Machado,25.05.23_Bauru,1,26.0,955,1,283,340,253,30,6,41,82,30,7,53,75,28,1,3,6,2,4,4,61,24/25
703343,Winicius Braga,25.05.23_Bauru,1,22.7,687,0,203,363,80,8,0,48,65,21,3,38,75,16,0,3,3,3,4,3,47,24/25
709501,Yuri Neptune,25.05.23_Bauru,1,21.3,559,0,226,179,105,8,0,36,65,13,0,46,67,13,0,3,2,1,3,2,34,24/25
692169,Alexandre Paranhos,25.05.23_Bauru,2,26.0,1163,4,412,448,140,82,22,54,106,25,8,62,119,31,0,2,2,1,6,6,68,24/25
699682,Breno Leoterio,25.05.23_Bauru,2,5.7,34,0,26,0,0,0,0,2,16,0,0,4,18,0,0,1,0,0,0,0,1,24/25
713851,Danilo Fuzaro,25.05.23_Bauru,2,20.5,430,0,163,155,63,11,0,40,58,10,2,38,53,12,0,0,11,8,2,3,74,24/25
713017,Fernando Fernandes,25.05.23_Bauru,2,6.4,70,0,45,1,0,0,0,14,33,0,0,20,31,0,0,0,0,0,0,0,0,24/25
714249,Franco Baralle,25.05.23_Bauru,2,23.9,914,0,347,358,124,26,0,50,82,15,4,70,71,15,0,8,5,2,5,5,70,24/25
719376,Jeremy Hollowell,25.05.23_Bauru,2,25.9,1332,2,567,501,154,30,13,74,98,34,7,55,124,26,1,3,9,5,4,1,57,24/25
719433,Juan Arengo,25.05.23_Bauru,2,26.0,1421,5,498,510,232,87,24,82,106,35,17,71,129,38,0,1,6,3,5,11,94,24/25
712072,Lucas Rodriguez,25.05.23_Bauru,2,23.0,337,0,141,89,64,14,0,18,46,8,1,23,43,6,0,15,5,1,1,1,36,24/25
719592,Scott Machado,25.05.23_Bauru,2,24.0,883,1,329,307,152,52,1,47,75,22,4,60,62,24,0,9,3,4,7,2,65,24/25
703343,Winicius Braga,25.05.23_Bauru,2,16.9,457,0,163,231,39,0,0,26,58,8,1,22,65,3,0,13,6,2,2,3,51,24/25
709501,Yuri Neptune,25.05.23_Bauru,2,26.4,899,1,257,334,204,55,10,49,85,16,4,42,78,20,0,6,3,3,6,4,61,24/25
692169,Alexandre Paranhos,25.05.23_Bauru,3,21.2,1098,0,399,474,163,20,0,62,72,34,3,48,97,25,0,2,2,2,4,8,67,24/25
699682,Breno Leoterio,25.05.23_Bauru,3,5.7,55,0,44,0,0,0,0,7,12,0,0,8,13,0,0,1,0,0,0,0,1,24/25
713851,Danilo Fuzaro,25.05.23_Bauru,3,25.2,725,1,241,271,137,33,3,56,61,19,4,35,64,24,0,0,2,6,3,8,71,24/25
713017,Fernando Fernandes,25.05.23_Bauru,3,5.0,44,0,27,0,0,0,0,8,22,0,0,10,20,0,0,0,0,0,0,0,0,24/25
714249,Franco Baralle,25.05.23_Bauru,3,20.2,768,0,288,274,139,10,0,62,72,12,3,72,62,17,0,6,2,1,2,7,57,24/25
719376,Jeremy Hollowell,25.05.23_Bauru,3,22.7,791,0,307,364,63,19,0,52,63,15,6,43,71,17,0,3,4,4,3,1,39,24/25
719433,Juan Arengo,25.05.23_Bauru,3,27.1,1225,4,393,481,181,89,36,55,89,21,7,50,93,23,0,0,4,2,4,8,72,24/25
712072,Lucas Rodriguez,25.05.23_Bauru,3,5.4,29,0,16,0,0,0,0,5,21,0,0,8,19,0,0,6,0,0,0,0,7,24/25
719592,Scott Machado,25.05.23_Bauru,3,26.2,742,2,224,262,153,56,12,35,49,23,4,37,62,18,1,4,3,2,6,2,49,24/25
703343,Winicius Braga,25.05.23_Bauru,3,23.2,550,0,201,264,54,5,0,32,55,11,3,31,55,14,0,6,1,2,2,2,32,24/25
709501,Yuri Neptune,25.05.23_Bauru,3,23.1,824,0,252,289,234,21,0,41,54,20,2,38,45,24,0,3,0,1,4,2,36,24/25
692169,Alexandre Paranhos,25.05.23_Bauru,4,16.1,231,0,138,61,17,0,0,12,24,5,1,7,27,5,0,2,1,0,1,1,14,24/25
699682,Breno Leoterio,25.05.23_Bauru,4,6.3,86,0,67,1,0,0,0,9,23,0,0,13,19,0,0,2,0,0,0,0,2,24/25
713851,Danilo Fuzaro,25.05.23_Bauru,4,30.4,1004,4,363,350,149,46,38,64,82,25,3,61,85,25,0,0,1,4,4,10,82,24/25
713017,Fernando Fernandes,25.05.23_Bauru,4,7.8,89,0,65,4,0,0,0,16,17,0,0,16,18,0,0,1,0,0,0,0,1,24/25
714249,Franco Baralle,25.05.23_Bauru,4,24.4,1115,1,504,431,71,30,6,92,81,20,5,97,77,20,0,0,2,5,8,4,74,24/25
719376,Jeremy Hollowell,25.05.23_Bauru,4,21.2,972,0,427,412,72,17,0,59,59,22,2,55,80,10,0,4,3,2,2,2,32,24/25
719433,Juan Arengo,25.05.23_Bauru,4,26.0,896,1,297,348,165,27,8,52,70,25,9,44,79,28,1,1,4,2,4,7,69,24/25
712072,Lucas Rodriguez,25.05.23_Bauru,4,10.5,74,0,50,8,0,0,0,10,19,1,0,13,18,1,0,7,0,0,0,0,8,24/25
719592,Scott Machado,25.05.23_Bauru,4,23.2,561,0,204,232,61,32,0,37,33,21,1,53,44,7,0,9,3,4,2,0,34,24/25
703343,Winicius Braga,25.05.23_Bauru,4,21.6,1367,0,480,646,160,36,0,75,122,24,6,67,111,31,1,0,1,2,5,12,85,24/25
709501,Yuri Neptune,25.05.23_Bauru,4,6.6,92,0,71,2,0,0,0,11,29,1,0,10,32,0,0,15,0,0,0,0,16,24/25
692169,Alexandre Paranhos,25.05.26_Bauru,1,25.1,1065,2,328,410,186,86,12,49,80,38,7,53,91,33,0,5,2,3,5,5,62,24/25
699682,Breno Leoterio,25.05.26_Bauru,1,7.0,41,0,31,2,0,0,0,2,15,0,0,4,15,0,0,6,1,0,0,0,8,24/25
713851,Danilo Fuzaro,25.05.26_Bauru,1,26.4,1322,3,379,529,242,90,23,67,104,29,11,64,99,39,0,0,3,5,5,8,79,24/25
713017,Fernando Fernandes,25.05.26_Bauru,1,5.3,28,0,20,0,0,0,0,1,14,0,0,3,12,0,0,1,0,0,0,0,1,24/25
714249,Franco Baralle,25.05.26_Bauru,1,21.1,491,0,172,211,61,8,0,53,41,8,1,43,42,10,0,11,2,2,4,1,39,24/25
719376,Jeremy Hollowell,25.05.26_Bauru,1,20.2,909,0,324,417,128,5,0,57,52,26,4,43,79,15,0,8,2,3,7,2,60,24/25
719433,Juan Arengo,25.05.26_Bauru,1,26.4,1414,3,477,485,291,78,29,70,96,32,13,67,96,38,1,0,4,2,5,11,89,24/25
712072,Lucas Rodriguez,25.05.26_Bauru,1,15.9,252,0,87,103,44,0,0,19,37,8,0,17,35,9,0,14,3,1,0,1,27,24/25
719592,Scott Machado,25.05.26_Bauru,1,22.9,852,0,201,351,182,80,0,40,61,29,6,46,65,24,0,6,4,2,4,5,65,24/25
714226,Rafael Mineiro,25.05.26_Bauru,1,0.0,0,0,0,0,0,0,0,0,0,0,0,0,0,0,0,0,0,0,0,0,0,24/25
703343,Winicius Braga,25.05.26_Bauru,1,19.7,643,0,181,279,139,18,0,28,53,16,5,29,62,12,0,2,1,2,4,1,29,24/25
709501,Yuri Neptune,25.05.26_Bauru,1,19.1,555,0,176,206,133,12,0,29,55,17,2,21,58,18,0,5,3,2,2,2,32,24/25
692169,Alexandre Paranhos,25.05.26_Bauru,2,24.4,921,1,266,372,184,55,3,44,77,15,6,34,84,22,0,7,2,2,3,6,56,24/25
699682,Breno Leoterio,25.05.26_Bauru,2,5.5,64,0,53,0,0,0,0,6,16,0,0,7,14,0,0,1,0,0,0,0,1,24/25
713851,Danilo Fuzaro,25.05.26_Bauru,2,26.0,713,1,243,207,130,78,9,39,65,15,5,41,71,14,0,0,10,3,4,6,71,24/25
713017,Fernando Fernandes,25.05.26_Bauru,2,4.6,36,0,28,0,0,0,0,2,11,0,0,4,10,0,0,0,0,0,0,0,0,24/25
714249,Franco Baralle,25.05.26_Bauru,2,21.9,996,0,397,347,173,23,0,66,69,24,4,70,61,24,0,4,6,3,3,6,66,24/25
719376,Jeremy Hollowell,25.05.26_Bauru,2,23.2,1116,0,430,469,143,38,0,52,70,27,3,62,85,18,0,5,3,4,6,2,61,24/25
719433,Juan Arengo,25.05.26_Bauru,2,26.2,1356,4,443,472,252,122,21,59,92,29,8,58,95,30,1,0,5,5,5,6,74,24/25
712072,Lucas Rodriguez,25.05.26_Bauru,2,25.8,316,1,88,94,49,61,6,12,24,7,2,17,22,7,0,14,4,1,1,2,38,24/25
719592,Scott Machado,25.05.26_Bauru,2,24.6,787,1,279,254,156,65,2,39,55,17,8,34,63,22,0,8,4,4,5,1,52,24/25
714226,Rafael Mineiro,25.05.26_Bauru,2,0.0,0,0,0,0,0,0,0,0,0,0,0,0,0,0,0,0,0,0,0,0,0,24/25
703343,Winicius Braga,25.05.26_Bauru,2,23.7,927,0,267,440,157,32,0,43,80,26,3,39,91,24,0,6,5,4,3,2,53,24/25
709501,Yuri Neptune,25.05.26_Bauru,2,21.9,334,0,95,120,79,19,0,23,41,4,3,19,34,9,0,15,1,2,1,2,34,24/25
692169,Alexandre Paranhos,25.05.26_Bauru,3,21.9,1176,0,327,648,138,13,0,66,95,25,11,63,111,28,0,1,1,1,5,9,70,24/25
699682,Breno Leoterio,25.05.26_Bauru,3,5.1,22,0,15,0,0,0,0,1,13,0,0,2,12,0,0,1,0,0,0,0,2,24/25
713851,Danilo Fuzaro,25.05.26_Bauru,3,22.9,461,0,130,189,99,12,0,33,43,15,1,32,52,9,0,2,7,3,2,2,42,24/25
713017,Fernando Fernandes,25.05.26_Bauru,3,10.4,76,0,50,8,0,0,0,5,32,5,0,9,31,1,0,1,0,0,0,0,2,24/25
714249,Franco Baralle,25.05.26_Bauru,3,22.0,772,0,285,303,122,25,0,50,58,14,4,55,61,13,0,5,3,1,2,6,53,24/25
719376,Jeremy Hollowell,25.05.26_Bauru,3,16.3,631,0,245,293,62,0,0,36,62,10,1,38,61,9,0,5,3,3,6,1,46,24/25
719433,Juan Arengo,25.05.26_Bauru,3,0.0,0,0,0,0,0,0,0,0,0,0,0,0,0,0,0,0,1,3,6,4,51,24/25
712072,Lucas Rodriguez,25.05.26_Bauru,3,6.1,27,0,15,1,0,0,0,6,14,0,0,9,12,0,0,14,3,0,0,0,20,24/25
719592,Scott Machado,25.05.26_Bauru,3,25.9,417,2,115,199,54,16,8,28,39,12,2,29,35,11,1,1,2,4,3,1,34,24/25
714226,Rafael Mineiro,25.05.26_Bauru,3,0.0,0,0,0,0,0,0,0,0,0,0,0,0,0,0,0,0,0,0,0,0,0,24/25
703343,Winicius Braga,25.05.26_Bauru,3,19.8,526,0,165,266,64,15,0,30,35,14,4,36,35,14,0,8,1,0,2,2,27,24/25
709501,Yuri Neptune,25.05.26_Bauru,3,24.3,970,1,223,401,280,35,4,47,70,27,5,39,70,26,0,3,2,2,3,3,40,24/25
692169,Alexandre Paranhos,25.05.26_Bauru,4,4.6,23,0,14,0,0,0,0,4,14,0,0,4,14,0,0,4,0,0,0,0,4,24/25
699682,Breno Leoterio,25.05.26_Bauru,4,13.3,160,0,108,21,8,0,0,7,43,4,1,11,47,0,0,2,0,0,0,0,2,24/25
713851,Danilo Fuzaro,25.05.26_Bauru,4,26.6,1743,5,657,575,267,123,45,91,123,32,9,99,125,32,2,2,3,8,6,7,93,24/25
713017,Fernando Fernandes,25.05.26_Bauru,4,13.1,281,0,140,84,12,0,0,20,63,13,2,24,76,3,0,5,1,0,0,0,7,24/25
714249,Franco Baralle,25.05.26_Bauru,4,25.8,1423,2,618,480,178,52,11,94,109,33,4,103,111,30,0,0,3,7,8,10,108,24/25
719376,Jeremy Hollowell,25.05.26_Bauru,4,4.6,25,0,16,0,0,0,0,6,12,0,0,7,10,0,0,5,0,0,0,0,5,24/25
719433,Juan Arengo,25.05.26_Bauru,4,0.0,0,0,0,0,0,0,0,0,0,0,0,0,0,0,0,2,3,5,9,4,80,24/25
712072,Lucas Rodriguez,25.05.26_Bauru,4,20.0,191,0,102,45,5,3,0,14,53,7,2,32,51,2,0,14,10,2,0,0,39,24/25
719592,Scott Machado,25.05.26_Bauru,4,4.5,38,0,25,0,0,0,0,10,10,0,0,14,6,0,0,7,2,2,1,1,26,24/25
714226,Rafael Mineiro,25.05.26_Bauru,4,20.8,1602,0,624,696,196,16,0,84,156,34,3,77,160,33,0,1,4,4,11,7,101,24/25
703343,Winicius Braga,25.05.26_Bauru,4,23.7,1651,0,651,692,207,37,0,72,133,48,9,52,174,39,0,0,4,6,8,10,104,24/25
709501,Yuri Neptune,25.05.26_Bauru,4,6.6,94,0,64,4,0,0,0,12,30,2,0,21,25,0,0,21,0,0,0,0,22,24/25
692169,Alexandre Paranhos,25.05.28_Bauru,1,22.8,841,0,246,403,112,48,0,43,63,16,7,36,71,21,0,2,1,1,4,5,48,24/25
699682,Breno Leoterio,25.05.28_Bauru,1,5.9,32,0,20,0,0,0,0,4,20,0,0,6,20,0,0,4,0,0,0,0,4,24/25
713851,Danilo Fuzaro,25.05.28_Bauru,1,21.2,892,0,279,346,197,31,0,48,78,21,8,47,79,24,0,0,4,1,3,9,66,24/25
713017,Fernando Fernandes,25.05.28_Bauru,1,6.1,49,0,35,1,0,0,0,2,29,1,0,4,30,1,0,1,0,0,0,0,1,24/25
714249,Franco Baralle,25.05.28_Bauru,1,22.0,453,0,191,143,65,15,0,31,46,8,1,44,31,12,0,7,0,1,3,3,37,24/25
719376,Jeremy Hollowell,25.05.28_Bauru,1,24.9,895,1,301,411,134,18,3,50,48,24,6,34,67,16,1,2,3,3,3,2,38,24/25
719433,Juan Arengo,25.05.28_Bauru,1,26.0,1201,1,301,489,279,90,9,59,64,30,9,45,75,35,0,1,3,0,4,8,64,24/25
712072,Lucas Rodriguez,25.05.28_Bauru,1,12.0,60,0,31,18,2,0,0,4,16,4,0,4,21,0,0,7,1,0,0,0,8,24/25
719592,Scott Machado,25.05.28_Bauru,1,26.1,1148,2,352,462,201,63,24,62,82,27,7,63,81,25,1,0,0,2,5,10,75,24/25
714226,Rafael Mineiro,25.05.28_Bauru,1,17.2,434,0,168,186,56,0,0,28,44,13,2,18,56,9,0,7,1,1,3,1,29,24/25
703343,Winicius Braga,25.05.28_Bauru,1,20.2,511,0,176,218,84,13,0,21,48,12,0,21,45,10,1,1,3,5,2,1,36,24/25
709501,Yuri Neptune,25.05.28_Bauru,1,22.2,509,0,148,202,102,30,0,29,57,12,2,23,55,15,0,7,1,0,3,3,34,24/25
692169,Alexandre Paranhos,25.05.28_Bauru,2,21.8,881,0,333,392,104,12,0,49,73,20,3,49,84,21,0,4,2,2,4,4,47,24/25
699682,Breno Leoterio,25.05.28_Bauru,2,5.8,74,0,57,0,0,0,0,10,19,0,0,11,20,0,0,1,0,0,0,0,1,24/25
713851,Danilo Fuzaro,25.05.28_Bauru,2,23.9,939,0,319,403,131,39,0,48,81,22,4,55,83,29,0,0,5,2,2,10,78,24/25
713017,Fernando Fernandes,25.05.28_Bauru,2,4.9,48,0,34,0,0,0,0,6,21,0,0,5,22,0,0,0,0,0,0,0,0,24/25
714249,Franco Baralle,25.05.28_Bauru,2,21.6,563,0,256,210,43,10,0,48,51,13,4,50,49,9,0,7,5,0,3,5,53,24/25
719376,Jeremy Hollowell,25.05.28_Bauru,2,24.0,644,0,245,261,84,28,0,38,46,9,4,28,53,10,0,7,3,2,2,0,30,24/25
719433,Juan Arengo,25.05.28_Bauru,2,28.2,1025,7,339,355,166,65,64,43,72,19,11,32,76,25,4,1,8,2,5,4,62,24/25
712072,Lucas Rodriguez,25.05.28_Bauru,2,6.3,38,0,27,1,0,0,0,3,19,1,0,4,19,0,0,6,0,0,0,0,6,24/25
719592,Scott Machado,25.05.28_Bauru,2,26.1,753,2,241,276,110,80,13,35,50,13,10,38,46,17,1,4,7,2,3,4,55,24/25
714226,Rafael Mineiro,25.05.28_Bauru,2,23.0,1007,0,364,414,141,49,0,57,74,24,7,50,87,26,0,3,4,2,7,4,64,24/25
703343,Winicius Braga,25.05.28_Bauru,2,23.1,542,0,176,267,51,28,0,29,49,10,3,24,53,11,1,7,4,2,2,2,39,24/25
709501,Yuri Neptune,25.05.28_Bauru,2,28.3,624,1,204,254,96,23,14,32,76,8,4,30,67,17,0,9,4,1,2,4,49,24/25
692169,Alexandre Paranhos,25.05.28_Bauru,3,24.7,853,1,318,359,124,14,1,38,68,24,2,45,76,18,0,2,2,1,3,5,46,24/25
699682,Breno Leoterio,25.05.28_Bauru,3,6.7,60,0,43,3,0,0,0,4,21,0,0,10,16,0,0,3,2,1,0,0,12,24/25
713851,Danilo Fuzaro,25.05.28_Bauru,3,23.3,849,0,338,350,88,20,0,51,86,30,0,63,80,17,0,2,7,3,5,8,81,24/25
713017,Fernando Fernandes,25.05.28_Bauru,3,5.4,37,0,25,0,0,0,0,3,18,0,0,4,19,0,0,0,0,0,0,0,0,24/25
714249,Franco Baralle,25.05.28_Bauru,3,19.6,838,0,403,315,58,4,0,69,73,10,2,59,73,13,0,8,3,3,6,5,69,24/25
719376,Jeremy Hollowell,25.05.28_Bauru,3,22.0,1021,0,458,380,104,22,0,75,86,30,0,82,94,17,0,4,7,5,3,1,51,24/25
719433,Juan Arengo,25.05.28_Bauru,3,5.6,31,0,25,0,0,0,0,4,8,0,0,7,6,0,0,0,0,0,0,0,1,24/25
712072,Lucas Rodriguez,25.05.28_Bauru,3,8.1,55,0,32,7,0,0,0,10,19,1,0,13,18,1,0,5,1,0,1,1,15,24/25
719592,Scott Machado,25.05.28_Bauru,3,26.4,887,1,274,344,174,38,16,53,66,19,7,48,66,23,1,8,6,2,3,5,64,24/25
714226,Rafael Mineiro,25.05.28_Bauru,3,18.0,789,0,332,339,75,2,0,51,76,21,1,50,87,12,0,11,3,2,4,2,50,24/25
703343,Winicius Braga,25.05.28_Bauru,3,23.7,730,0,292,313,64,26,0,36,71,20,3,30,87,16,0,3,5,3,2,1,34,24/25
709501,Yuri Neptune,25.05.28_Bauru,3,7.3,88,0,65,2,0,0,0,8,31,1,0,12,31,0,0,11,0,0,0,0,12,24/25
692169,Alexandre Paranhos,25.05.28_Bauru,4,26.2,712,1,271,251,115,21,12,42,68,16,4,32,77,18,0,6,2,2,3,2,39,24/25
699682,Breno Leoterio,25.05.28_Bauru,4,12.2,161,0,93,33,1,0,0,19,47,5,0,23,48,2,0,2,3,5,3,2,41,24/25
713851,Danilo Fuzaro,25.05.28_Bauru,4,24.3,1351,1,515,492,206,69,1,75,100,33,11,70,112,39,0,0,1,6,5,14,109,24/25
713017,Fernando Fernandes,25.05.28_Bauru,4,15.0,239,0,121,40,36,0,0,19,67,6,0,23,75,0,0,5,2,0,0,0,9,24/25
714249,Franco Baralle,25.05.28_Bauru,4,24.6,1256,1,556,420,151,55,3,86,91,28,7,105,89,22,0,0,6,5,5,10,94,24/25
719376,Jeremy Hollowell,25.05.28_Bauru,4,21.3,456,0,237,139,35,14,0,33,45,16,0,34,49,11,0,5,4,3,1,0,25,24/25
719433,Juan Arengo,25.05.28_Bauru,4,26.9,1266,5,534,438,126,54,45,82,98,25,4,87,95,19,0,0,6,6,6,7,90,24/25
712072,Lucas Rodriguez,25.05.28_Bauru,4,14.7,126,0,61,30,12,0,0,9,35,4,0,13,35,1,0,3,2,1,0,0,11,24/25
719592,Scott Machado,25.05.28_Bauru,4,20.8,287,0,90,133,39,4,0,18,41,8,1,20,39,7,0,19,3,1,2,1,41,24/25
714226,Rafael Mineiro,25.05.28_Bauru,4,22.5,1279,0,483,517,164,48,0,77,119,38,6,69,139,30,0,1,6,3,8,8,93,24/25
703343,Winicius Braga,25.05.28_Bauru,4,23.3,388,0,110,206,38,5,0,12,53,13,3,19,55,9,0,7,4,2,1,1,31,24/25
709501,Yuri Neptune,25.05.28_Bauru,4,10.5,210,0,148,24,0,0,0,19,61,2,1,26,62,1,0,7,1,0,0,0,8,24/25
692169,Alexandre Paranhos,25.06.07_Franca,1,23.2,705,0,182,371,108,15,0,34,56,20,2,24,65,18,0,3,0,1,6,2,39,24/25
713851,Danilo Fuzaro,25.06.07_Franca,1,21.2,564,0,182,240,86,24,0,37,60,12,2,36,60,14,0,0,7,2,2,4,50,24/25
713017,Fernando Fernandes,25.06.07_Franca,1,5.3,42,0,26,0,0,0,0,2,29,0,0,5,28,0,0,0,0,0,0,0,0,24/25
714249,Franco Baralle,25.06.07_Franca,1,17.8,471,0,202,205,33,0,0,35,45,10,4,38,37,14,0,7,2,1,2,3,37,24/25
719376,Jeremy Hollowell,25.06.07_Franca,1,17.5,914,0,312,503,65,0,0,57,66,19,3,67,79,19,0,3,1,3,6,3,53,24/25
719433,Juan Arengo,25.06.07_Franca,1,23.7,1171,0,313,491,270,60,0,56,87,21,5,45,75,26,1,0,4,1,4,7,61,24/25
712072,Lucas Rodriguez,25.06.07_Franca,1,4.8,23,0,16,0,0,0,0,2,13,0,0,2,14,0,0,3,0,0,0,0,4,24/25
719592,Scott Machado,25.06.07_Franca,1,26.2,759,1,178,333,148,70,6,43,50,19,4,41,49,24,0,0,5,1,4,5,55,24/25
714226,Rafael Mineiro,25.06.07_Franca,1,21.1,910,0,256,479,133,13,0,55,73,16,4,51,66,23,0,5,1,2,6,2,44,24/25
703343,Winicius Braga,25.06.07_Franca,1,18.7,558,0,200,290,38,3,0,30,52,16,4,34,61,12,0,4,0,2,5,0,31,24/25
709501,Yuri Neptune,25.06.07_Franca,1,20.8,465,0,161,147,115,16,0,25,52,12,3,21,49,19,0,1,1,2,2,0,20,24/25
692169,Alexandre Paranhos,25.06.07_Franca,2,20.3,854,0,323,341,124,19,0,45,87,18,6,43,87,22,0,4,4,3,3,3,50,24/25
713851,Danilo Fuzaro,25.06.07_Franca,2,25.6,916,2,327,324,151,52,6,65,87,17,4,48,94,19,0,0,4,10,6,8,100,24/25
713017,Fernando Fernandes,25.06.07_Franca,2,9.1,127,0,84,11,0,0,0,12,50,0,0,25,39,0,0,0,0,0,0,0,0,24/25
714249,Franco Baralle,25.06.07_Franca,2,25.6,1061,1,484,370,101,21,6,76,93,25,3,89,89,20,0,5,6,5,6,4,77,24/25
719376,Jeremy Hollowell,25.06.07_Franca,2,26.1,808,2,364,295,70,25,13,39,71,18,2,51,67,18,0,8,3,2,7,1,52,24/25
719433,Juan Arengo,25.06.07_Franca,2,27.2,1796,4,650,618,325,100,31,90,125,27,11,86,106,43,1,0,4,5,7,11,107,24/25
712072,Lucas Rodriguez,25.06.07_Franca,2,8.1,95,0,67,3,0,0,0,8,34,2,0,11,34,2,0,5,0,0,0,0,6,24/25
719592,Scott Machado,25.06.07_Franca,2,26.7,874,2,345,275,143,34,33,40,77,13,5,54,64,19,0,4,12,4,6,1,71,24/25
714226,Rafael Mineiro,25.06.07_Franca,2,19.6,1118,0,462,460,131,14,0,60,98,25,6,59,104,25,0,6,6,5,9,1,73,24/25
703343,Winicius Braga,25.06.07_Franca,2,20.6,694,0,263,327,60,9,0,36,76,14,2,38,85,6,0,14,3,4,4,2,59,24/25
709501,Yuri Neptune,25.06.07_Franca,2,6.8,151,0,120,2,0,0,0,11,41,1,0,16,43,0,0,3,0,0,0,0,3,24/25
692169,Alexandre Paranhos,25.06.07_Franca,3,22.5,880,0,329,373,120,19,0,49,88,14,3,47,94,14,0,3,1,2,3,6,54,24/25
713851,Danilo Fuzaro,25.06.07_Franca,3,26.1,745,1,268,244,128,56,8,40,77,13,1,33,61,24,0,1,6,4,5,4,66,24/25
713017,Fernando Fernandes,25.06.07_Franca,3,11.1,119,0,74,14,0,0,0,12,55,2,1,17,55,1,0,5,2,1,0,0,17,24/25
714249,Franco Baralle,25.06.07_Franca,3,23.8,770,0,307,283,88,51,0,52,61,16,3,55,59,16,0,7,1,2,4,5,56,24/25
719376,Jeremy Hollowell,25.06.07_Franca,3,25.4,604,1,239,265,46,9,6,41,68,14,2,41,66,10,0,6,1,2,3,2,40,24/25
719433,Juan Arengo,25.06.07_Franca,3,26.2,1312,6,497,392,198,107,66,63,96,23,11,54,97,30,0,0,1,3,5,10,83,24/25
712072,Lucas Rodriguez,25.06.07_Franca,3,18.3,81,0,40,12,4,2,0,11,33,4,1,11,36,2,0,5,0,0,0,0,5,24/25
719592,Scott Machado,25.06.07_Franca,3,22.9,675,0,203,261,144,32,0,42,51,18,5,31,45,25,0,2,9,1,2,6,60,24/25
714226,Rafael Mineiro,25.06.07_Franca,3,23.3,1343,0,448,544,234,63,0,64,117,40,6,59,123,36,0,0,1,3,7,8,81,24/25
703343,Winicius Braga,25.06.07_Franca,3,19.0,540,0,220,196,81,9,0,17,69,20,4,26,75,12,0,9,2,3,3,1,35,24/25
709501,Yuri Neptune,25.06.07_Franca,3,24.3,301,1,102,97,57,20,1,19,40,8,1,16,47,6,0,1,1,1,0,0,9,24/25
692169,Alexandre Paranhos,25.06.07_Franca,4,23.6,300,0,170,65,21,9,0,26,50,5,1,18,54,3,0,9,1,1,1,0,16,24/25
713851,Danilo Fuzaro,25.06.07_Franca,4,26.1,1292,5,472,471,178,83,29,84,102,29,6,59,109,32,0,0,0,5,5,14,108,24/25
713017,Fernando Fernandes,25.06.07_Franca,4,16.1,201,0,108,47,8,0,0,20,54,8,1,19,56,4,0,6,1,0,0,0,10,24/25
714249,Franco Baralle,25.06.07_Franca,4,23.1,1240,0,544,421,154,48,0,76,109,22,4,89,85,25,0,1,5,3,8,9,92,24/25
719376,Jeremy Hollowell,25.06.07_Franca,4,23.2,1329,0,501,591,138,36,0,84,106,36,10,76,129,28,0,2,5,6,5,6,81,24/25
719433,Juan Arengo,25.06.07_Franca,4,25.5,1322,1,552,402,222,77,4,51,115,32,5,65,114,30,0,0,5,7,6,7,88,24/25
712072,Lucas Rodriguez,25.06.07_Franca,4,19.9,160,0,99,7,15,5,0,15,45,2,1,20,41,2,0,8,1,0,0,0,11,24/25
719592,Scott Machado,25.06.07_Franca,4,20.8,521,0,205,176,97,8,0,42,47,11,1,34,45,12,0,9,8,4,3,1,51,24/25
714226,Rafael Mineiro,25.06.07_Franca,4,20.6,893,0,376,361,94,16,0,52,91,13,4,41,96,12,0,3,11,3,4,3,68,24/25
703343,Winicius Braga,25.06.07_Franca,4,20.1,682,0,240,301,89,16,0,31,73,12,5,42,80,12,0,9,7,1,3,5,61,24/25
709501,Yuri Neptune,25.06.07_Franca,4,26.2,554,3,196,160,84,47,26,26,79,14,3,33,70,16,0,12,3,2,4,1,44,24/25
692169,Alexandre Paranhos,25.06.12_Franca,1,25.2,832,1,253,422,102,15,4,59,67,22,3,51,68,25,0,5,1,1,3,7,56,24/25
699682,Breno Leoterio,25.06.12_Franca,1,5.6,40,0,30,0,0,0,0,3,16,0,0,5,14,0,0,0,0,0,0,0,0,24/25
713851,Danilo Fuzaro,25.06.12_Franca,1,26.4,706,1,205,236,158,59,14,40,62,12,4,35,57,18,0,2,8,1,2,5,56,24/25
713017,Fernando Fernandes,25.06.12_Franca,1,5.6,50,0,35,0,0,0,0,4,27,0,0,7,25,0,0,0,0,0,0,0,0,24/25
714249,Franco Baralle,25.06.12_Franca,1,22.6,578,0,214,236,82,11,0,36,51,13,3,48,44,16,0,7,1,1,1,6,49,24/25
719376,Jeremy Hollowell,25.06.12_Franca,1,24.7,856,2,248,440,88,34,5,39,83,15,6,46,83,14,1,3,3,3,5,4,57,24/25
719433,Juan Arengo,25.06.12_Franca,1,26.2,1241,2,353,474,273,81,17,58,85,26,12,57,82,34,1,0,4,2,2,10,74,24/25
721629,Lucas Naka,25.06.12_Franca,1,0.0,0,0,0,0,0,0,0,0,0,0,0,0,0,0,0,0,0,0,0,0,0,24/25
712072,Lucas Rodriguez,25.06.12_Franca,1,6.6,26,0,13,1,0,0,0,9,17,0,0,9,18,0,0,7,0,0,0,0,7,24/25
719592,Scott Machado,25.06.12_Franca,1,26.6,739,3,178,310,144,48,29,40,59,17,6,30,61,19,0,4,5,1,4,4,55,24/25
714226,Rafael Mineiro,25.06.12_Franca,1,18.5,962,0,311,456,158,3,0,55,80,25,5,36,94,26,0,4,2,3,6,4,58,24/25
703343,Winicius Braga,25.06.12_Franca,1,23.1,500,0,172,215,77,11,0,31,46,10,2,22,52,10,0,3,1,2,3,0,24,24/25
709501,Yuri Neptune,25.06.12_Franca,1,31.0,504,3,139,151,108,40,46,17,48,11,5,20,45,12,1,5,1,1,1,2,24,24/25
692169,Alexandre Paranhos,25.06.12_Franca,2,25.3,868,1,298,336,126,69,7,39,70,22,3,37,71,28,0,4,4,3,4,6,67,24/25
699682,Breno Leoterio,25.06.12_Franca,2,11.0,79,0,62,3,0,0,0,7,20,0,1,8,19,0,0,0,0,0,0,0,0,24/25
713851,Danilo Fuzaro,25.06.12_Franca,2,24.1,1488,1,456,517,343,112,3,78,113,33,8,73,105,42,0,2,1,4,5,6,67,24/25
713017,Fernando Fernandes,25.06.12_Franca,2,7.6,96,0,72,3,0,0,0,6,32,1,0,8,33,0,0,0,0,0,0,0,0,24/25
714249,Franco Baralle,25.06.12_Franca,2,5.4,77,0,59,0,0,0,0,11,14,0,0,16,12,0,0,12,9,0,0,0,31,24/25
719376,Jeremy Hollowell,25.06.12_Franca,2,22.2,662,0,246,317,61,14,0,36,46,14,2,31,60,10,0,7,4,1,3,3,48,24/25
719433,Juan Arengo,25.06.12_Franca,2,26.3,1660,6,519,595,316,114,59,75,121,29,12,75,110,39,0,0,0,5,6,10,90,24/25
721629,Lucas Naka,25.06.12_Franca,2,0.0,0,0,0,0,0,0,0,0,0,0,0,0,0,0,0,0,0,0,0,0,0,24/25
712072,Lucas Rodriguez,25.06.12_Franca,2,7.0,68,0,44,2,0,0,0,8,26,3,0,14,28,0,0,6,0,0,0,0,6,24/25
719592,Scott Machado,25.06.12_Franca,2,26.8,1330,5,374,528,239,97,40,61,94,32,8,51,103,37,1,0,1,4,7,9,88,24/25
714226,Rafael Mineiro,25.06.12_Franca,2,22.9,1091,0,389,417,188,54,0,56,98,20,8,50,105,24,0,5,3,3,5,5,65,24/25
703343,Winicius Braga,25.06.12_Franca,2,17.3,268,0,70,118,70,0,0,16,21,6,1,16,27,4,0,3,5,3,3,2,43,24/25
709501,Yuri Neptune,25.06.12_Franca,2,7.9,134,0,106,7,0,0,0,6,33,3,0,11,33,1,0,15,0,0,0,0,15,24/25
692169,Alexandre Paranhos,25.06.12_Franca,3,22.5,707,0,189,290,158,30,0,40,61,24,5,39,69,18,0,6,1,2,4,4,53,24/25
699682,Breno Leoterio,25.06.12_Franca,3,5.0,25,0,18,0,0,0,0,3,9,0,0,6,7,0,0,0,0,0,0,0,0,24/25
713851,Danilo Fuzaro,25.06.12_Franca,3,22.5,807,0,268,280,142,72,0,34,79,20,2,47,82,17,0,2,8,3,2,2,40,24/25
713017,Fernando Fernandes,25.06.12_Franca,3,7.1,48,0,36,3,0,0,0,1,14,1,0,4,14,0,0,0,0,0,0,0,0,24/25
714249,Franco Baralle,25.06.12_Franca,3,24.5,832,1,315,338,118,16,3,47,65,23,2,50,66,21,0,8,2,2,4,6,61,24/25
719376,Jeremy Hollowell,25.06.12_Franca,3,24.5,822,1,272,376,115,26,2,44,59,21,3,35,66,24,0,2,3,3,6,2,53,24/25
719433,Juan Arengo,25.06.12_Franca,3,26.0,1540,2,489,544,325,99,25,84,105,37,7,67,105,40,0,0,1,2,7,11,93,24/25
714226,Rafael Mineiro,25.06.12_Franca,3,21.4,838,0,287,333,144,30,0,49,65,19,5,39,76,15,0,2,2,5,6,0,45,24/25
712072,Lucas Rodriguez,25.06.12_Franca,3,5.8,28,0,18,0,0,0,0,4,14,0,0,6,13,0,0,3,0,0,0,0,3,24/25
719592,Scott Machado,25.06.12_Franca,3,25.6,754,3,186,239,182,106,11,25,50,18,9,35,42,25,0,4,6,2,6,3,62,24/25
703343,Winicius Braga,25.06.12_Franca,3,18.2,688,0,221,381,61,1,0,45,63,8,2,36,70,9,0,3,5,5,4,1,46,24/25
709501,Yuri Neptune,25.06.12_Franca,3,8.3,53,0,35,5,0,0,0,5,15,1,0,9,16,1,0,0,0,0,0,0,0,24/25
692169,Alexandre Paranhos,25.06.12_Franca,4,13.1,86,0,30,49,4,0,0,6,6,2,0,7,9,0,0,2,1,1,1,0,9,24/25
699682,Breno Leoterio,25.06.12_Franca,4,7.8,87,0,64,2,0,0,0,8,30,1,0,12,30,0,0,0,0,0,0,0,0,24/25
713851,Danilo Fuzaro,25.06.12_Franca,4,25.2,600,1,204,225,100,37,3,33,55,18,1,27,49,17,1,1,1,3,2,2,28,24/25
713017,Fernando Fernandes,25.06.12_Franca,4,26.0,496,2,183,192,57,17,13,37,48,14,3,32,61,7,0,2,1,1,1,0,13,24/25
714249,Franco Baralle,25.06.12_Franca,4,24.9,1378,1,541,535,173,35,5,111,107,31,6,113,104,29,0,5,6,5,5,4,71,24/25
719376,Jeremy Hollowell,25.06.12_Franca,4,5.8,19,0,11,0,0,0,0,2,12,0,0,5,9,0,0,5,0,0,0,0,5,24/25
719433,Juan Arengo,25.06.12_Franca,4,22.5,478,0,196,139,87,16,0,23,60,13,3,30,64,10,0,7,18,1,2,1,59,24/25
714226,Rafael Mineiro,25.06.12_Franca,4,21.4,1290,0,587,438,176,8,0,84,117,19,3,81,101,22,0,5,6,8,9,0,78,24/25
712072,Lucas Rodriguez,25.06.12_Franca,4,21.9,568,0,231,165,97,31,0,30,64,14,3,30,64,16,0,12,4,1,3,1,38,24/25
719592,Scott Machado,25.06.12_Franca,4,26.0,1023,1,308,348,209,102,11,46,81,28,6,47,77,31,0,9,5,4,10,2,83,24/25
703343,Winicius Braga,25.06.12_Franca,4,20.3,1666,0,591,756,236,21,0,81,149,38,5,77,175,28,0,6,7,6,5,3,71,24/25
709501,Yuri Neptune,25.06.12_Franca,4,26.2,785,1,325,226,144,35,11,41,83,21,5,41,84,19,0,4,1,2,2,2,32,24/25
721629,Lucas Naka,25.06.14_Franca,1,5.1,32,0,22,0,0,0,0,4,17,0,0,5,17,0,0,15,3,0,0,0,22,24/25
699682,Breno Leoterio,25.06.14_Franca,1,5.1,33,0,23,0,0,0,0,2,17,0,0,3,17,0,0,2,2,2,3,3,33,24/25
713851,Danilo Fuzaro,25.06.14_Franca,1,21.4,1127,0,400,431,206,34,0,64,101,32,5,62,104,27,0,0,0,1,7,8,73,24/25
713017,Fernando Fernandes,25.06.14_Franca,1,9.7,87,0,56,10,0,0,0,8,34,3,0,10,37,0,0,0,0,0,0,0,0,24/25
714249,Franco Baralle,25.06.14_Franca,1,20.0,586,0,252,247,38,7,0,50,59,16,2,59,60,12,0,5,1,2,4,3,45,24/25
719376,Jeremy Hollowell,25.06.14_Franca,1,23.3,1157,0,397,531,136,38,0,56,96,37,4,59,124,18,0,0,1,5,8,5,76,24/25
719433,Juan Arengo,25.06.14_Franca,1,26.1,966,1,313,388,159,54,13,49,75,18,7,60,55,30,0,3,5,2,4,6,62,24/25
712072,Lucas Rodriguez,25.06.14_Franca,1,8.9,68,0,41,11,0,0,0,8,24,2,0,11,26,0,0,5,1,0,0,0,8,24/25
719592,Scott Machado,25.06.14_Franca,1,27.1,798,3,225,303,178,44,23,42,51,24,4,33,55,25,0,3,5,4,5,2,57,24/25
714226,Rafael Mineiro,25.06.14_Franca,1,26.0,1252,1,395,582,166,50,7,58,113,38,4,65,125,24,0,1,3,5,8,2,64,24/25
703343,Winicius Braga,25.06.14_Franca,1,19.8,646,0,256,309,50,7,0,37,63,9,2,30,65,13,0,2,1,2,4,1,36,24/25
709501,Yuri Neptune,25.06.14_Franca,1,20.5,158,0,76,29,20,14,0,11,29,1,0,11,28,1,0,8,1,0,0,0,9,24/25
721629,Lucas Naka,25.06.14_Franca,2,10.0,70,0,51,3,0,0,0,4,27,0,1,10,22,0,0,21,2,0,0,0,25,24/25
699682,Breno Leoterio,25.06.14_Franca,2,12.1,104,0,78,6,1,0,0,10,23,1,2,19,21,1,0,1,0,0,0,0,1,24/25
713851,Danilo Fuzaro,25.06.14_Franca,2,25.5,993,3,335,311,226,50,13,57,80,27,7,58,86,23,0,0,7,5,7,6,87,24/25
713017,Fernando Fernandes,25.06.14_Franca,2,10.1,73,0,43,6,0,0,0,11,34,1,0,16,29,0,0,0,0,0,0,0,0,24/25
714249,Franco Baralle,25.06.14_Franca,2,22.4,1008,0,473,378,88,18,0,69,81,15,2,81,65,18,0,6,5,3,4,7,78,24/25
719376,Jeremy Hollowell,25.06.14_Franca,2,23.1,638,0,303,253,38,7,0,40,74,8,2,35,77,10,0,14,2,3,5,1,51,24/25
719433,Juan Arengo,25.06.14_Franca,2,26.2,1653,5,539,572,303,141,36,81,115,36,14,70,111,43,0,0,3,5,8,9,98,24/25
712072,Lucas Rodriguez,25.06.14_Franca,2,20.7,135,0,68,25,6,9,0,20,35,3,1,22,36,1,0,7,2,0,0,0,11,24/25
719592,Scott Machado,25.06.14_Franca,2,26.3,522,2,203,166,66,42,9,27,53,5,5,33,42,13,0,16,3,4,3,0,44,24/25
714226,Rafael Mineiro,25.06.14_Franca,2,20.2,1133,0,388,501,164,22,0,65,109,36,6,48,118,29,0,5,4,5,10,0,70,24/25
703343,Winicius Braga,25.06.14_Franca,2,23.8,1128,0,399,504,152,37,0,48,90,23,3,49,99,22,0,5,4,3,5,7,81,24/25
709501,Yuri Neptune,25.06.14_Franca,2,19.8,586,0,235,176,122,14,0,28,78,14,1,37,74,13,0,9,1,1,4,1,33,24/25
721629,Lucas Naka,25.06.14_Franca,3,10.0,41,0,22,11,0,0,0,2,18,1,0,5,18,0,0,11,1,0,0,0,14,24/25
699682,Breno Leoterio,25.06.14_Franca,3,9.7,19,0,9,3,0,0,0,0,9,1,1,2,11,0,0,0,0,0,0,0,0,24/25
713851,Danilo Fuzaro,25.06.14_Franca,3,24.5,1128,1,280,471,241,97,1,52,78,29,5,52,82,31,0,0,3,3,4,7,62,24/25
713017,Fernando Fernandes,25.06.14_Franca,3,10.2,69,0,40,10,0,0,0,8,31,1,0,8,32,1,0,1,0,0,0,0,1,24/25
714249,Franco Baralle,25.06.14_Franca,3,19.1,991,0,419,433,83,7,0,73,80,13,4,68,76,21,0,0,3,1,3,9,69,24/25
719376,Jeremy Hollowell,25.06.14_Franca,3,15.0,356,0,162,168,14,0,0,19,25,5,2,20,27,2,0,1,2,2,1,0,16,24/25
719433,Juan Arengo,25.06.14_Franca,3,26.6,1390,3,396,545,274,98,23,102,93,38,6,87,90,38,1,0,0,3,6,8,73,24/25
712072,Lucas Rodriguez,25.06.14_Franca,3,14.2,71,0,41,12,4,0,0,5,26,1,0,5,25,1,0,3,0,0,0,0,4,24/25
719592,Scott Machado,25.06.14_Franca,3,18.7,190,0,72,71,28,3,0,15,20,3,2,17,22,4,0,4,1,2,0,0,12,24/25
714226,Rafael Mineiro,25.06.14_Franca,3,23.3,1020,0,356,431,164,29,0,65,81,32,3,53,101,22,0,4,2,2,7,2,52,24/25
703343,Winicius Braga,25.06.14_Franca,3,19.9,1076,0,325,605,105,12,0,59,87,16,3,46,96,21,0,2,3,2,2,7,60,24/25
709501,Yuri Neptune,25.06.14_Franca,3,26.1,622,1,232,236,95,17,11,39,54,12,6,28,57,18,0,2,2,4,3,0,30,24/25
721629,Lucas Naka,25.06.14_Franca,4,20.4,157,0,76,22,29,14,0,6,28,3,0,11,21,3,0,13,1,1,0,0,17,24/25
699682,Breno Leoterio,25.06.14_Franca,4,26.0,191,1,100,43,5,11,13,16,32,0,0,15,29,3,0,3,2,2,1,1,19,24/25
713851,Danilo Fuzaro,25.06.14_Franca,4,26.6,1340,2,544,425,202,56,24,88,118,28,5,90,114,31,1,4,10,10,6,0,79,24/25
713017,Fernando Fernandes,25.06.14_Franca,4,26.3,186,2,77,28,10,21,22,17,29,3,1,22,27,5,0,1,0,1,0,0,4,24/25
714249,Franco Baralle,25.06.14_Franca,4,25.3,1448,3,606,521,167,44,11,97,114,27,9,123,101,35,0,5,7,5,8,10,119,24/25
719376,Jeremy Hollowell,25.06.14_Franca,4,6.8,11,0,5,3,0,0,0,0,6,0,0,1,5,0,0,0,0,0,0,0,1,24/25
719433,Juan Arengo,25.06.14_Franca,4,25.0,1539,2,609,506,237,104,3,99,119,41,10,85,120,44,2,4,12,8,8,5,109,24/25
712072,Lucas Rodriguez,25.06.14_Franca,4,22.3,146,0,59,40,9,15,0,13,36,7,0,17,36,3,0,7,0,1,0,0,13,24/25
719592,Scott Machado,25.06.14_Franca,4,8.8,25,0,8,7,0,0,0,11,6,0,0,11,6,0,0,1,0,0,0,0,1,24/25
714226,Rafael Mineiro,25.06.14_Franca,4,22.7,1450,0,610,567,166,36,0,82,138,37,5,81,152,29,0,7,8,8,10,2,97,24/25
703343,Winicius Braga,25.06.14_Franca,4,22.0,982,0,383,436,115,10,0,50,84,19,7,52,97,19,0,9,5,4,7,5,80,24/25
709501,Yuri Neptune,25.06.14_Franca,4,26.1,1100,1,439,310,217,70,10,53,94,23,7,49,102,23,0,12,7,5,6,1,66,24/25
692169,Alexandre Paranhos,25.06.18_Franca,1,22.6,576,0,195,270,53,9,0,45,62,18,0,37,71,11,1,2,2,3,3,2,38,24/25
713851,Danilo Fuzaro,25.06.18_Franca,1,26.9,810,3,325,253,91,68,29,45,60,17,1,42,65,16,0,5,9,3,5,2,64,24/25
713017,Fernando Fernandes,25.06.18_Franca,1,5.9,69,0,45,0,0,0,0,9,42,0,0,10,42,0,0,2,0,0,0,0,2,24/25
714249,Franco Baralle,25.06.18_Franca,1,24.3,1201,1,491,431,166,40,1,84,84,23,6,91,85,23,0,4,3,3,5,9,84,24/25
719376,Jeremy Hollowell,25.06.18_Franca,1,25.2,1002,1,309,524,93,32,5,59,75,21,3,47,85,21,0,3,4,7,6,3,69,24/25
719433,Juan Arengo,25.06.18_Franca,1,0.0,0,0,0,0,0,0,0,0,0,0,0,0,0,0,0,0,0,0,0,0,0,24/25
712072,Lucas Rodriguez,25.06.18_Franca,1,5.2,31,0,19,0,0,0,0,6,22,0,0,4,24,0,0,3,0,0,0,0,3,24/25
719592,Scott Machado,25.06.18_Franca,1,27.1,597,2,146,232,125,39,23,35,57,14,6,36,54,17,1,9,1,2,6,2,51,24/25
714226,Rafael Mineiro,25.06.18_Franca,1,22.0,1319,0,415,635,172,43,0,67,109,32,4,55,128,26,0,3,5,4,7,6,80,24/25
703343,Winicius Braga,25.06.18_Franca,1,22.5,1063,0,307,456,226,42,0,47,78,25,6,47,81,27,0,5,5,2,5,6,73,24/25
709501,Yuri Neptune,25.06.18_Franca,1,5.7,92,0,66,0,0,0,0,12,42,0,0,15,40,0,0,10,0,0,0,0,10,24/25
692169,Alexandre Paranhos,25.06.18_Franca,2,19.6,650,0,240,279,78,9,0,44,67,14,2,38,71,18,0,10,3,2,2,4,50,24/25
713851,Danilo Fuzaro,25.06.18_Franca,2,26.2,1492,1,481,567,281,74,14,76,120,37,7,81,112,39,0,0,3,7,4,11,97,24/25
713017,Fernando Fernandes,25.06.18_Franca,2,10.7,127,0,83,11,0,0,0,15,46,1,0,19,46,0,0,1,0,0,0,0,3,24/25
714249,Franco Baralle,25.06.18_Franca,2,21.3,1179,0,546,420,138,7,0,82,91,24,6,93,84,23,0,4,5,4,4,7,79,24/25
719376,Jeremy Hollowell,25.06.18_Franca,2,17.4,474,0,231,179,35,0,0,32,48,10,1,39,47,8,0,10,3,2,2,0,34,24/25
719433,Juan Arengo,25.06.18_Franca,2,0.0,0,0,0,0,0,0,0,0,0,0,0,0,0,0,0,0,0,0,0,0,0,24/25
712072,Lucas Rodriguez,25.06.18_Franca,2,7.3,76,0,47,2,0,0,0,13,27,2,0,21,25,0,0,3,0,0,0,0,3,24/25
719592,Scott Machado,25.06.18_Franca,2,23.5,292,0,79,124,58,12,0,22,24,5,3,20,23,10,0,11,10,1,1,2,46,24/25
714226,Rafael Mineiro,25.06.18_Franca,2,22.1,1403,0,464,697,176,14,0,80,116,32,2,69,129,26,0,3,5,6,6,5,79,24/25
703343,Winicius Braga,25.06.18_Franca,2,18.0,521,0,181,275,44,0,0,35,34,14,1,31,39,11,0,14,5,1,2,3,50,24/25
709501,Yuri Neptune,25.06.18_Franca,2,5.9,90,0,72,0,0,0,0,9,29,0,0,13,26,0,0,1,0,0,0,0,1,24/25
692169,Alexandre Paranhos,25.06.18_Franca,3,24.0,913,0,362,382,103,19,0,54,85,17,7,61,90,21,0,4,3,1,5,4,55,24/25
713851,Danilo Fuzaro,25.06.18_Franca,3,25.8,1011,1,340,388,216,18,4,61,79,29,5,53,91,23,1,1,9,3,2,9,83,24/25
713017,Fernando Fernandes,25.06.18_Franca,3,13.0,129,0,81,10,2,0,0,17,55,1,0,26,49,1,0,1,0,0,0,0,1,24/25
714249,Franco Baralle,25.06.18_Franca,3,23.6,1373,0,564,531,164,26,0,78,129,20,6,89,104,25,1,1,6,2,7,9,91,24/25
719376,Jeremy Hollowell,25.06.18_Franca,3,18.6,434,0,206,177,20,4,0,25,44,12,1,27,48,6,0,6,2,3,1,0,22,24/25
719433,Juan Arengo,25.06.18_Franca,3,0.0,0,0,0,0,0,0,0,0,0,0,0,0,0,0,0,0,0,0,0,0,0,24/25
712072,Lucas Rodriguez,25.06.18_Franca,3,8.5,110,0,72,5,0,0,0,10,40,2,0,21,36,1,0,10,0,0,0,0,11,24/25
719592,Scott Machado,25.06.18_Franca,3,14.7,137,0,76,29,7,0,0,24,21,1,2,24,21,3,0,20,3,0,0,0,27,24/25
714226,Rafael Mineiro,25.06.18_Franca,3,23.3,1285,0,501,559,143,26,0,81,108,29,8,81,131,20,0,3,5,3,8,4,79,24/25
703343,Winicius Braga,25.06.18_Franca,3,18.9,606,0,192,299,85,2,0,21,64,24,2,32,73,11,0,15,3,1,3,3,50,24/25
709501,Yuri Neptune,25.06.18_Franca,3,13.1,86,0,53,11,4,0,0,9,23,1,0,12,23,1,0,1,1,0,0,0,2,24/25
692169,Alexandre Paranhos,25.06.18_Franca,4,20.8,845,0,333,361,97,12,0,56,68,18,3,56,75,19,0,8,2,2,4,6,61,24/25
713851,Danilo Fuzaro,25.06.18_Franca,4,26.0,856,1,346,287,129,33,6,57,76,24,2,55,79,20,0,1,9,7,4,4,78,24/25
713017,Fernando Fernandes,25.06.18_Franca,4,5.6,82,0,53,0,0,0,0,18,34,0,0,25,30,0,0,0,0,0,0,0,0,24/25
714249,Franco Baralle,25.06.18_Franca,4,21.9,1031,0,443,370,141,18,0,69,75,23,7,81,75,17,0,8,5,3,7,3,68,24/25
719376,Jeremy Hollowell,25.06.18_Franca,4,21.8,1095,0,361,540,122,22,0,59,90,22,10,58,97,24,0,5,4,7,6,4,76,24/25
719433,Juan Arengo,25.06.18_Franca,4,0.0,0,0,0,0,0,0,0,0,0,0,0,0,0,0,0,0,0,0,0,0,0,24/25
712072,Lucas Rodriguez,25.06.18_Franca,4,5.3,46,0,25,0,0,0,0,12,26,0,0,12,27,0,0,6,0,0,0,0,6,24/25
719592,Scott Machado,25.06.18_Franca,4,26.8,670,2,206,276,116,23,18,32,56,19,5,38,63,17,1,10,4,2,7,2,59,24/25
714226,Rafael Mineiro,25.06.18_Franca,4,26.2,989,1,390,412,123,8,7,56,90,27,4,54,100,23,0,8,5,3,7,2,66,24/25
703343,Winicius Braga,25.06.18_Franca,4,14.1,103,0,52,25,16,0,0,5,19,3,1,7,22,1,0,16,1,0,0,0,19,24/25
709501,Yuri Neptune,25.06.18_Franca,4,7.3,70,0,49,2,0,0,0,8,23,1,0,12,23,0,0,1,0,0,0,0,1,24/25
